--
-- PostgreSQL database dump
--

\restrict cQmddURvgrX2OCyknSsI99C0O8s4O5sRNJ2cpCoqd2c2ZCkbqPmKHlIafhRl05s

-- Dumped from database version 16.14 (Ubuntu 16.14-0ubuntu0.24.04.1)
-- Dumped by pg_dump version 16.14 (Ubuntu 16.14-0ubuntu0.24.04.1)

SET statement_timeout = 0;
SET lock_timeout = 0;
SET idle_in_transaction_session_timeout = 0;
SET client_encoding = 'UTF8';
SET standard_conforming_strings = on;
SELECT pg_catalog.set_config('search_path', '', false);
SET check_function_bodies = false;
SET xmloption = content;
SET client_min_messages = warning;
SET row_security = off;

ALTER TABLE IF EXISTS ONLY public.ventas_ordenventa DROP CONSTRAINT IF EXISTS ventas_ordenventa_vendedor_id_058de01d_fk_auth_user_id;
ALTER TABLE IF EXISTS ONLY public.ventas_ordenventa DROP CONSTRAINT IF EXISTS ventas_ordenventa_sucursal_id_59ae853d_fk_preferenc;
ALTER TABLE IF EXISTS ONLY public.ventas_ordenventa DROP CONSTRAINT IF EXISTS ventas_ordenventa_pedido_origen_id_12fc79cd_fk_pedidos_p;
ALTER TABLE IF EXISTS ONLY public.ventas_ordenventa DROP CONSTRAINT IF EXISTS ventas_ordenventa_parent_orden_id_06f86c7f_fk_ventas_or;
ALTER TABLE IF EXISTS ONLY public.ventas_ordenventa DROP CONSTRAINT IF EXISTS ventas_ordenventa_empresa_id_cccf5f3d_fk_panel_empresa_id;
ALTER TABLE IF EXISTS ONLY public.ventas_ordenventa DROP CONSTRAINT IF EXISTS ventas_ordenventa_cliente_id_fc8eed4a_fk_clientes_cliente_id;
ALTER TABLE IF EXISTS ONLY public.ventas_ordenventa DROP CONSTRAINT IF EXISTS ventas_ordenventa_almacen_id_a3c31ad1_fk_almacenes_almacen_id;
ALTER TABLE IF EXISTS ONLY public.ventas_detalleordenventa DROP CONSTRAINT IF EXISTS ventas_detalleordenv_producto_id_ef240449_fk_core_prod;
ALTER TABLE IF EXISTS ONLY public.ventas_detalleordenventa DROP CONSTRAINT IF EXISTS ventas_detalleordenv_orden_venta_id_28f11661_fk_ventas_or;
ALTER TABLE IF EXISTS ONLY public.tesoreria_pagopedido DROP CONSTRAINT IF EXISTS tesoreria_pagopedido_sucursal_id_24d3256a_fk_preferenc;
ALTER TABLE IF EXISTS ONLY public.tesoreria_pagopedido DROP CONSTRAINT IF EXISTS tesoreria_pagopedido_pedido_id_828dccf5_fk_pedidos_pedido_id;
ALTER TABLE IF EXISTS ONLY public.tesoreria_pagopedido DROP CONSTRAINT IF EXISTS tesoreria_pagopedido_moneda_id_72f8b340_fk_preferenc;
ALTER TABLE IF EXISTS ONLY public.tesoreria_pagopedido DROP CONSTRAINT IF EXISTS tesoreria_pagopedido_empresa_id_97b48e5f_fk_panel_empresa_id;
ALTER TABLE IF EXISTS ONLY public.tesoreria_pagopedido DROP CONSTRAINT IF EXISTS tesoreria_pagopedido_caja_banco_id_df36876e_fk_tesoreria;
ALTER TABLE IF EXISTS ONLY public.tesoreria_pagocompra DROP CONSTRAINT IF EXISTS tesoreria_pagocompra_sucursal_id_88c2b429_fk_preferenc;
ALTER TABLE IF EXISTS ONLY public.tesoreria_pagocompra DROP CONSTRAINT IF EXISTS tesoreria_pagocompra_orden_compra_id_4e10451f_fk_compras_o;
ALTER TABLE IF EXISTS ONLY public.tesoreria_pagocompra DROP CONSTRAINT IF EXISTS tesoreria_pagocompra_moneda_id_5a46a304_fk_preferenc;
ALTER TABLE IF EXISTS ONLY public.tesoreria_pagocompra DROP CONSTRAINT IF EXISTS tesoreria_pagocompra_empresa_id_67829c90_fk_panel_empresa_id;
ALTER TABLE IF EXISTS ONLY public.tesoreria_pagocompra DROP CONSTRAINT IF EXISTS tesoreria_pagocompra_caja_banco_id_bbea5526_fk_tesoreria;
ALTER TABLE IF EXISTS ONLY public.tesoreria_ingreso DROP CONSTRAINT IF EXISTS tesoreria_ingreso_sucursal_id_6b893572_fk_preferenc;
ALTER TABLE IF EXISTS ONLY public.tesoreria_ingreso DROP CONSTRAINT IF EXISTS tesoreria_ingreso_pago_pedido_id_cd41cad8_fk_tesoreria;
ALTER TABLE IF EXISTS ONLY public.tesoreria_ingreso DROP CONSTRAINT IF EXISTS tesoreria_ingreso_moneda_id_ed2389c9_fk_preferencias_moneda_id;
ALTER TABLE IF EXISTS ONLY public.tesoreria_ingreso DROP CONSTRAINT IF EXISTS tesoreria_ingreso_empresa_id_9dad1036_fk_panel_empresa_id;
ALTER TABLE IF EXISTS ONLY public.tesoreria_ingreso DROP CONSTRAINT IF EXISTS tesoreria_ingreso_caja_banco_id_ca7e9018_fk_tesoreria;
ALTER TABLE IF EXISTS ONLY public.tesoreria_egreso DROP CONSTRAINT IF EXISTS tesoreria_egreso_sucursal_id_604e67d1_fk_preferenc;
ALTER TABLE IF EXISTS ONLY public.tesoreria_egreso DROP CONSTRAINT IF EXISTS tesoreria_egreso_pago_compra_id_dc1ae9eb_fk_tesoreria;
ALTER TABLE IF EXISTS ONLY public.tesoreria_egreso DROP CONSTRAINT IF EXISTS tesoreria_egreso_moneda_id_83bdbfdf_fk_preferencias_moneda_id;
ALTER TABLE IF EXISTS ONLY public.tesoreria_egreso DROP CONSTRAINT IF EXISTS tesoreria_egreso_empresa_id_bce47c13_fk_panel_empresa_id;
ALTER TABLE IF EXISTS ONLY public.tesoreria_egreso DROP CONSTRAINT IF EXISTS tesoreria_egreso_caja_banco_id_badd26d0_fk_tesoreria;
ALTER TABLE IF EXISTS ONLY public.tesoreria_cajabanco DROP CONSTRAINT IF EXISTS tesoreria_cajabanco_sucursal_id_5c31a139_fk_preferenc;
ALTER TABLE IF EXISTS ONLY public.tesoreria_cajabanco DROP CONSTRAINT IF EXISTS tesoreria_cajabanco_moneda_id_68e091d7_fk_preferenc;
ALTER TABLE IF EXISTS ONLY public.tesoreria_cajabanco DROP CONSTRAINT IF EXISTS tesoreria_cajabanco_empresa_id_2011dc82_fk_panel_empresa_id;
ALTER TABLE IF EXISTS ONLY public.solicitudcompras_solicitudcompra DROP CONSTRAINT IF EXISTS solicitudcompras_sol_sucursal_id_6ffc068e_fk_preferenc;
ALTER TABLE IF EXISTS ONLY public.solicitudcompras_solicitudcompra DROP CONSTRAINT IF EXISTS solicitudcompras_sol_solicitante_id_b0c98987_fk_auth_user;
ALTER TABLE IF EXISTS ONLY public.solicitudcompras_solicitudcompra DROP CONSTRAINT IF EXISTS solicitudcompras_sol_pedido_origen_id_1a25cbb1_fk_pedidos_p;
ALTER TABLE IF EXISTS ONLY public.solicitudcompras_solicitudcompra DROP CONSTRAINT IF EXISTS solicitudcompras_sol_empresa_id_1a2e52ef_fk_panel_emp;
ALTER TABLE IF EXISTS ONLY public.solicitudcompras_detallesolicitudcompra DROP CONSTRAINT IF EXISTS solicitudcompras_det_sucursal_id_0db7d68f_fk_proveedor;
ALTER TABLE IF EXISTS ONLY public.solicitudcompras_detallesolicitudcompra DROP CONSTRAINT IF EXISTS solicitudcompras_det_solicitud_id_d5ebb2ca_fk_solicitud;
ALTER TABLE IF EXISTS ONLY public.solicitudcompras_detallesolicitudcompra DROP CONSTRAINT IF EXISTS solicitudcompras_det_proveedor_id_486012fa_fk_proveedor;
ALTER TABLE IF EXISTS ONLY public.solicitudcompras_detallesolicitudcompra DROP CONSTRAINT IF EXISTS solicitudcompras_det_producto_id_da45d513_fk_core_prod;
ALTER TABLE IF EXISTS ONLY public.solicitudcompras_detallesolicitudcompra DROP CONSTRAINT IF EXISTS solicitudcompras_det_moneda_id_4afc8a32_fk_preferenc;
ALTER TABLE IF EXISTS ONLY public.solicitudcompras_detallesolicitudcompra DROP CONSTRAINT IF EXISTS solicitudcompras_det_lista_id_4dee9864_fk_categoria;
ALTER TABLE IF EXISTS ONLY public.solicitudcompras_detallesolicitudcompra DROP CONSTRAINT IF EXISTS solicitudcompras_det_detalle_pedido_orige_1aa6dac5_fk_pedidos_d;
ALTER TABLE IF EXISTS ONLY public.solicitudcompras_detallesolicitudcompra DROP CONSTRAINT IF EXISTS solicitudcompras_det_almacen_id_9bfc7009_fk_almacenes;
ALTER TABLE IF EXISTS ONLY public.recursos_humanos_trabajadorsua DROP CONSTRAINT IF EXISTS recursos_humanos_tra_importacion_id_28691274_fk_recursos_;
ALTER TABLE IF EXISTS ONLY public.recursos_humanos_nomina DROP CONSTRAINT IF EXISTS recursos_humanos_nomina_empresa_id_521c2f36_fk_panel_empresa_id;
ALTER TABLE IF EXISTS ONLY public.recursos_humanos_nomina DROP CONSTRAINT IF EXISTS recursos_humanos_nom_sucursal_id_41c7dcdd_fk_preferenc;
ALTER TABLE IF EXISTS ONLY public.recursos_humanos_nomina DROP CONSTRAINT IF EXISTS recursos_humanos_nom_empleado_id_d3e6646f_fk_recursos_;
ALTER TABLE IF EXISTS ONLY public.recursos_humanos_importacionsua DROP CONSTRAINT IF EXISTS recursos_humanos_imp_sucursal_id_7fce5a70_fk_preferenc;
ALTER TABLE IF EXISTS ONLY public.recursos_humanos_importacionsua DROP CONSTRAINT IF EXISTS recursos_humanos_imp_empresa_id_76189fbb_fk_panel_emp;
ALTER TABLE IF EXISTS ONLY public.recursos_humanos_empleado DROP CONSTRAINT IF EXISTS recursos_humanos_emp_sucursal_id_917b2c81_fk_preferenc;
ALTER TABLE IF EXISTS ONLY public.recursos_humanos_empleado DROP CONSTRAINT IF EXISTS recursos_humanos_emp_empresa_id_16fd396e_fk_panel_emp;
ALTER TABLE IF EXISTS ONLY public.recursos_humanos_empleado DROP CONSTRAINT IF EXISTS recursos_humanos_emp_contratista_id_f703e65c_fk_recursos_;
ALTER TABLE IF EXISTS ONLY public.recursos_humanos_empleado DROP CONSTRAINT IF EXISTS recursos_humanos_emp_beneficiario_id_18222efd_fk_recursos_;
ALTER TABLE IF EXISTS ONLY public.recursos_humanos_contrato DROP CONSTRAINT IF EXISTS recursos_humanos_con_sucursal_id_d22d7cac_fk_preferenc;
ALTER TABLE IF EXISTS ONLY public.recursos_humanos_contratista DROP CONSTRAINT IF EXISTS recursos_humanos_con_sucursal_id_8e963931_fk_preferenc;
ALTER TABLE IF EXISTS ONLY public.recursos_humanos_contrato DROP CONSTRAINT IF EXISTS recursos_humanos_con_empresa_id_e2bee0b6_fk_panel_emp;
ALTER TABLE IF EXISTS ONLY public.recursos_humanos_contratista DROP CONSTRAINT IF EXISTS recursos_humanos_con_empresa_id_51f1e60d_fk_panel_emp;
ALTER TABLE IF EXISTS ONLY public.recursos_humanos_contrato_empleados DROP CONSTRAINT IF EXISTS recursos_humanos_con_empleado_id_410d1806_fk_recursos_;
ALTER TABLE IF EXISTS ONLY public.recursos_humanos_contrato_empleados DROP CONSTRAINT IF EXISTS recursos_humanos_con_contrato_id_e3bfb733_fk_recursos_;
ALTER TABLE IF EXISTS ONLY public.recursos_humanos_contrato DROP CONSTRAINT IF EXISTS recursos_humanos_con_contratista_id_e028a5d8_fk_recursos_;
ALTER TABLE IF EXISTS ONLY public.recursos_humanos_contrato DROP CONSTRAINT IF EXISTS recursos_humanos_con_beneficiario_id_85fed8bc_fk_recursos_;
ALTER TABLE IF EXISTS ONLY public.recursos_humanos_beneficiario DROP CONSTRAINT IF EXISTS recursos_humanos_ben_sucursal_id_c1713656_fk_preferenc;
ALTER TABLE IF EXISTS ONLY public.recursos_humanos_beneficiario DROP CONSTRAINT IF EXISTS recursos_humanos_ben_empresa_id_a3e2e461_fk_panel_emp;
ALTER TABLE IF EXISTS ONLY public.recepciones_recepcion DROP CONSTRAINT IF EXISTS recepciones_recepcion_empresa_id_26608cc9_fk_panel_empresa_id;
ALTER TABLE IF EXISTS ONLY public.recepciones_recepcion DROP CONSTRAINT IF EXISTS recepciones_recepcio_sucursal_id_f571c37c_fk_preferenc;
ALTER TABLE IF EXISTS ONLY public.recepciones_recepcion DROP CONSTRAINT IF EXISTS recepciones_recepcio_orden_compra_id_d361724c_fk_compras_o;
ALTER TABLE IF EXISTS ONLY public.recepciones_recepcion DROP CONSTRAINT IF EXISTS recepciones_recepcio_moneda_id_fa7eecf8_fk_preferenc;
ALTER TABLE IF EXISTS ONLY public.recepciones_recepcion DROP CONSTRAINT IF EXISTS recepciones_recepcio_almacen_id_44991b19_fk_almacenes;
ALTER TABLE IF EXISTS ONLY public.recepciones_detallerecepcion DROP CONSTRAINT IF EXISTS recepciones_detaller_recepcion_id_f1911239_fk_recepcion;
ALTER TABLE IF EXISTS ONLY public.recepciones_detallerecepcion DROP CONSTRAINT IF EXISTS recepciones_detaller_producto_id_a30887f4_fk_core_prod;
ALTER TABLE IF EXISTS ONLY public.recepciones_detallerecepcionextra DROP CONSTRAINT IF EXISTS recepciones_detaller_producto_id_35fdcbf8_fk_core_prod;
ALTER TABLE IF EXISTS ONLY public.recepciones_detallerecepcionextra DROP CONSTRAINT IF EXISTS recepciones_detaller_detalle_recepcion_id_b821e96a_fk_recepcion;
ALTER TABLE IF EXISTS ONLY public.recepciones_detallerecepcion DROP CONSTRAINT IF EXISTS recepciones_detaller_detalle_compra_id_5f0d3b82_fk_compras_d;
ALTER TABLE IF EXISTS ONLY public.recepciones_detallerecepcionextra DROP CONSTRAINT IF EXISTS recepciones_detaller_almacen_id_ee42ded1_fk_almacenes;
ALTER TABLE IF EXISTS ONLY public.proveedores_sucursalproveedor DROP CONSTRAINT IF EXISTS proveedores_sucursal_proveedor_id_83a644e4_fk_proveedor;
ALTER TABLE IF EXISTS ONLY public.proveedores_proveedor DROP CONSTRAINT IF EXISTS proveedores_proveedor_empresa_id_f8402474_fk_panel_empresa_id;
ALTER TABLE IF EXISTS ONLY public.produccion_test DROP CONSTRAINT IF EXISTS produccion_test_empresa_id_8e75f775_fk_panel_empresa_id;
ALTER TABLE IF EXISTS ONLY public.produccion_resultadotestop DROP CONSTRAINT IF EXISTS produccion_resultado_usuario_verifico_id_6931f481_fk_auth_user;
ALTER TABLE IF EXISTS ONLY public.produccion_resultadotestop DROP CONSTRAINT IF EXISTS produccion_resultado_orden_produccion_id_6a55d2fe_fk_produccio;
ALTER TABLE IF EXISTS ONLY public.produccion_resultadotestop DROP CONSTRAINT IF EXISTS produccion_resultado_item_test_id_2a99e7ac_fk_produccio;
ALTER TABLE IF EXISTS ONLY public.produccion_ordenproduccion DROP CONSTRAINT IF EXISTS produccion_ordenprod_sucursal_id_22e7c2b1_fk_preferenc;
ALTER TABLE IF EXISTS ONLY public.produccion_ordenproduccion DROP CONSTRAINT IF EXISTS produccion_ordenprod_solicitante_id_d8f9f349_fk_auth_user;
ALTER TABLE IF EXISTS ONLY public.produccion_ordenproduccion DROP CONSTRAINT IF EXISTS produccion_ordenprod_responsable_id_b3dcbd3c_fk_auth_user;
ALTER TABLE IF EXISTS ONLY public.produccion_ordenproduccion DROP CONSTRAINT IF EXISTS produccion_ordenprod_producto_id_70da30a8_fk_core_prod;
ALTER TABLE IF EXISTS ONLY public.produccion_ordenproduccion DROP CONSTRAINT IF EXISTS produccion_ordenprod_pedido_origen_id_a0f9a632_fk_pedidos_p;
ALTER TABLE IF EXISTS ONLY public.produccion_ordenproduccion DROP CONSTRAINT IF EXISTS produccion_ordenprod_empresa_id_1b09322c_fk_panel_emp;
ALTER TABLE IF EXISTS ONLY public.produccion_ordenproduccion DROP CONSTRAINT IF EXISTS produccion_ordenprod_cliente_id_8e2275d5_fk_clientes_;
ALTER TABLE IF EXISTS ONLY public.produccion_ordenproduccion DROP CONSTRAINT IF EXISTS produccion_ordenprod_almacen_materia_prim_9877dad2_fk_almacenes;
ALTER TABLE IF EXISTS ONLY public.produccion_ordenproduccion DROP CONSTRAINT IF EXISTS produccion_ordenprod_almacen_id_b0ba0f18_fk_almacenes;
ALTER TABLE IF EXISTS ONLY public.produccion_itemtest DROP CONSTRAINT IF EXISTS produccion_itemtest_test_id_022b2c4b_fk_produccion_test_id;
ALTER TABLE IF EXISTS ONLY public.produccion_detalleordenproduccion DROP CONSTRAINT IF EXISTS produccion_detalleor_producto_id_8e507fa7_fk_core_prod;
ALTER TABLE IF EXISTS ONLY public.produccion_detalleordenproduccion DROP CONSTRAINT IF EXISTS produccion_detalleor_orden_produccion_id_4d4b1050_fk_produccio;
ALTER TABLE IF EXISTS ONLY public.preferencias_sucursal DROP CONSTRAINT IF EXISTS preferencias_sucursal_empresa_id_ea1ff3e6_fk_panel_empresa_id;
ALTER TABLE IF EXISTS ONLY public.preferencias_rol DROP CONSTRAINT IF EXISTS preferencias_rol_empresa_id_8c18f71d_fk_panel_empresa_id;
ALTER TABLE IF EXISTS ONLY public.preferencias_permisorolaccion DROP CONSTRAINT IF EXISTS preferencias_permiso_rol_id_b14b8335_fk_preferenc;
ALTER TABLE IF EXISTS ONLY public.preferencias_permisorolmodulo DROP CONSTRAINT IF EXISTS preferencias_permiso_rol_id_581817ed_fk_preferenc;
ALTER TABLE IF EXISTS ONLY public.preferencias_moneda DROP CONSTRAINT IF EXISTS preferencias_moneda_responsable_id_4769389d_fk_auth_user_id;
ALTER TABLE IF EXISTS ONLY public.preferencias_moneda DROP CONSTRAINT IF EXISTS preferencias_moneda_empresa_id_c30b6373_fk_panel_empresa_id;
ALTER TABLE IF EXISTS ONLY public.preferencias_asignacionrolusuario DROP CONSTRAINT IF EXISTS preferencias_asignac_usuario_id_179e878b_fk_auth_user;
ALTER TABLE IF EXISTS ONLY public.preferencias_asignacionrolusuario DROP CONSTRAINT IF EXISTS preferencias_asignac_rol_id_37360050_fk_preferenc;
ALTER TABLE IF EXISTS ONLY public.preferencias_asignacionrolusuario DROP CONSTRAINT IF EXISTS preferencias_asignac_empresa_id_903c4207_fk_panel_emp;
ALTER TABLE IF EXISTS ONLY public.pedidos_pedido DROP CONSTRAINT IF EXISTS pedidos_pedido_vendedor_id_1ab7404e_fk_auth_user_id;
ALTER TABLE IF EXISTS ONLY public.pedidos_pedido DROP CONSTRAINT IF EXISTS pedidos_pedido_sucursal_id_83721f54_fk_preferencias_sucursal_id;
ALTER TABLE IF EXISTS ONLY public.pedidos_pedido DROP CONSTRAINT IF EXISTS pedidos_pedido_empresa_id_88ea251a_fk_panel_empresa_id;
ALTER TABLE IF EXISTS ONLY public.pedidos_pedido DROP CONSTRAINT IF EXISTS pedidos_pedido_contacto_id_2bf2a836_fk_clientes_;
ALTER TABLE IF EXISTS ONLY public.pedidos_pedido DROP CONSTRAINT IF EXISTS pedidos_pedido_cliente_id_84f4fc73_fk_clientes_cliente_id;
ALTER TABLE IF EXISTS ONLY public.pedidos_detallepedido DROP CONSTRAINT IF EXISTS pedidos_detallepedido_producto_id_fb78018a_fk_core_producto_id;
ALTER TABLE IF EXISTS ONLY public.pedidos_detallepedido DROP CONSTRAINT IF EXISTS pedidos_detallepedido_pedido_id_37ae55c6_fk_pedidos_pedido_id;
ALTER TABLE IF EXISTS ONLY public.pedidos_detallepedido DROP CONSTRAINT IF EXISTS pedidos_detallepedid_parent_line_id_469a0736_fk_pedidos_d;
ALTER TABLE IF EXISTS ONLY public.notificaciones_notificacion DROP CONSTRAINT IF EXISTS notificaciones_notificacion_actor_id_abf217ac_fk_auth_user_id;
ALTER TABLE IF EXISTS ONLY public.notificaciones_notificacion DROP CONSTRAINT IF EXISTS notificaciones_notif_propietario_recurso__6a494a51_fk_auth_user;
ALTER TABLE IF EXISTS ONLY public.notificaciones_notificacion DROP CONSTRAINT IF EXISTS notificaciones_notif_empresa_id_b40213dd_fk_panel_emp;
ALTER TABLE IF EXISTS ONLY public.django_admin_log DROP CONSTRAINT IF EXISTS django_admin_log_user_id_c564eba6_fk_auth_user_id;
ALTER TABLE IF EXISTS ONLY public.django_admin_log DROP CONSTRAINT IF EXISTS django_admin_log_content_type_id_c4bce8eb_fk_django_co;
ALTER TABLE IF EXISTS ONLY public.cotizaciones_detallecotizacion DROP CONSTRAINT IF EXISTS cotizaciones_detalle_producto_id_3b92b18b_fk_core_prod;
ALTER TABLE IF EXISTS ONLY public.cotizaciones_detallecotizacion DROP CONSTRAINT IF EXISTS cotizaciones_detalle_cotizacion_id_f5669320_fk_cotizacio;
ALTER TABLE IF EXISTS ONLY public.cotizaciones_cotizacion DROP CONSTRAINT IF EXISTS cotizaciones_cotizacion_vendedor_id_3685810f_fk_auth_user_id;
ALTER TABLE IF EXISTS ONLY public.cotizaciones_cotizacion DROP CONSTRAINT IF EXISTS cotizaciones_cotizacion_empresa_id_1c525708_fk_panel_empresa_id;
ALTER TABLE IF EXISTS ONLY public.cotizaciones_cotizacion DROP CONSTRAINT IF EXISTS cotizaciones_cotizac_sucursal_id_d9e37007_fk_preferenc;
ALTER TABLE IF EXISTS ONLY public.cotizaciones_cotizacion DROP CONSTRAINT IF EXISTS cotizaciones_cotizac_parent_quote_id_701a433a_fk_cotizacio;
ALTER TABLE IF EXISTS ONLY public.cotizaciones_cotizacion DROP CONSTRAINT IF EXISTS cotizaciones_cotizac_contacto_id_1bca6174_fk_clientes_;
ALTER TABLE IF EXISTS ONLY public.cotizaciones_cotizacion DROP CONSTRAINT IF EXISTS cotizaciones_cotizac_cliente_id_c6e3d6c6_fk_clientes_;
ALTER TABLE IF EXISTS ONLY public.costeos_serviciopersonal DROP CONSTRAINT IF EXISTS costeos_serviciopers_moneda_id_d9ce650a_fk_preferenc;
ALTER TABLE IF EXISTS ONLY public.costeos_serviciopersonal DROP CONSTRAINT IF EXISTS costeos_serviciopers_costeo_id_1d3b42c9_fk_costeos_c;
ALTER TABLE IF EXISTS ONLY public.costeos_serviciomaterial DROP CONSTRAINT IF EXISTS costeos_serviciomate_moneda_id_7d8796c9_fk_preferenc;
ALTER TABLE IF EXISTS ONLY public.costeos_serviciomaterial DROP CONSTRAINT IF EXISTS costeos_serviciomate_costeo_id_e283311f_fk_costeos_c;
ALTER TABLE IF EXISTS ONLY public.costeos_manufacturamateriaprima DROP CONSTRAINT IF EXISTS costeos_manufacturam_moneda_id_a87d8b0e_fk_preferenc;
ALTER TABLE IF EXISTS ONLY public.costeos_manufacturamanoobra DROP CONSTRAINT IF EXISTS costeos_manufacturam_moneda_id_8737b8e0_fk_preferenc;
ALTER TABLE IF EXISTS ONLY public.costeos_manufacturamateriaprima DROP CONSTRAINT IF EXISTS costeos_manufacturam_costeo_id_f832c0c2_fk_costeos_c;
ALTER TABLE IF EXISTS ONLY public.costeos_manufacturamanoobra DROP CONSTRAINT IF EXISTS costeos_manufacturam_costeo_id_430ced81_fk_costeos_c;
ALTER TABLE IF EXISTS ONLY public.costeos_manufacturagastoindirecto DROP CONSTRAINT IF EXISTS costeos_manufacturag_moneda_id_3b62953e_fk_preferenc;
ALTER TABLE IF EXISTS ONLY public.costeos_manufacturagastoindirecto DROP CONSTRAINT IF EXISTS costeos_manufacturag_costeo_id_6e8f5bd1_fk_costeos_c;
ALTER TABLE IF EXISTS ONLY public.costeos_costeo DROP CONSTRAINT IF EXISTS costeos_costeo_vendedor_id_7f898050_fk_auth_user_id;
ALTER TABLE IF EXISTS ONLY public.costeos_costeo DROP CONSTRAINT IF EXISTS costeos_costeo_sucursal_id_b7dd6c96_fk_preferencias_sucursal_id;
ALTER TABLE IF EXISTS ONLY public.costeos_costeo DROP CONSTRAINT IF EXISTS costeos_costeo_empresa_id_1e438914_fk_panel_empresa_id;
ALTER TABLE IF EXISTS ONLY public.costeos_costeo DROP CONSTRAINT IF EXISTS costeos_costeo_duplicado_de_id_9a997f85_fk_costeos_costeo_id;
ALTER TABLE IF EXISTS ONLY public.costeos_comercioadquisicion DROP CONSTRAINT IF EXISTS costeos_comercioadqu_moneda_id_f34384eb_fk_preferenc;
ALTER TABLE IF EXISTS ONLY public.costeos_comercioadquisicion DROP CONSTRAINT IF EXISTS costeos_comercioadqu_costeo_id_95b4726f_fk_costeos_c;
ALTER TABLE IF EXISTS ONLY public.core_transaccion DROP CONSTRAINT IF EXISTS core_transaccion_proveedor_id_6c6254bb_fk_proveedor;
ALTER TABLE IF EXISTS ONLY public.core_transaccion DROP CONSTRAINT IF EXISTS core_transaccion_producto_id_3c4d4be3_fk_core_producto_id;
ALTER TABLE IF EXISTS ONLY public.core_transaccion DROP CONSTRAINT IF EXISTS core_transaccion_empresa_id_fdeef44c_fk_panel_empresa_id;
ALTER TABLE IF EXISTS ONLY public.core_transaccion DROP CONSTRAINT IF EXISTS core_transaccion_almacen_id_0ccca5c8_fk_almacenes_almacen_id;
ALTER TABLE IF EXISTS ONLY public.core_producto DROP CONSTRAINT IF EXISTS core_producto_test_calidad_id_29569fed_fk_produccion_test_id;
ALTER TABLE IF EXISTS ONLY public.core_producto DROP CONSTRAINT IF EXISTS core_producto_empresa_id_efa7546e_fk_panel_empresa_id;
ALTER TABLE IF EXISTS ONLY public.core_detallereceta DROP CONSTRAINT IF EXISTS core_detallereceta_producto_padre_id_3a9c3cfd_fk_core_prod;
ALTER TABLE IF EXISTS ONLY public.core_detallereceta DROP CONSTRAINT IF EXISTS core_detallereceta_componente_id_ba974177_fk_core_producto_id;
ALTER TABLE IF EXISTS ONLY public.core_categoria DROP CONSTRAINT IF EXISTS core_categoria_empresa_id_44437a59_fk_panel_empresa_id;
ALTER TABLE IF EXISTS ONLY public.compras_ordencompra DROP CONSTRAINT IF EXISTS compras_ordencompra_usuario_id_a2084c63_fk_auth_user_id;
ALTER TABLE IF EXISTS ONLY public.compras_ordencompra DROP CONSTRAINT IF EXISTS compras_ordencompra_sucursal_id_06005950_fk_proveedor;
ALTER TABLE IF EXISTS ONLY public.compras_ordencompra DROP CONSTRAINT IF EXISTS compras_ordencompra_sucursal_empresa_id_4299d49a_fk_preferenc;
ALTER TABLE IF EXISTS ONLY public.compras_ordencompra DROP CONSTRAINT IF EXISTS compras_ordencompra_solicitud_origen_id_d32bb95e_fk_solicitud;
ALTER TABLE IF EXISTS ONLY public.compras_ordencompra DROP CONSTRAINT IF EXISTS compras_ordencompra_proveedor_id_c42e35e1_fk_proveedor;
ALTER TABLE IF EXISTS ONLY public.compras_ordencompra DROP CONSTRAINT IF EXISTS compras_ordencompra_moneda_id_30388668_fk_preferenc;
ALTER TABLE IF EXISTS ONLY public.compras_ordencompra DROP CONSTRAINT IF EXISTS compras_ordencompra_empresa_id_5c4630d8_fk_panel_empresa_id;
ALTER TABLE IF EXISTS ONLY public.compras_ordencompra DROP CONSTRAINT IF EXISTS compras_ordencompra_almacen_destino_id_af61e399_fk_almacenes;
ALTER TABLE IF EXISTS ONLY public.compras_detallecompra DROP CONSTRAINT IF EXISTS compras_detallecompra_producto_id_38c7f9c4_fk_core_producto_id;
ALTER TABLE IF EXISTS ONLY public.compras_detallecompra DROP CONSTRAINT IF EXISTS compras_detallecompr_orden_compra_id_c71cd0a9_fk_compras_o;
ALTER TABLE IF EXISTS ONLY public.compras_detallecompra DROP CONSTRAINT IF EXISTS compras_detallecompr_detalle_pedido_orige_1c1ae1bb_fk_pedidos_d;
ALTER TABLE IF EXISTS ONLY public.clientes_contactocliente DROP CONSTRAINT IF EXISTS clientes_contactocli_cliente_id_3e846666_fk_clientes_;
ALTER TABLE IF EXISTS ONLY public.clientes_cliente DROP CONSTRAINT IF EXISTS clientes_cliente_empresa_id_6e2597e2_fk_panel_empresa_id;
ALTER TABLE IF EXISTS ONLY public.categorias_subcategoria DROP CONSTRAINT IF EXISTS categorias_subcategoria_empresa_id_10304328_fk_panel_empresa_id;
ALTER TABLE IF EXISTS ONLY public.categorias_subcategoria DROP CONSTRAINT IF EXISTS categorias_subcatego_categoria_id_ff5e0ea4_fk_categoria;
ALTER TABLE IF EXISTS ONLY public.categorias_listapreciocosto DROP CONSTRAINT IF EXISTS categorias_listaprec_empresa_id_be6b0b37_fk_panel_emp;
ALTER TABLE IF EXISTS ONLY public.categorias_categoria DROP CONSTRAINT IF EXISTS categorias_categoria_empresa_id_f67784ba_fk_panel_empresa_id;
ALTER TABLE IF EXISTS ONLY public.auth_user_user_permissions DROP CONSTRAINT IF EXISTS auth_user_user_permissions_user_id_a95ead1b_fk_auth_user_id;
ALTER TABLE IF EXISTS ONLY public.auth_user_user_permissions DROP CONSTRAINT IF EXISTS auth_user_user_permi_permission_id_1fbb5f2c_fk_auth_perm;
ALTER TABLE IF EXISTS ONLY public.auth_user_groups DROP CONSTRAINT IF EXISTS auth_user_groups_user_id_6a12ed8b_fk_auth_user_id;
ALTER TABLE IF EXISTS ONLY public.auth_user_groups DROP CONSTRAINT IF EXISTS auth_user_groups_group_id_97559544_fk_auth_group_id;
ALTER TABLE IF EXISTS ONLY public.auth_permission DROP CONSTRAINT IF EXISTS auth_permission_content_type_id_2f476e4b_fk_django_co;
ALTER TABLE IF EXISTS ONLY public.auth_group_permissions DROP CONSTRAINT IF EXISTS auth_group_permissions_group_id_b120cbf9_fk_auth_group_id;
ALTER TABLE IF EXISTS ONLY public.auth_group_permissions DROP CONSTRAINT IF EXISTS auth_group_permissio_permission_id_84c5c92e_fk_auth_perm;
ALTER TABLE IF EXISTS ONLY public.almacenes_kardex DROP CONSTRAINT IF EXISTS almacenes_kardex_usuario_id_9c0bc3a1_fk_auth_user_id;
ALTER TABLE IF EXISTS ONLY public.almacenes_kardex DROP CONSTRAINT IF EXISTS almacenes_kardex_sucursal_id_bcea0fc6_fk_preferenc;
ALTER TABLE IF EXISTS ONLY public.almacenes_kardex DROP CONSTRAINT IF EXISTS almacenes_kardex_producto_id_df4332ce_fk_core_producto_id;
ALTER TABLE IF EXISTS ONLY public.almacenes_kardex DROP CONSTRAINT IF EXISTS almacenes_kardex_empresa_id_8a87d26f_fk_panel_empresa_id;
ALTER TABLE IF EXISTS ONLY public.almacenes_kardex DROP CONSTRAINT IF EXISTS almacenes_kardex_almacen_id_7d839ce9_fk_almacenes_almacen_id;
ALTER TABLE IF EXISTS ONLY public.almacenes_inventario DROP CONSTRAINT IF EXISTS almacenes_inventario_sucursal_id_ced5111b_fk_preferenc;
ALTER TABLE IF EXISTS ONLY public.almacenes_inventario DROP CONSTRAINT IF EXISTS almacenes_inventario_producto_id_c2b420e0_fk_core_producto_id;
ALTER TABLE IF EXISTS ONLY public.almacenes_inventario DROP CONSTRAINT IF EXISTS almacenes_inventario_empresa_id_06242eac_fk_panel_empresa_id;
ALTER TABLE IF EXISTS ONLY public.almacenes_inventario DROP CONSTRAINT IF EXISTS almacenes_inventario_almacen_id_c69f237c_fk_almacenes;
ALTER TABLE IF EXISTS ONLY public.almacenes_almacen DROP CONSTRAINT IF EXISTS almacenes_almacen_sucursal_id_93d395bc_fk_preferenc;
ALTER TABLE IF EXISTS ONLY public.almacenes_almacen DROP CONSTRAINT IF EXISTS almacenes_almacen_empresa_id_5b652cc0_fk_panel_empresa_id;
ALTER TABLE IF EXISTS ONLY public.actividades_actividad DROP CONSTRAINT IF EXISTS actividades_actividad_empresa_id_d6c1b71a_fk_panel_empresa_id;
ALTER TABLE IF EXISTS ONLY public.actividades_actividad DROP CONSTRAINT IF EXISTS actividades_activida_sucursal_id_514349f7_fk_preferenc;
ALTER TABLE IF EXISTS ONLY public.actividades_actividad DROP CONSTRAINT IF EXISTS actividades_activida_cotizacion_id_f6475c97_fk_cotizacio;
ALTER TABLE IF EXISTS ONLY public.actividades_actividad DROP CONSTRAINT IF EXISTS actividades_activida_contacto_id_d0291271_fk_clientes_;
ALTER TABLE IF EXISTS ONLY public.actividades_actividad DROP CONSTRAINT IF EXISTS actividades_activida_cliente_id_31dd4638_fk_clientes_;
DROP INDEX IF EXISTS public.ventas_ordenventa_vendedor_id_058de01d;
DROP INDEX IF EXISTS public.ventas_ordenventa_sucursal_id_59ae853d;
DROP INDEX IF EXISTS public.ventas_ordenventa_pedido_origen_id_12fc79cd;
DROP INDEX IF EXISTS public.ventas_ordenventa_parent_orden_id_06f86c7f;
DROP INDEX IF EXISTS public.ventas_ordenventa_empresa_id_cccf5f3d;
DROP INDEX IF EXISTS public.ventas_ordenventa_cliente_id_fc8eed4a;
DROP INDEX IF EXISTS public.ventas_ordenventa_almacen_id_a3c31ad1;
DROP INDEX IF EXISTS public.ventas_detalleordenventa_producto_id_ef240449;
DROP INDEX IF EXISTS public.ventas_detalleordenventa_orden_venta_id_28f11661;
DROP INDEX IF EXISTS public.tesoreria_pagopedido_sucursal_id_24d3256a;
DROP INDEX IF EXISTS public.tesoreria_pagopedido_pedido_id_828dccf5;
DROP INDEX IF EXISTS public.tesoreria_pagopedido_moneda_id_72f8b340;
DROP INDEX IF EXISTS public.tesoreria_pagopedido_empresa_id_97b48e5f;
DROP INDEX IF EXISTS public.tesoreria_pagopedido_caja_banco_id_df36876e;
DROP INDEX IF EXISTS public.tesoreria_pagocompra_sucursal_id_88c2b429;
DROP INDEX IF EXISTS public.tesoreria_pagocompra_orden_compra_id_4e10451f;
DROP INDEX IF EXISTS public.tesoreria_pagocompra_moneda_id_5a46a304;
DROP INDEX IF EXISTS public.tesoreria_pagocompra_empresa_id_67829c90;
DROP INDEX IF EXISTS public.tesoreria_pagocompra_caja_banco_id_bbea5526;
DROP INDEX IF EXISTS public.tesoreria_ingreso_sucursal_id_6b893572;
DROP INDEX IF EXISTS public.tesoreria_ingreso_moneda_id_ed2389c9;
DROP INDEX IF EXISTS public.tesoreria_ingreso_empresa_id_9dad1036;
DROP INDEX IF EXISTS public.tesoreria_ingreso_caja_banco_id_ca7e9018;
DROP INDEX IF EXISTS public.tesoreria_egreso_sucursal_id_604e67d1;
DROP INDEX IF EXISTS public.tesoreria_egreso_moneda_id_83bdbfdf;
DROP INDEX IF EXISTS public.tesoreria_egreso_empresa_id_bce47c13;
DROP INDEX IF EXISTS public.tesoreria_egreso_caja_banco_id_badd26d0;
DROP INDEX IF EXISTS public.tesoreria_cajabanco_sucursal_id_5c31a139;
DROP INDEX IF EXISTS public.tesoreria_cajabanco_moneda_id_68e091d7;
DROP INDEX IF EXISTS public.tesoreria_cajabanco_empresa_id_2011dc82;
DROP INDEX IF EXISTS public.solicitudcompras_solicitudcompra_sucursal_id_6ffc068e;
DROP INDEX IF EXISTS public.solicitudcompras_solicitudcompra_solicitante_id_b0c98987;
DROP INDEX IF EXISTS public.solicitudcompras_solicitudcompra_pedido_origen_id_1a25cbb1;
DROP INDEX IF EXISTS public.solicitudcompras_solicitudcompra_empresa_id_1a2e52ef;
DROP INDEX IF EXISTS public.solicitudcompras_detallesolicitudcompra_sucursal_id_0db7d68f;
DROP INDEX IF EXISTS public.solicitudcompras_detallesolicitudcompra_solicitud_id_d5ebb2ca;
DROP INDEX IF EXISTS public.solicitudcompras_detallesolicitudcompra_proveedor_id_486012fa;
DROP INDEX IF EXISTS public.solicitudcompras_detallesolicitudcompra_producto_id_da45d513;
DROP INDEX IF EXISTS public.solicitudcompras_detallesolicitudcompra_moneda_id_4afc8a32;
DROP INDEX IF EXISTS public.solicitudcompras_detallesolicitudcompra_lista_id_4dee9864;
DROP INDEX IF EXISTS public.solicitudcompras_detallesolicitudcompra_almacen_id_9bfc7009;
DROP INDEX IF EXISTS public.solicitudcompras_detalleso_detalle_pedido_origen_id_1aa6dac5;
DROP INDEX IF EXISTS public.recursos_humanos_trabajadorsua_importacion_id_28691274;
DROP INDEX IF EXISTS public.recursos_humanos_nomina_sucursal_id_41c7dcdd;
DROP INDEX IF EXISTS public.recursos_humanos_nomina_empresa_id_521c2f36;
DROP INDEX IF EXISTS public.recursos_humanos_nomina_empleado_id_d3e6646f;
DROP INDEX IF EXISTS public.recursos_humanos_importacionsua_sucursal_id_7fce5a70;
DROP INDEX IF EXISTS public.recursos_humanos_importacionsua_empresa_id_76189fbb;
DROP INDEX IF EXISTS public.recursos_humanos_empleado_sucursal_id_917b2c81;
DROP INDEX IF EXISTS public.recursos_humanos_empleado_empresa_id_16fd396e;
DROP INDEX IF EXISTS public.recursos_humanos_empleado_contratista_id_f703e65c;
DROP INDEX IF EXISTS public.recursos_humanos_empleado_beneficiario_id_18222efd;
DROP INDEX IF EXISTS public.recursos_humanos_contrato_sucursal_id_d22d7cac;
DROP INDEX IF EXISTS public.recursos_humanos_contrato_empresa_id_e2bee0b6;
DROP INDEX IF EXISTS public.recursos_humanos_contrato_empleados_empleado_id_410d1806;
DROP INDEX IF EXISTS public.recursos_humanos_contrato_empleados_contrato_id_e3bfb733;
DROP INDEX IF EXISTS public.recursos_humanos_contrato_contratista_id_e028a5d8;
DROP INDEX IF EXISTS public.recursos_humanos_contrato_beneficiario_id_85fed8bc;
DROP INDEX IF EXISTS public.recursos_humanos_contratista_sucursal_id_8e963931;
DROP INDEX IF EXISTS public.recursos_humanos_contratista_empresa_id_51f1e60d;
DROP INDEX IF EXISTS public.recursos_humanos_beneficiario_sucursal_id_c1713656;
DROP INDEX IF EXISTS public.recursos_humanos_beneficiario_empresa_id_a3e2e461;
DROP INDEX IF EXISTS public.recepciones_recepcion_sucursal_id_f571c37c;
DROP INDEX IF EXISTS public.recepciones_recepcion_orden_compra_id_d361724c;
DROP INDEX IF EXISTS public.recepciones_recepcion_moneda_id_fa7eecf8;
DROP INDEX IF EXISTS public.recepciones_recepcion_empresa_id_26608cc9;
DROP INDEX IF EXISTS public.recepciones_recepcion_almacen_id_44991b19;
DROP INDEX IF EXISTS public.recepciones_detallerecepcionextra_producto_id_35fdcbf8;
DROP INDEX IF EXISTS public.recepciones_detallerecepcionextra_detalle_recepcion_id_b821e96a;
DROP INDEX IF EXISTS public.recepciones_detallerecepcionextra_almacen_id_ee42ded1;
DROP INDEX IF EXISTS public.recepciones_detallerecepcion_recepcion_id_f1911239;
DROP INDEX IF EXISTS public.recepciones_detallerecepcion_producto_id_a30887f4;
DROP INDEX IF EXISTS public.recepciones_detallerecepcion_detalle_compra_id_5f0d3b82;
DROP INDEX IF EXISTS public.proveedores_sucursalproveedor_proveedor_id_83a644e4;
DROP INDEX IF EXISTS public.proveedores_proveedor_rfc_6f6fdfaf_like;
DROP INDEX IF EXISTS public.proveedores_proveedor_empresa_id_f8402474;
DROP INDEX IF EXISTS public.produccion_test_empresa_id_8e75f775;
DROP INDEX IF EXISTS public.produccion_resultadotestop_usuario_verifico_id_6931f481;
DROP INDEX IF EXISTS public.produccion_resultadotestop_orden_produccion_id_6a55d2fe;
DROP INDEX IF EXISTS public.produccion_resultadotestop_item_test_id_2a99e7ac;
DROP INDEX IF EXISTS public.produccion_ordenproduccion_sucursal_id_22e7c2b1;
DROP INDEX IF EXISTS public.produccion_ordenproduccion_solicitante_id_d8f9f349;
DROP INDEX IF EXISTS public.produccion_ordenproduccion_responsable_id_b3dcbd3c;
DROP INDEX IF EXISTS public.produccion_ordenproduccion_producto_id_70da30a8;
DROP INDEX IF EXISTS public.produccion_ordenproduccion_pedido_origen_id_a0f9a632;
DROP INDEX IF EXISTS public.produccion_ordenproduccion_empresa_id_1b09322c;
DROP INDEX IF EXISTS public.produccion_ordenproduccion_cliente_id_8e2275d5;
DROP INDEX IF EXISTS public.produccion_ordenproduccion_almacen_materia_prima_id_9877dad2;
DROP INDEX IF EXISTS public.produccion_ordenproduccion_almacen_id_b0ba0f18;
DROP INDEX IF EXISTS public.produccion_itemtest_test_id_022b2c4b;
DROP INDEX IF EXISTS public.produccion_detalleordenproduccion_producto_id_8e507fa7;
DROP INDEX IF EXISTS public.produccion_detalleordenproduccion_orden_produccion_id_4d4b1050;
DROP INDEX IF EXISTS public.preferencias_sucursal_empresa_id_ea1ff3e6;
DROP INDEX IF EXISTS public.preferencias_rol_empresa_id_8c18f71d;
DROP INDEX IF EXISTS public.preferencias_permisorolmodulo_rol_id_581817ed;
DROP INDEX IF EXISTS public.preferencias_permisorolaccion_rol_id_b14b8335;
DROP INDEX IF EXISTS public.preferencias_moneda_responsable_id_4769389d;
DROP INDEX IF EXISTS public.preferencias_moneda_empresa_id_c30b6373;
DROP INDEX IF EXISTS public.preferencias_asignacionrolusuario_usuario_id_179e878b;
DROP INDEX IF EXISTS public.preferencias_asignacionrolusuario_rol_id_37360050;
DROP INDEX IF EXISTS public.preferencias_asignacionrolusuario_empresa_id_903c4207;
DROP INDEX IF EXISTS public.pedidos_pedido_vendedor_id_1ab7404e;
DROP INDEX IF EXISTS public.pedidos_pedido_sucursal_id_83721f54;
DROP INDEX IF EXISTS public.pedidos_pedido_empresa_id_88ea251a;
DROP INDEX IF EXISTS public.pedidos_pedido_contacto_id_2bf2a836;
DROP INDEX IF EXISTS public.pedidos_pedido_cliente_id_84f4fc73;
DROP INDEX IF EXISTS public.pedidos_detallepedido_producto_id_fb78018a;
DROP INDEX IF EXISTS public.pedidos_detallepedido_pedido_id_37ae55c6;
DROP INDEX IF EXISTS public.pedidos_detallepedido_parent_line_id_469a0736;
DROP INDEX IF EXISTS public.panel_empresa_subdominio_110b5b55_like;
DROP INDEX IF EXISTS public.notificaciones_notificacion_propietario_recurso_id_6a494a51;
DROP INDEX IF EXISTS public.notificaciones_notificacion_empresa_id_b40213dd;
DROP INDEX IF EXISTS public.notificaciones_notificacion_actor_id_abf217ac;
DROP INDEX IF EXISTS public.django_session_session_key_c0390e0f_like;
DROP INDEX IF EXISTS public.django_session_expire_date_a5c62663;
DROP INDEX IF EXISTS public.django_admin_log_user_id_c564eba6;
DROP INDEX IF EXISTS public.django_admin_log_content_type_id_c4bce8eb;
DROP INDEX IF EXISTS public.cotizaciones_detallecotizacion_producto_id_3b92b18b;
DROP INDEX IF EXISTS public.cotizaciones_detallecotizacion_cotizacion_id_f5669320;
DROP INDEX IF EXISTS public.cotizaciones_cotizacion_vendedor_id_3685810f;
DROP INDEX IF EXISTS public.cotizaciones_cotizacion_sucursal_id_d9e37007;
DROP INDEX IF EXISTS public.cotizaciones_cotizacion_parent_quote_id_701a433a;
DROP INDEX IF EXISTS public.cotizaciones_cotizacion_empresa_id_1c525708;
DROP INDEX IF EXISTS public.cotizaciones_cotizacion_contacto_id_1bca6174;
DROP INDEX IF EXISTS public.cotizaciones_cotizacion_cliente_id_c6e3d6c6;
DROP INDEX IF EXISTS public.costeos_serviciopersonal_moneda_id_d9ce650a;
DROP INDEX IF EXISTS public.costeos_serviciopersonal_costeo_id_1d3b42c9;
DROP INDEX IF EXISTS public.costeos_serviciomaterial_moneda_id_7d8796c9;
DROP INDEX IF EXISTS public.costeos_serviciomaterial_costeo_id_e283311f;
DROP INDEX IF EXISTS public.costeos_manufacturamateriaprima_moneda_id_a87d8b0e;
DROP INDEX IF EXISTS public.costeos_manufacturamateriaprima_costeo_id_f832c0c2;
DROP INDEX IF EXISTS public.costeos_manufacturamanoobra_moneda_id_8737b8e0;
DROP INDEX IF EXISTS public.costeos_manufacturamanoobra_costeo_id_430ced81;
DROP INDEX IF EXISTS public.costeos_manufacturagastoindirecto_moneda_id_3b62953e;
DROP INDEX IF EXISTS public.costeos_manufacturagastoindirecto_costeo_id_6e8f5bd1;
DROP INDEX IF EXISTS public.costeos_costeo_vendedor_id_7f898050;
DROP INDEX IF EXISTS public.costeos_costeo_sucursal_id_b7dd6c96;
DROP INDEX IF EXISTS public.costeos_costeo_empresa_id_1e438914;
DROP INDEX IF EXISTS public.costeos_costeo_duplicado_de_id_9a997f85;
DROP INDEX IF EXISTS public.costeos_comercioadquisicion_moneda_id_f34384eb;
DROP INDEX IF EXISTS public.costeos_comercioadquisicion_costeo_id_95b4726f;
DROP INDEX IF EXISTS public.core_transaccion_proveedor_id_6c6254bb;
DROP INDEX IF EXISTS public.core_transaccion_producto_id_3c4d4be3;
DROP INDEX IF EXISTS public.core_transaccion_empresa_id_fdeef44c;
DROP INDEX IF EXISTS public.core_transaccion_almacen_id_0ccca5c8;
DROP INDEX IF EXISTS public.core_producto_test_calidad_id_29569fed;
DROP INDEX IF EXISTS public.core_producto_empresa_id_efa7546e;
DROP INDEX IF EXISTS public.core_detallereceta_producto_padre_id_3a9c3cfd;
DROP INDEX IF EXISTS public.core_detallereceta_componente_id_ba974177;
DROP INDEX IF EXISTS public.core_categoria_empresa_id_44437a59;
DROP INDEX IF EXISTS public.compras_ordencompra_usuario_id_a2084c63;
DROP INDEX IF EXISTS public.compras_ordencompra_sucursal_id_06005950;
DROP INDEX IF EXISTS public.compras_ordencompra_sucursal_empresa_id_4299d49a;
DROP INDEX IF EXISTS public.compras_ordencompra_solicitud_origen_id_d32bb95e;
DROP INDEX IF EXISTS public.compras_ordencompra_proveedor_id_c42e35e1;
DROP INDEX IF EXISTS public.compras_ordencompra_moneda_id_30388668;
DROP INDEX IF EXISTS public.compras_ordencompra_empresa_id_5c4630d8;
DROP INDEX IF EXISTS public.compras_ordencompra_almacen_destino_id_af61e399;
DROP INDEX IF EXISTS public.compras_detallecompra_producto_id_38c7f9c4;
DROP INDEX IF EXISTS public.compras_detallecompra_orden_compra_id_c71cd0a9;
DROP INDEX IF EXISTS public.compras_detallecompra_detalle_pedido_origen_id_1c1ae1bb;
DROP INDEX IF EXISTS public.clientes_contactocliente_cliente_id_3e846666;
DROP INDEX IF EXISTS public.clientes_cliente_empresa_id_6e2597e2;
DROP INDEX IF EXISTS public.categorias_subcategoria_empresa_id_10304328;
DROP INDEX IF EXISTS public.categorias_subcategoria_categoria_id_ff5e0ea4;
DROP INDEX IF EXISTS public.categorias_listapreciocosto_empresa_id_be6b0b37;
DROP INDEX IF EXISTS public.categorias_categoria_empresa_id_f67784ba;
DROP INDEX IF EXISTS public.auth_user_username_6821ab7c_like;
DROP INDEX IF EXISTS public.auth_user_user_permissions_user_id_a95ead1b;
DROP INDEX IF EXISTS public.auth_user_user_permissions_permission_id_1fbb5f2c;
DROP INDEX IF EXISTS public.auth_user_groups_user_id_6a12ed8b;
DROP INDEX IF EXISTS public.auth_user_groups_group_id_97559544;
DROP INDEX IF EXISTS public.auth_permission_content_type_id_2f476e4b;
DROP INDEX IF EXISTS public.auth_group_permissions_permission_id_84c5c92e;
DROP INDEX IF EXISTS public.auth_group_permissions_group_id_b120cbf9;
DROP INDEX IF EXISTS public.auth_group_name_a6ea08ec_like;
DROP INDEX IF EXISTS public.almacenes_kardex_usuario_id_9c0bc3a1;
DROP INDEX IF EXISTS public.almacenes_kardex_sucursal_id_bcea0fc6;
DROP INDEX IF EXISTS public.almacenes_kardex_producto_id_df4332ce;
DROP INDEX IF EXISTS public.almacenes_kardex_empresa_id_8a87d26f;
DROP INDEX IF EXISTS public.almacenes_kardex_almacen_id_7d839ce9;
DROP INDEX IF EXISTS public.almacenes_inventario_sucursal_id_ced5111b;
DROP INDEX IF EXISTS public.almacenes_inventario_producto_id_c2b420e0;
DROP INDEX IF EXISTS public.almacenes_inventario_empresa_id_06242eac;
DROP INDEX IF EXISTS public.almacenes_inventario_almacen_id_c69f237c;
DROP INDEX IF EXISTS public.almacenes_almacen_sucursal_id_93d395bc;
DROP INDEX IF EXISTS public.almacenes_almacen_empresa_id_5b652cc0;
DROP INDEX IF EXISTS public.actividades_actividad_sucursal_id_514349f7;
DROP INDEX IF EXISTS public.actividades_actividad_empresa_id_d6c1b71a;
DROP INDEX IF EXISTS public.actividades_actividad_cotizacion_id_f6475c97;
DROP INDEX IF EXISTS public.actividades_actividad_contacto_id_d0291271;
DROP INDEX IF EXISTS public.actividades_actividad_cliente_id_31dd4638;
ALTER TABLE IF EXISTS ONLY public.ventas_ordenventa DROP CONSTRAINT IF EXISTS ventas_ordenventa_pkey;
ALTER TABLE IF EXISTS ONLY public.ventas_detalleordenventa DROP CONSTRAINT IF EXISTS ventas_detalleordenventa_pkey;
ALTER TABLE IF EXISTS ONLY public.tesoreria_pagopedido DROP CONSTRAINT IF EXISTS tesoreria_pagopedido_pkey;
ALTER TABLE IF EXISTS ONLY public.tesoreria_pagocompra DROP CONSTRAINT IF EXISTS tesoreria_pagocompra_pkey;
ALTER TABLE IF EXISTS ONLY public.tesoreria_ingreso DROP CONSTRAINT IF EXISTS tesoreria_ingreso_pkey;
ALTER TABLE IF EXISTS ONLY public.tesoreria_ingreso DROP CONSTRAINT IF EXISTS tesoreria_ingreso_pago_pedido_id_key;
ALTER TABLE IF EXISTS ONLY public.tesoreria_egreso DROP CONSTRAINT IF EXISTS tesoreria_egreso_pkey;
ALTER TABLE IF EXISTS ONLY public.tesoreria_egreso DROP CONSTRAINT IF EXISTS tesoreria_egreso_pago_compra_id_key;
ALTER TABLE IF EXISTS ONLY public.tesoreria_cajabanco DROP CONSTRAINT IF EXISTS tesoreria_cajabanco_pkey;
ALTER TABLE IF EXISTS ONLY public.solicitudcompras_solicitudcompra DROP CONSTRAINT IF EXISTS solicitudcompras_solicitudcompra_pkey;
ALTER TABLE IF EXISTS ONLY public.solicitudcompras_detallesolicitudcompra DROP CONSTRAINT IF EXISTS solicitudcompras_detallesolicitudcompra_pkey;
ALTER TABLE IF EXISTS ONLY public.recursos_humanos_trabajadorsua DROP CONSTRAINT IF EXISTS recursos_humanos_trabajadorsua_pkey;
ALTER TABLE IF EXISTS ONLY public.recursos_humanos_nomina DROP CONSTRAINT IF EXISTS recursos_humanos_nomina_pkey;
ALTER TABLE IF EXISTS ONLY public.recursos_humanos_importacionsua DROP CONSTRAINT IF EXISTS recursos_humanos_importacionsua_pkey;
ALTER TABLE IF EXISTS ONLY public.recursos_humanos_empleado DROP CONSTRAINT IF EXISTS recursos_humanos_empleado_pkey;
ALTER TABLE IF EXISTS ONLY public.recursos_humanos_contrato DROP CONSTRAINT IF EXISTS recursos_humanos_contrato_pkey;
ALTER TABLE IF EXISTS ONLY public.recursos_humanos_contrato_empleados DROP CONSTRAINT IF EXISTS recursos_humanos_contrato_empleados_pkey;
ALTER TABLE IF EXISTS ONLY public.recursos_humanos_contratista DROP CONSTRAINT IF EXISTS recursos_humanos_contratista_pkey;
ALTER TABLE IF EXISTS ONLY public.recursos_humanos_contrato_empleados DROP CONSTRAINT IF EXISTS recursos_humanos_contrat_contrato_id_empleado_id_67407afc_uniq;
ALTER TABLE IF EXISTS ONLY public.recursos_humanos_beneficiario DROP CONSTRAINT IF EXISTS recursos_humanos_beneficiario_pkey;
ALTER TABLE IF EXISTS ONLY public.recepciones_recepcion DROP CONSTRAINT IF EXISTS recepciones_recepcion_pkey;
ALTER TABLE IF EXISTS ONLY public.recepciones_detallerecepcionextra DROP CONSTRAINT IF EXISTS recepciones_detallerecepcionextra_pkey;
ALTER TABLE IF EXISTS ONLY public.recepciones_detallerecepcion DROP CONSTRAINT IF EXISTS recepciones_detallerecepcion_pkey;
ALTER TABLE IF EXISTS ONLY public.proveedores_sucursalproveedor DROP CONSTRAINT IF EXISTS proveedores_sucursalproveedor_pkey;
ALTER TABLE IF EXISTS ONLY public.proveedores_proveedor DROP CONSTRAINT IF EXISTS proveedores_proveedor_rfc_key;
ALTER TABLE IF EXISTS ONLY public.proveedores_proveedor DROP CONSTRAINT IF EXISTS proveedores_proveedor_pkey;
ALTER TABLE IF EXISTS ONLY public.produccion_test DROP CONSTRAINT IF EXISTS produccion_test_pkey;
ALTER TABLE IF EXISTS ONLY public.produccion_resultadotestop DROP CONSTRAINT IF EXISTS produccion_resultadotestop_pkey;
ALTER TABLE IF EXISTS ONLY public.produccion_resultadotestop DROP CONSTRAINT IF EXISTS produccion_resultadotest_orden_produccion_id_item_ea555aa8_uniq;
ALTER TABLE IF EXISTS ONLY public.produccion_ordenproduccion DROP CONSTRAINT IF EXISTS produccion_ordenproduccion_pkey;
ALTER TABLE IF EXISTS ONLY public.produccion_itemtest DROP CONSTRAINT IF EXISTS produccion_itemtest_pkey;
ALTER TABLE IF EXISTS ONLY public.produccion_detalleordenproduccion DROP CONSTRAINT IF EXISTS produccion_detalleordenproduccion_pkey;
ALTER TABLE IF EXISTS ONLY public.preferencias_sucursal DROP CONSTRAINT IF EXISTS preferencias_sucursal_pkey;
ALTER TABLE IF EXISTS ONLY public.preferencias_rol DROP CONSTRAINT IF EXISTS preferencias_rol_pkey;
ALTER TABLE IF EXISTS ONLY public.preferencias_rol DROP CONSTRAINT IF EXISTS preferencias_rol_empresa_id_nombre_8f615756_uniq;
ALTER TABLE IF EXISTS ONLY public.preferencias_permisorolmodulo DROP CONSTRAINT IF EXISTS preferencias_permisorolmodulo_rol_id_modulo_9e139082_uniq;
ALTER TABLE IF EXISTS ONLY public.preferencias_permisorolmodulo DROP CONSTRAINT IF EXISTS preferencias_permisorolmodulo_pkey;
ALTER TABLE IF EXISTS ONLY public.preferencias_permisorolaccion DROP CONSTRAINT IF EXISTS preferencias_permisorolaccion_pkey;
ALTER TABLE IF EXISTS ONLY public.preferencias_permisorolaccion DROP CONSTRAINT IF EXISTS preferencias_permisorola_rol_id_area_submodulo_ac_c6500df2_uniq;
ALTER TABLE IF EXISTS ONLY public.preferencias_moneda DROP CONSTRAINT IF EXISTS preferencias_moneda_pkey;
ALTER TABLE IF EXISTS ONLY public.preferencias_asignacionrolusuario DROP CONSTRAINT IF EXISTS preferencias_asignacionrolusuario_pkey;
ALTER TABLE IF EXISTS ONLY public.preferencias_asignacionrolusuario DROP CONSTRAINT IF EXISTS preferencias_asignacionr_usuario_id_empresa_id_0b622f37_uniq;
ALTER TABLE IF EXISTS ONLY public.pedidos_pedido DROP CONSTRAINT IF EXISTS pedidos_pedido_pkey;
ALTER TABLE IF EXISTS ONLY public.pedidos_detallepedido DROP CONSTRAINT IF EXISTS pedidos_detallepedido_pkey;
ALTER TABLE IF EXISTS ONLY public.panel_empresa DROP CONSTRAINT IF EXISTS panel_empresa_subdominio_key;
ALTER TABLE IF EXISTS ONLY public.panel_empresa DROP CONSTRAINT IF EXISTS panel_empresa_pkey;
ALTER TABLE IF EXISTS ONLY public.notificaciones_notificacion DROP CONSTRAINT IF EXISTS notificaciones_notificacion_pkey;
ALTER TABLE IF EXISTS ONLY public.django_session DROP CONSTRAINT IF EXISTS django_session_pkey;
ALTER TABLE IF EXISTS ONLY public.django_migrations DROP CONSTRAINT IF EXISTS django_migrations_pkey;
ALTER TABLE IF EXISTS ONLY public.django_content_type DROP CONSTRAINT IF EXISTS django_content_type_pkey;
ALTER TABLE IF EXISTS ONLY public.django_content_type DROP CONSTRAINT IF EXISTS django_content_type_app_label_model_76bd3d3b_uniq;
ALTER TABLE IF EXISTS ONLY public.django_admin_log DROP CONSTRAINT IF EXISTS django_admin_log_pkey;
ALTER TABLE IF EXISTS ONLY public.cotizaciones_detallecotizacion DROP CONSTRAINT IF EXISTS cotizaciones_detallecotizacion_pkey;
ALTER TABLE IF EXISTS ONLY public.cotizaciones_cotizacion DROP CONSTRAINT IF EXISTS cotizaciones_cotizacion_pkey;
ALTER TABLE IF EXISTS ONLY public.costeos_serviciopersonal DROP CONSTRAINT IF EXISTS costeos_serviciopersonal_pkey;
ALTER TABLE IF EXISTS ONLY public.costeos_serviciomaterial DROP CONSTRAINT IF EXISTS costeos_serviciomaterial_pkey;
ALTER TABLE IF EXISTS ONLY public.costeos_manufacturamateriaprima DROP CONSTRAINT IF EXISTS costeos_manufacturamateriaprima_pkey;
ALTER TABLE IF EXISTS ONLY public.costeos_manufacturamanoobra DROP CONSTRAINT IF EXISTS costeos_manufacturamanoobra_pkey;
ALTER TABLE IF EXISTS ONLY public.costeos_manufacturagastoindirecto DROP CONSTRAINT IF EXISTS costeos_manufacturagastoindirecto_pkey;
ALTER TABLE IF EXISTS ONLY public.costeos_costeo DROP CONSTRAINT IF EXISTS costeos_costeo_pkey;
ALTER TABLE IF EXISTS ONLY public.costeos_comercioadquisicion DROP CONSTRAINT IF EXISTS costeos_comercioadquisicion_pkey;
ALTER TABLE IF EXISTS ONLY public.core_transaccion DROP CONSTRAINT IF EXISTS core_transaccion_pkey;
ALTER TABLE IF EXISTS ONLY public.core_producto DROP CONSTRAINT IF EXISTS core_producto_pkey;
ALTER TABLE IF EXISTS ONLY public.core_detallereceta DROP CONSTRAINT IF EXISTS core_detallereceta_producto_padre_id_compon_5dc325bf_uniq;
ALTER TABLE IF EXISTS ONLY public.core_detallereceta DROP CONSTRAINT IF EXISTS core_detallereceta_pkey;
ALTER TABLE IF EXISTS ONLY public.core_categoria DROP CONSTRAINT IF EXISTS core_categoria_pkey;
ALTER TABLE IF EXISTS ONLY public.compras_ordencompra DROP CONSTRAINT IF EXISTS compras_ordencompra_pkey;
ALTER TABLE IF EXISTS ONLY public.compras_detallecompra DROP CONSTRAINT IF EXISTS compras_detallecompra_pkey;
ALTER TABLE IF EXISTS ONLY public.clientes_contactocliente DROP CONSTRAINT IF EXISTS clientes_contactocliente_pkey;
ALTER TABLE IF EXISTS ONLY public.clientes_cliente DROP CONSTRAINT IF EXISTS clientes_cliente_pkey;
ALTER TABLE IF EXISTS ONLY public.categorias_subcategoria DROP CONSTRAINT IF EXISTS categorias_subcategoria_pkey;
ALTER TABLE IF EXISTS ONLY public.categorias_listapreciocosto DROP CONSTRAINT IF EXISTS categorias_listapreciocosto_pkey;
ALTER TABLE IF EXISTS ONLY public.categorias_categoria DROP CONSTRAINT IF EXISTS categorias_categoria_pkey;
ALTER TABLE IF EXISTS ONLY public.auth_user DROP CONSTRAINT IF EXISTS auth_user_username_key;
ALTER TABLE IF EXISTS ONLY public.auth_user_user_permissions DROP CONSTRAINT IF EXISTS auth_user_user_permissions_user_id_permission_id_14a6b632_uniq;
ALTER TABLE IF EXISTS ONLY public.auth_user_user_permissions DROP CONSTRAINT IF EXISTS auth_user_user_permissions_pkey;
ALTER TABLE IF EXISTS ONLY public.auth_user DROP CONSTRAINT IF EXISTS auth_user_pkey;
ALTER TABLE IF EXISTS ONLY public.auth_user_groups DROP CONSTRAINT IF EXISTS auth_user_groups_user_id_group_id_94350c0c_uniq;
ALTER TABLE IF EXISTS ONLY public.auth_user_groups DROP CONSTRAINT IF EXISTS auth_user_groups_pkey;
ALTER TABLE IF EXISTS ONLY public.auth_permission DROP CONSTRAINT IF EXISTS auth_permission_pkey;
ALTER TABLE IF EXISTS ONLY public.auth_permission DROP CONSTRAINT IF EXISTS auth_permission_content_type_id_codename_01ab375a_uniq;
ALTER TABLE IF EXISTS ONLY public.auth_group DROP CONSTRAINT IF EXISTS auth_group_pkey;
ALTER TABLE IF EXISTS ONLY public.auth_group_permissions DROP CONSTRAINT IF EXISTS auth_group_permissions_pkey;
ALTER TABLE IF EXISTS ONLY public.auth_group_permissions DROP CONSTRAINT IF EXISTS auth_group_permissions_group_id_permission_id_0cd325b0_uniq;
ALTER TABLE IF EXISTS ONLY public.auth_group DROP CONSTRAINT IF EXISTS auth_group_name_key;
ALTER TABLE IF EXISTS ONLY public.almacenes_kardex DROP CONSTRAINT IF EXISTS almacenes_kardex_pkey;
ALTER TABLE IF EXISTS ONLY public.almacenes_inventario DROP CONSTRAINT IF EXISTS almacenes_inventario_producto_id_almacen_id_e56defa1_uniq;
ALTER TABLE IF EXISTS ONLY public.almacenes_inventario DROP CONSTRAINT IF EXISTS almacenes_inventario_pkey;
ALTER TABLE IF EXISTS ONLY public.almacenes_almacen DROP CONSTRAINT IF EXISTS almacenes_almacen_pkey;
ALTER TABLE IF EXISTS ONLY public.actividades_actividad DROP CONSTRAINT IF EXISTS actividades_actividad_pkey;
DROP TABLE IF EXISTS public.ventas_ordenventa;
DROP TABLE IF EXISTS public.ventas_detalleordenventa;
DROP TABLE IF EXISTS public.tesoreria_pagopedido;
DROP TABLE IF EXISTS public.tesoreria_pagocompra;
DROP TABLE IF EXISTS public.tesoreria_ingreso;
DROP TABLE IF EXISTS public.tesoreria_egreso;
DROP TABLE IF EXISTS public.tesoreria_cajabanco;
DROP TABLE IF EXISTS public.solicitudcompras_solicitudcompra;
DROP TABLE IF EXISTS public.solicitudcompras_detallesolicitudcompra;
DROP TABLE IF EXISTS public.recursos_humanos_trabajadorsua;
DROP TABLE IF EXISTS public.recursos_humanos_nomina;
DROP TABLE IF EXISTS public.recursos_humanos_importacionsua;
DROP TABLE IF EXISTS public.recursos_humanos_empleado;
DROP TABLE IF EXISTS public.recursos_humanos_contrato_empleados;
DROP TABLE IF EXISTS public.recursos_humanos_contrato;
DROP TABLE IF EXISTS public.recursos_humanos_contratista;
DROP TABLE IF EXISTS public.recursos_humanos_beneficiario;
DROP TABLE IF EXISTS public.recepciones_recepcion;
DROP TABLE IF EXISTS public.recepciones_detallerecepcionextra;
DROP TABLE IF EXISTS public.recepciones_detallerecepcion;
DROP TABLE IF EXISTS public.proveedores_sucursalproveedor;
DROP TABLE IF EXISTS public.proveedores_proveedor;
DROP TABLE IF EXISTS public.produccion_test;
DROP TABLE IF EXISTS public.produccion_resultadotestop;
DROP TABLE IF EXISTS public.produccion_ordenproduccion;
DROP TABLE IF EXISTS public.produccion_itemtest;
DROP TABLE IF EXISTS public.produccion_detalleordenproduccion;
DROP TABLE IF EXISTS public.preferencias_sucursal;
DROP TABLE IF EXISTS public.preferencias_rol;
DROP TABLE IF EXISTS public.preferencias_permisorolmodulo;
DROP TABLE IF EXISTS public.preferencias_permisorolaccion;
DROP TABLE IF EXISTS public.preferencias_moneda;
DROP TABLE IF EXISTS public.preferencias_asignacionrolusuario;
DROP TABLE IF EXISTS public.pedidos_pedido;
DROP TABLE IF EXISTS public.pedidos_detallepedido;
DROP TABLE IF EXISTS public.panel_empresa;
DROP TABLE IF EXISTS public.notificaciones_notificacion;
DROP TABLE IF EXISTS public.django_session;
DROP TABLE IF EXISTS public.django_migrations;
DROP TABLE IF EXISTS public.django_content_type;
DROP TABLE IF EXISTS public.django_admin_log;
DROP TABLE IF EXISTS public.cotizaciones_detallecotizacion;
DROP TABLE IF EXISTS public.cotizaciones_cotizacion;
DROP TABLE IF EXISTS public.costeos_serviciopersonal;
DROP TABLE IF EXISTS public.costeos_serviciomaterial;
DROP TABLE IF EXISTS public.costeos_manufacturamateriaprima;
DROP TABLE IF EXISTS public.costeos_manufacturamanoobra;
DROP TABLE IF EXISTS public.costeos_manufacturagastoindirecto;
DROP TABLE IF EXISTS public.costeos_costeo;
DROP TABLE IF EXISTS public.costeos_comercioadquisicion;
DROP TABLE IF EXISTS public.core_transaccion;
DROP TABLE IF EXISTS public.core_producto;
DROP TABLE IF EXISTS public.core_detallereceta;
DROP TABLE IF EXISTS public.core_categoria;
DROP TABLE IF EXISTS public.compras_ordencompra;
DROP TABLE IF EXISTS public.compras_detallecompra;
DROP TABLE IF EXISTS public.clientes_contactocliente;
DROP TABLE IF EXISTS public.clientes_cliente;
DROP TABLE IF EXISTS public.categorias_subcategoria;
DROP TABLE IF EXISTS public.categorias_listapreciocosto;
DROP TABLE IF EXISTS public.categorias_categoria;
DROP TABLE IF EXISTS public.auth_user_user_permissions;
DROP TABLE IF EXISTS public.auth_user_groups;
DROP TABLE IF EXISTS public.auth_user;
DROP TABLE IF EXISTS public.auth_permission;
DROP TABLE IF EXISTS public.auth_group_permissions;
DROP TABLE IF EXISTS public.auth_group;
DROP TABLE IF EXISTS public.almacenes_kardex;
DROP TABLE IF EXISTS public.almacenes_inventario;
DROP TABLE IF EXISTS public.almacenes_almacen;
DROP TABLE IF EXISTS public.actividades_actividad;
-- *not* dropping schema, since initdb creates it
--
-- Name: public; Type: SCHEMA; Schema: -; Owner: madmin
--

-- *not* creating schema, since initdb creates it


ALTER SCHEMA public OWNER TO madmin;

SET default_tablespace = '';

SET default_table_access_method = heap;

--
-- Name: actividades_actividad; Type: TABLE; Schema: public; Owner: madmin
--

CREATE TABLE public.actividades_actividad (
    id bigint NOT NULL,
    nombre character varying(200) NOT NULL,
    fecha date NOT NULL,
    hora_inicio time without time zone NOT NULL,
    hora_fin time without time zone,
    tipo character varying(20) NOT NULL,
    prioridad character varying(20) NOT NULL,
    correo character varying(254) NOT NULL,
    direccion text NOT NULL,
    descripcion text,
    creado_en timestamp with time zone NOT NULL,
    estado character varying(20) NOT NULL,
    motivo_cancelacion text,
    cliente_id bigint NOT NULL,
    contacto_id bigint,
    cotizacion_id bigint,
    empresa_id bigint,
    sucursal_id bigint
);


ALTER TABLE public.actividades_actividad OWNER TO madmin;

--
-- Name: actividades_actividad_id_seq; Type: SEQUENCE; Schema: public; Owner: madmin
--

ALTER TABLE public.actividades_actividad ALTER COLUMN id ADD GENERATED BY DEFAULT AS IDENTITY (
    SEQUENCE NAME public.actividades_actividad_id_seq
    START WITH 1
    INCREMENT BY 1
    NO MINVALUE
    NO MAXVALUE
    CACHE 1
);


--
-- Name: almacenes_almacen; Type: TABLE; Schema: public; Owner: madmin
--

CREATE TABLE public.almacenes_almacen (
    id bigint NOT NULL,
    nombre character varying(150) NOT NULL,
    responsable character varying(150),
    calle character varying(200),
    numero_ext character varying(20),
    numero_int character varying(20),
    colonia character varying(150),
    estado character varying(100),
    cp character varying(10),
    telefono character varying(20),
    fecha_creacion timestamp with time zone NOT NULL,
    empresa_id bigint,
    sucursal_id bigint
);


ALTER TABLE public.almacenes_almacen OWNER TO madmin;

--
-- Name: almacenes_almacen_id_seq; Type: SEQUENCE; Schema: public; Owner: madmin
--

ALTER TABLE public.almacenes_almacen ALTER COLUMN id ADD GENERATED BY DEFAULT AS IDENTITY (
    SEQUENCE NAME public.almacenes_almacen_id_seq
    START WITH 1
    INCREMENT BY 1
    NO MINVALUE
    NO MAXVALUE
    CACHE 1
);


--
-- Name: almacenes_inventario; Type: TABLE; Schema: public; Owner: madmin
--

CREATE TABLE public.almacenes_inventario (
    id bigint NOT NULL,
    cantidad integer NOT NULL,
    costo_promedio numeric(10,2) NOT NULL,
    fecha_actualizacion timestamp with time zone NOT NULL,
    almacen_id bigint NOT NULL,
    empresa_id bigint,
    producto_id bigint NOT NULL,
    reservado integer NOT NULL,
    sucursal_id bigint,
    CONSTRAINT almacenes_inventario_reservado_check CHECK ((reservado >= 0))
);


ALTER TABLE public.almacenes_inventario OWNER TO madmin;

--
-- Name: almacenes_inventario_id_seq; Type: SEQUENCE; Schema: public; Owner: madmin
--

ALTER TABLE public.almacenes_inventario ALTER COLUMN id ADD GENERATED BY DEFAULT AS IDENTITY (
    SEQUENCE NAME public.almacenes_inventario_id_seq
    START WITH 1
    INCREMENT BY 1
    NO MINVALUE
    NO MAXVALUE
    CACHE 1
);


--
-- Name: almacenes_kardex; Type: TABLE; Schema: public; Owner: madmin
--

CREATE TABLE public.almacenes_kardex (
    id bigint NOT NULL,
    fecha timestamp with time zone NOT NULL,
    tipo_movimiento character varying(10) NOT NULL,
    cantidad numeric(10,2) NOT NULL,
    stock_anterior numeric(10,2) NOT NULL,
    stock_nuevo numeric(10,2) NOT NULL,
    referencia character varying(200),
    almacen_id bigint NOT NULL,
    empresa_id bigint NOT NULL,
    producto_id bigint NOT NULL,
    lote character varying(100),
    serie character varying(100),
    usuario_id integer,
    sucursal_id bigint
);


ALTER TABLE public.almacenes_kardex OWNER TO madmin;

--
-- Name: almacenes_kardex_id_seq; Type: SEQUENCE; Schema: public; Owner: madmin
--

ALTER TABLE public.almacenes_kardex ALTER COLUMN id ADD GENERATED BY DEFAULT AS IDENTITY (
    SEQUENCE NAME public.almacenes_kardex_id_seq
    START WITH 1
    INCREMENT BY 1
    NO MINVALUE
    NO MAXVALUE
    CACHE 1
);


--
-- Name: auth_group; Type: TABLE; Schema: public; Owner: madmin
--

CREATE TABLE public.auth_group (
    id integer NOT NULL,
    name character varying(150) NOT NULL
);


ALTER TABLE public.auth_group OWNER TO madmin;

--
-- Name: auth_group_id_seq; Type: SEQUENCE; Schema: public; Owner: madmin
--

ALTER TABLE public.auth_group ALTER COLUMN id ADD GENERATED BY DEFAULT AS IDENTITY (
    SEQUENCE NAME public.auth_group_id_seq
    START WITH 1
    INCREMENT BY 1
    NO MINVALUE
    NO MAXVALUE
    CACHE 1
);


--
-- Name: auth_group_permissions; Type: TABLE; Schema: public; Owner: madmin
--

CREATE TABLE public.auth_group_permissions (
    id bigint NOT NULL,
    group_id integer NOT NULL,
    permission_id integer NOT NULL
);


ALTER TABLE public.auth_group_permissions OWNER TO madmin;

--
-- Name: auth_group_permissions_id_seq; Type: SEQUENCE; Schema: public; Owner: madmin
--

ALTER TABLE public.auth_group_permissions ALTER COLUMN id ADD GENERATED BY DEFAULT AS IDENTITY (
    SEQUENCE NAME public.auth_group_permissions_id_seq
    START WITH 1
    INCREMENT BY 1
    NO MINVALUE
    NO MAXVALUE
    CACHE 1
);


--
-- Name: auth_permission; Type: TABLE; Schema: public; Owner: madmin
--

CREATE TABLE public.auth_permission (
    id integer NOT NULL,
    name character varying(255) NOT NULL,
    content_type_id integer NOT NULL,
    codename character varying(100) NOT NULL
);


ALTER TABLE public.auth_permission OWNER TO madmin;

--
-- Name: auth_permission_id_seq; Type: SEQUENCE; Schema: public; Owner: madmin
--

ALTER TABLE public.auth_permission ALTER COLUMN id ADD GENERATED BY DEFAULT AS IDENTITY (
    SEQUENCE NAME public.auth_permission_id_seq
    START WITH 1
    INCREMENT BY 1
    NO MINVALUE
    NO MAXVALUE
    CACHE 1
);


--
-- Name: auth_user; Type: TABLE; Schema: public; Owner: madmin
--

CREATE TABLE public.auth_user (
    id integer NOT NULL,
    password character varying(128) NOT NULL,
    last_login timestamp with time zone,
    is_superuser boolean NOT NULL,
    username character varying(150) NOT NULL,
    first_name character varying(150) NOT NULL,
    last_name character varying(150) NOT NULL,
    email character varying(254) NOT NULL,
    is_staff boolean NOT NULL,
    is_active boolean NOT NULL,
    date_joined timestamp with time zone NOT NULL
);


ALTER TABLE public.auth_user OWNER TO madmin;

--
-- Name: auth_user_groups; Type: TABLE; Schema: public; Owner: madmin
--

CREATE TABLE public.auth_user_groups (
    id bigint NOT NULL,
    user_id integer NOT NULL,
    group_id integer NOT NULL
);


ALTER TABLE public.auth_user_groups OWNER TO madmin;

--
-- Name: auth_user_groups_id_seq; Type: SEQUENCE; Schema: public; Owner: madmin
--

ALTER TABLE public.auth_user_groups ALTER COLUMN id ADD GENERATED BY DEFAULT AS IDENTITY (
    SEQUENCE NAME public.auth_user_groups_id_seq
    START WITH 1
    INCREMENT BY 1
    NO MINVALUE
    NO MAXVALUE
    CACHE 1
);


--
-- Name: auth_user_id_seq; Type: SEQUENCE; Schema: public; Owner: madmin
--

ALTER TABLE public.auth_user ALTER COLUMN id ADD GENERATED BY DEFAULT AS IDENTITY (
    SEQUENCE NAME public.auth_user_id_seq
    START WITH 1
    INCREMENT BY 1
    NO MINVALUE
    NO MAXVALUE
    CACHE 1
);


--
-- Name: auth_user_user_permissions; Type: TABLE; Schema: public; Owner: madmin
--

CREATE TABLE public.auth_user_user_permissions (
    id bigint NOT NULL,
    user_id integer NOT NULL,
    permission_id integer NOT NULL
);


ALTER TABLE public.auth_user_user_permissions OWNER TO madmin;

--
-- Name: auth_user_user_permissions_id_seq; Type: SEQUENCE; Schema: public; Owner: madmin
--

ALTER TABLE public.auth_user_user_permissions ALTER COLUMN id ADD GENERATED BY DEFAULT AS IDENTITY (
    SEQUENCE NAME public.auth_user_user_permissions_id_seq
    START WITH 1
    INCREMENT BY 1
    NO MINVALUE
    NO MAXVALUE
    CACHE 1
);


--
-- Name: categorias_categoria; Type: TABLE; Schema: public; Owner: madmin
--

CREATE TABLE public.categorias_categoria (
    id bigint NOT NULL,
    nombre character varying(150) NOT NULL,
    empresa_id bigint
);


ALTER TABLE public.categorias_categoria OWNER TO madmin;

--
-- Name: categorias_categoria_id_seq; Type: SEQUENCE; Schema: public; Owner: madmin
--

ALTER TABLE public.categorias_categoria ALTER COLUMN id ADD GENERATED BY DEFAULT AS IDENTITY (
    SEQUENCE NAME public.categorias_categoria_id_seq
    START WITH 1
    INCREMENT BY 1
    NO MINVALUE
    NO MAXVALUE
    CACHE 1
);


--
-- Name: categorias_listapreciocosto; Type: TABLE; Schema: public; Owner: madmin
--

CREATE TABLE public.categorias_listapreciocosto (
    id bigint NOT NULL,
    nombre character varying(150) NOT NULL,
    porcentaje_extra numeric(10,2) NOT NULL,
    monto_extra numeric(10,2) NOT NULL,
    tipo character varying(10) NOT NULL,
    fecha_creacion timestamp with time zone NOT NULL,
    empresa_id bigint
);


ALTER TABLE public.categorias_listapreciocosto OWNER TO madmin;

--
-- Name: categorias_listapreciocosto_id_seq; Type: SEQUENCE; Schema: public; Owner: madmin
--

ALTER TABLE public.categorias_listapreciocosto ALTER COLUMN id ADD GENERATED BY DEFAULT AS IDENTITY (
    SEQUENCE NAME public.categorias_listapreciocosto_id_seq
    START WITH 1
    INCREMENT BY 1
    NO MINVALUE
    NO MAXVALUE
    CACHE 1
);


--
-- Name: categorias_subcategoria; Type: TABLE; Schema: public; Owner: madmin
--

CREATE TABLE public.categorias_subcategoria (
    id bigint NOT NULL,
    nombre character varying(150) NOT NULL,
    categoria_id bigint NOT NULL,
    empresa_id bigint
);


ALTER TABLE public.categorias_subcategoria OWNER TO madmin;

--
-- Name: categorias_subcategoria_id_seq; Type: SEQUENCE; Schema: public; Owner: madmin
--

ALTER TABLE public.categorias_subcategoria ALTER COLUMN id ADD GENERATED BY DEFAULT AS IDENTITY (
    SEQUENCE NAME public.categorias_subcategoria_id_seq
    START WITH 1
    INCREMENT BY 1
    NO MINVALUE
    NO MAXVALUE
    CACHE 1
);


--
-- Name: clientes_cliente; Type: TABLE; Schema: public; Owner: madmin
--

CREATE TABLE public.clientes_cliente (
    id bigint NOT NULL,
    nombre character varying(100) NOT NULL,
    apellidos character varying(100) NOT NULL,
    razon_social character varying(200),
    rfc character varying(13),
    email character varying(254),
    telefono character varying(20),
    calle character varying(200),
    numero_ext character varying(50),
    numero_int character varying(50),
    colonia character varying(100),
    estado_dir character varying(100),
    cp character varying(50),
    estado character varying(20) NOT NULL,
    tipo character varying(20) NOT NULL,
    relacion character varying(20) NOT NULL,
    creado_en timestamp with time zone NOT NULL,
    empresa_id bigint,
    envio_calle character varying(200),
    envio_colonia character varying(100),
    envio_correo character varying(254),
    envio_cp character varying(50),
    envio_estado character varying(100),
    envio_notas text,
    envio_numero_ext character varying(50),
    envio_numero_int character varying(50),
    envio_quien_recibe character varying(150),
    envio_telefono character varying(20)
);


ALTER TABLE public.clientes_cliente OWNER TO madmin;

--
-- Name: clientes_cliente_id_seq; Type: SEQUENCE; Schema: public; Owner: madmin
--

ALTER TABLE public.clientes_cliente ALTER COLUMN id ADD GENERATED BY DEFAULT AS IDENTITY (
    SEQUENCE NAME public.clientes_cliente_id_seq
    START WITH 1
    INCREMENT BY 1
    NO MINVALUE
    NO MAXVALUE
    CACHE 1
);


--
-- Name: clientes_contactocliente; Type: TABLE; Schema: public; Owner: madmin
--

CREATE TABLE public.clientes_contactocliente (
    id bigint NOT NULL,
    nombre_completo character varying(200) NOT NULL,
    telefono_1 character varying(20),
    telefono_2 character varying(20),
    correo_1 character varying(254),
    correo_2 character varying(254),
    notas text,
    creado_en timestamp with time zone NOT NULL,
    cliente_id bigint NOT NULL
);


ALTER TABLE public.clientes_contactocliente OWNER TO madmin;

--
-- Name: clientes_contactocliente_id_seq; Type: SEQUENCE; Schema: public; Owner: madmin
--

ALTER TABLE public.clientes_contactocliente ALTER COLUMN id ADD GENERATED BY DEFAULT AS IDENTITY (
    SEQUENCE NAME public.clientes_contactocliente_id_seq
    START WITH 1
    INCREMENT BY 1
    NO MINVALUE
    NO MAXVALUE
    CACHE 1
);


--
-- Name: compras_detallecompra; Type: TABLE; Schema: public; Owner: madmin
--

CREATE TABLE public.compras_detallecompra (
    id bigint NOT NULL,
    cantidad integer NOT NULL,
    precio_costo numeric(10,2) NOT NULL,
    producto_id bigint NOT NULL,
    orden_compra_id bigint NOT NULL,
    detalle_pedido_origen_id bigint,
    CONSTRAINT compras_detallecompra_cantidad_check CHECK ((cantidad >= 0))
);


ALTER TABLE public.compras_detallecompra OWNER TO madmin;

--
-- Name: compras_detallecompra_id_seq; Type: SEQUENCE; Schema: public; Owner: madmin
--

ALTER TABLE public.compras_detallecompra ALTER COLUMN id ADD GENERATED BY DEFAULT AS IDENTITY (
    SEQUENCE NAME public.compras_detallecompra_id_seq
    START WITH 1
    INCREMENT BY 1
    NO MINVALUE
    NO MAXVALUE
    CACHE 1
);


--
-- Name: compras_ordencompra; Type: TABLE; Schema: public; Owner: madmin
--

CREATE TABLE public.compras_ordencompra (
    id bigint NOT NULL,
    proveedor_id bigint NOT NULL,
    fecha timestamp with time zone NOT NULL,
    estado character varying(20) NOT NULL,
    notas text,
    almacen_destino_id bigint,
    empresa_id bigint,
    usuario_id integer,
    solicitud_origen_id bigint,
    moneda_id bigint,
    tipo_cambio numeric(10,4) NOT NULL,
    sucursal_id bigint,
    sucursal_empresa_id bigint,
    descuento numeric(12,2) NOT NULL
);


ALTER TABLE public.compras_ordencompra OWNER TO madmin;

--
-- Name: compras_ordencompra_id_seq; Type: SEQUENCE; Schema: public; Owner: madmin
--

ALTER TABLE public.compras_ordencompra ALTER COLUMN id ADD GENERATED BY DEFAULT AS IDENTITY (
    SEQUENCE NAME public.compras_ordencompra_id_seq
    START WITH 1
    INCREMENT BY 1
    NO MINVALUE
    NO MAXVALUE
    CACHE 1
);


--
-- Name: core_categoria; Type: TABLE; Schema: public; Owner: madmin
--

CREATE TABLE public.core_categoria (
    id bigint NOT NULL,
    nombre character varying(100) NOT NULL,
    empresa_id bigint
);


ALTER TABLE public.core_categoria OWNER TO madmin;

--
-- Name: core_categoria_id_seq; Type: SEQUENCE; Schema: public; Owner: madmin
--

ALTER TABLE public.core_categoria ALTER COLUMN id ADD GENERATED BY DEFAULT AS IDENTITY (
    SEQUENCE NAME public.core_categoria_id_seq
    START WITH 1
    INCREMENT BY 1
    NO MINVALUE
    NO MAXVALUE
    CACHE 1
);


--
-- Name: core_detallereceta; Type: TABLE; Schema: public; Owner: madmin
--

CREATE TABLE public.core_detallereceta (
    id bigint NOT NULL,
    cantidad integer NOT NULL,
    componente_id bigint NOT NULL,
    producto_padre_id bigint NOT NULL,
    CONSTRAINT core_detallereceta_cantidad_check CHECK ((cantidad >= 0))
);


ALTER TABLE public.core_detallereceta OWNER TO madmin;

--
-- Name: core_detallereceta_id_seq; Type: SEQUENCE; Schema: public; Owner: madmin
--

ALTER TABLE public.core_detallereceta ALTER COLUMN id ADD GENERATED BY DEFAULT AS IDENTITY (
    SEQUENCE NAME public.core_detallereceta_id_seq
    START WITH 1
    INCREMENT BY 1
    NO MINVALUE
    NO MAXVALUE
    CACHE 1
);


--
-- Name: core_producto; Type: TABLE; Schema: public; Owner: madmin
--

CREATE TABLE public.core_producto (
    id bigint NOT NULL,
    nombre character varying(200) NOT NULL,
    descripcion text,
    tipo character varying(20) NOT NULL,
    estado character varying(20) NOT NULL,
    categoria character varying(100),
    subcategoria character varying(100),
    marca character varying(100),
    modelo character varying(100),
    linea character varying(100),
    unidad_medida character varying(50) NOT NULL,
    precio_costo numeric(10,2) NOT NULL,
    precio_venta numeric(10,2) NOT NULL,
    stock_minimo integer NOT NULL,
    stock_maximo integer NOT NULL,
    maneja_lote boolean NOT NULL,
    maneja_serie boolean NOT NULL,
    fecha_creacion timestamp with time zone NOT NULL,
    empresa_id bigint,
    tipo_abastecimiento character varying(20) NOT NULL,
    costos_lista jsonb NOT NULL,
    precios_lista jsonb NOT NULL,
    ieps numeric(5,2) NOT NULL,
    iva numeric(5,2) NOT NULL,
    test_calidad_id bigint,
    clave character varying(100),
    tiene_iva boolean NOT NULL
);


ALTER TABLE public.core_producto OWNER TO madmin;

--
-- Name: core_producto_id_seq; Type: SEQUENCE; Schema: public; Owner: madmin
--

ALTER TABLE public.core_producto ALTER COLUMN id ADD GENERATED BY DEFAULT AS IDENTITY (
    SEQUENCE NAME public.core_producto_id_seq
    START WITH 1
    INCREMENT BY 1
    NO MINVALUE
    NO MAXVALUE
    CACHE 1
);


--
-- Name: core_transaccion; Type: TABLE; Schema: public; Owner: madmin
--

CREATE TABLE public.core_transaccion (
    id bigint NOT NULL,
    tipo character varying(10) NOT NULL,
    cantidad integer NOT NULL,
    total numeric(10,2) NOT NULL,
    fecha timestamp with time zone NOT NULL,
    estado character varying(20) NOT NULL,
    almacen_id bigint NOT NULL,
    empresa_id bigint,
    producto_id bigint NOT NULL,
    proveedor_id bigint
);


ALTER TABLE public.core_transaccion OWNER TO madmin;

--
-- Name: core_transaccion_id_seq; Type: SEQUENCE; Schema: public; Owner: madmin
--

ALTER TABLE public.core_transaccion ALTER COLUMN id ADD GENERATED BY DEFAULT AS IDENTITY (
    SEQUENCE NAME public.core_transaccion_id_seq
    START WITH 1
    INCREMENT BY 1
    NO MINVALUE
    NO MAXVALUE
    CACHE 1
);


--
-- Name: costeos_comercioadquisicion; Type: TABLE; Schema: public; Owner: madmin
--

CREATE TABLE public.costeos_comercioadquisicion (
    id bigint NOT NULL,
    concepto character varying(200) NOT NULL,
    monto numeric(12,2) NOT NULL,
    moneda_id bigint NOT NULL,
    costeo_id bigint NOT NULL
);


ALTER TABLE public.costeos_comercioadquisicion OWNER TO madmin;

--
-- Name: costeos_comercioadquisicion_id_seq; Type: SEQUENCE; Schema: public; Owner: madmin
--

ALTER TABLE public.costeos_comercioadquisicion ALTER COLUMN id ADD GENERATED BY DEFAULT AS IDENTITY (
    SEQUENCE NAME public.costeos_comercioadquisicion_id_seq
    START WITH 1
    INCREMENT BY 1
    NO MINVALUE
    NO MAXVALUE
    CACHE 1
);


--
-- Name: costeos_costeo; Type: TABLE; Schema: public; Owner: madmin
--

CREATE TABLE public.costeos_costeo (
    id bigint NOT NULL,
    nombre_identificador character varying(255) NOT NULL,
    es_manufactura boolean NOT NULL,
    es_comercio boolean NOT NULL,
    es_servicio boolean NOT NULL,
    margen_porcentaje numeric(5,2) NOT NULL,
    precio_venta_fijo numeric(12,2) NOT NULL,
    utiliza_porcentaje boolean NOT NULL,
    iva_porcentaje numeric(5,2) NOT NULL,
    fecha_creacion timestamp with time zone NOT NULL,
    empresa_id bigint NOT NULL,
    sucursal_id bigint,
    vendedor_id integer NOT NULL,
    estado character varying(20) NOT NULL,
    duplicado_de_id bigint
);


ALTER TABLE public.costeos_costeo OWNER TO madmin;

--
-- Name: costeos_costeo_id_seq; Type: SEQUENCE; Schema: public; Owner: madmin
--

ALTER TABLE public.costeos_costeo ALTER COLUMN id ADD GENERATED BY DEFAULT AS IDENTITY (
    SEQUENCE NAME public.costeos_costeo_id_seq
    START WITH 1
    INCREMENT BY 1
    NO MINVALUE
    NO MAXVALUE
    CACHE 1
);


--
-- Name: costeos_manufacturagastoindirecto; Type: TABLE; Schema: public; Owner: madmin
--

CREATE TABLE public.costeos_manufacturagastoindirecto (
    id bigint NOT NULL,
    concepto character varying(200) NOT NULL,
    monto numeric(12,2) NOT NULL,
    costeo_id bigint NOT NULL,
    moneda_id bigint NOT NULL
);


ALTER TABLE public.costeos_manufacturagastoindirecto OWNER TO madmin;

--
-- Name: costeos_manufacturagastoindirecto_id_seq; Type: SEQUENCE; Schema: public; Owner: madmin
--

ALTER TABLE public.costeos_manufacturagastoindirecto ALTER COLUMN id ADD GENERATED BY DEFAULT AS IDENTITY (
    SEQUENCE NAME public.costeos_manufacturagastoindirecto_id_seq
    START WITH 1
    INCREMENT BY 1
    NO MINVALUE
    NO MAXVALUE
    CACHE 1
);


--
-- Name: costeos_manufacturamanoobra; Type: TABLE; Schema: public; Owner: madmin
--

CREATE TABLE public.costeos_manufacturamanoobra (
    id bigint NOT NULL,
    concepto character varying(200) NOT NULL,
    horas numeric(12,2) NOT NULL,
    costo_hora numeric(12,2) NOT NULL,
    costeo_id bigint NOT NULL,
    moneda_id bigint NOT NULL
);


ALTER TABLE public.costeos_manufacturamanoobra OWNER TO madmin;

--
-- Name: costeos_manufacturamanoobra_id_seq; Type: SEQUENCE; Schema: public; Owner: madmin
--

ALTER TABLE public.costeos_manufacturamanoobra ALTER COLUMN id ADD GENERATED BY DEFAULT AS IDENTITY (
    SEQUENCE NAME public.costeos_manufacturamanoobra_id_seq
    START WITH 1
    INCREMENT BY 1
    NO MINVALUE
    NO MAXVALUE
    CACHE 1
);


--
-- Name: costeos_manufacturamateriaprima; Type: TABLE; Schema: public; Owner: madmin
--

CREATE TABLE public.costeos_manufacturamateriaprima (
    id bigint NOT NULL,
    nombre character varying(200) NOT NULL,
    cantidad numeric(12,4) NOT NULL,
    costo_unitario numeric(12,2) NOT NULL,
    costeo_id bigint NOT NULL,
    moneda_id bigint NOT NULL
);


ALTER TABLE public.costeos_manufacturamateriaprima OWNER TO madmin;

--
-- Name: costeos_manufacturamateriaprima_id_seq; Type: SEQUENCE; Schema: public; Owner: madmin
--

ALTER TABLE public.costeos_manufacturamateriaprima ALTER COLUMN id ADD GENERATED BY DEFAULT AS IDENTITY (
    SEQUENCE NAME public.costeos_manufacturamateriaprima_id_seq
    START WITH 1
    INCREMENT BY 1
    NO MINVALUE
    NO MAXVALUE
    CACHE 1
);


--
-- Name: costeos_serviciomaterial; Type: TABLE; Schema: public; Owner: madmin
--

CREATE TABLE public.costeos_serviciomaterial (
    id bigint NOT NULL,
    concepto character varying(200) NOT NULL,
    cantidad numeric(12,4) NOT NULL,
    costo numeric(12,2) NOT NULL,
    costeo_id bigint NOT NULL,
    moneda_id bigint NOT NULL
);


ALTER TABLE public.costeos_serviciomaterial OWNER TO madmin;

--
-- Name: costeos_serviciomaterial_id_seq; Type: SEQUENCE; Schema: public; Owner: madmin
--

ALTER TABLE public.costeos_serviciomaterial ALTER COLUMN id ADD GENERATED BY DEFAULT AS IDENTITY (
    SEQUENCE NAME public.costeos_serviciomaterial_id_seq
    START WITH 1
    INCREMENT BY 1
    NO MINVALUE
    NO MAXVALUE
    CACHE 1
);


--
-- Name: costeos_serviciopersonal; Type: TABLE; Schema: public; Owner: madmin
--

CREATE TABLE public.costeos_serviciopersonal (
    id bigint NOT NULL,
    rol character varying(200) NOT NULL,
    horas numeric(12,2) NOT NULL,
    tarifa_hora numeric(12,2) NOT NULL,
    costeo_id bigint NOT NULL,
    moneda_id bigint NOT NULL
);


ALTER TABLE public.costeos_serviciopersonal OWNER TO madmin;

--
-- Name: costeos_serviciopersonal_id_seq; Type: SEQUENCE; Schema: public; Owner: madmin
--

ALTER TABLE public.costeos_serviciopersonal ALTER COLUMN id ADD GENERATED BY DEFAULT AS IDENTITY (
    SEQUENCE NAME public.costeos_serviciopersonal_id_seq
    START WITH 1
    INCREMENT BY 1
    NO MINVALUE
    NO MAXVALUE
    CACHE 1
);


--
-- Name: cotizaciones_cotizacion; Type: TABLE; Schema: public; Owner: madmin
--

CREATE TABLE public.cotizaciones_cotizacion (
    id bigint NOT NULL,
    fecha_inicio date NOT NULL,
    fecha_fin date NOT NULL,
    origen character varying(200) NOT NULL,
    direccion_entrega text NOT NULL,
    estado character varying(20) NOT NULL,
    creado_en timestamp with time zone NOT NULL,
    cliente_id bigint NOT NULL,
    contacto_id bigint,
    empresa_id bigint,
    parent_quote_id bigint,
    vendedor_id integer NOT NULL,
    resultado character varying(20) NOT NULL,
    sucursal_id bigint
);


ALTER TABLE public.cotizaciones_cotizacion OWNER TO madmin;

--
-- Name: cotizaciones_cotizacion_id_seq; Type: SEQUENCE; Schema: public; Owner: madmin
--

ALTER TABLE public.cotizaciones_cotizacion ALTER COLUMN id ADD GENERATED BY DEFAULT AS IDENTITY (
    SEQUENCE NAME public.cotizaciones_cotizacion_id_seq
    START WITH 1
    INCREMENT BY 1
    NO MINVALUE
    NO MAXVALUE
    CACHE 1
);


--
-- Name: cotizaciones_detallecotizacion; Type: TABLE; Schema: public; Owner: madmin
--

CREATE TABLE public.cotizaciones_detallecotizacion (
    id bigint NOT NULL,
    cantidad integer NOT NULL,
    precio_unitario numeric(10,2) NOT NULL,
    cotizacion_id bigint NOT NULL,
    producto_id bigint NOT NULL,
    CONSTRAINT cotizaciones_detallecotizacion_cantidad_check CHECK ((cantidad >= 0))
);


ALTER TABLE public.cotizaciones_detallecotizacion OWNER TO madmin;

--
-- Name: cotizaciones_detallecotizacion_id_seq; Type: SEQUENCE; Schema: public; Owner: madmin
--

ALTER TABLE public.cotizaciones_detallecotizacion ALTER COLUMN id ADD GENERATED BY DEFAULT AS IDENTITY (
    SEQUENCE NAME public.cotizaciones_detallecotizacion_id_seq
    START WITH 1
    INCREMENT BY 1
    NO MINVALUE
    NO MAXVALUE
    CACHE 1
);


--
-- Name: django_admin_log; Type: TABLE; Schema: public; Owner: madmin
--

CREATE TABLE public.django_admin_log (
    id integer NOT NULL,
    action_time timestamp with time zone NOT NULL,
    object_id text,
    object_repr character varying(200) NOT NULL,
    action_flag smallint NOT NULL,
    change_message text NOT NULL,
    content_type_id integer,
    user_id integer NOT NULL,
    CONSTRAINT django_admin_log_action_flag_check CHECK ((action_flag >= 0))
);


ALTER TABLE public.django_admin_log OWNER TO madmin;

--
-- Name: django_admin_log_id_seq; Type: SEQUENCE; Schema: public; Owner: madmin
--

ALTER TABLE public.django_admin_log ALTER COLUMN id ADD GENERATED BY DEFAULT AS IDENTITY (
    SEQUENCE NAME public.django_admin_log_id_seq
    START WITH 1
    INCREMENT BY 1
    NO MINVALUE
    NO MAXVALUE
    CACHE 1
);


--
-- Name: django_content_type; Type: TABLE; Schema: public; Owner: madmin
--

CREATE TABLE public.django_content_type (
    id integer NOT NULL,
    app_label character varying(100) NOT NULL,
    model character varying(100) NOT NULL
);


ALTER TABLE public.django_content_type OWNER TO madmin;

--
-- Name: django_content_type_id_seq; Type: SEQUENCE; Schema: public; Owner: madmin
--

ALTER TABLE public.django_content_type ALTER COLUMN id ADD GENERATED BY DEFAULT AS IDENTITY (
    SEQUENCE NAME public.django_content_type_id_seq
    START WITH 1
    INCREMENT BY 1
    NO MINVALUE
    NO MAXVALUE
    CACHE 1
);


--
-- Name: django_migrations; Type: TABLE; Schema: public; Owner: madmin
--

CREATE TABLE public.django_migrations (
    id bigint NOT NULL,
    app character varying(255) NOT NULL,
    name character varying(255) NOT NULL,
    applied timestamp with time zone NOT NULL
);


ALTER TABLE public.django_migrations OWNER TO madmin;

--
-- Name: django_migrations_id_seq; Type: SEQUENCE; Schema: public; Owner: madmin
--

ALTER TABLE public.django_migrations ALTER COLUMN id ADD GENERATED BY DEFAULT AS IDENTITY (
    SEQUENCE NAME public.django_migrations_id_seq
    START WITH 1
    INCREMENT BY 1
    NO MINVALUE
    NO MAXVALUE
    CACHE 1
);


--
-- Name: django_session; Type: TABLE; Schema: public; Owner: madmin
--

CREATE TABLE public.django_session (
    session_key character varying(40) NOT NULL,
    session_data text NOT NULL,
    expire_date timestamp with time zone NOT NULL
);


ALTER TABLE public.django_session OWNER TO madmin;

--
-- Name: notificaciones_notificacion; Type: TABLE; Schema: public; Owner: madmin
--

CREATE TABLE public.notificaciones_notificacion (
    id bigint NOT NULL,
    mensaje character varying(255) NOT NULL,
    link character varying(255),
    fecha timestamp with time zone NOT NULL,
    visto_en_toast boolean NOT NULL,
    actor_id integer NOT NULL,
    empresa_id bigint NOT NULL,
    propietario_recurso_id integer
);


ALTER TABLE public.notificaciones_notificacion OWNER TO madmin;

--
-- Name: notificaciones_notificacion_id_seq; Type: SEQUENCE; Schema: public; Owner: madmin
--

ALTER TABLE public.notificaciones_notificacion ALTER COLUMN id ADD GENERATED BY DEFAULT AS IDENTITY (
    SEQUENCE NAME public.notificaciones_notificacion_id_seq
    START WITH 1
    INCREMENT BY 1
    NO MINVALUE
    NO MAXVALUE
    CACHE 1
);


--
-- Name: panel_empresa; Type: TABLE; Schema: public; Owner: madmin
--

CREATE TABLE public.panel_empresa (
    id bigint NOT NULL,
    nombre character varying(150) NOT NULL,
    subdominio character varying(100) NOT NULL,
    usuario_admin character varying(50) NOT NULL,
    correo_contacto character varying(254) NOT NULL,
    fecha_alta timestamp with time zone NOT NULL,
    activa boolean NOT NULL,
    logo character varying(100),
    nombre_contacto character varying(150),
    telefono_contacto character varying(20),
    calle character varying(200),
    colonia character varying(150),
    cp character varying(10),
    estado character varying(100),
    numero character varying(50),
    modulo_compras boolean NOT NULL,
    modulo_inventarios boolean NOT NULL,
    modulo_produccion boolean NOT NULL,
    modulo_tesoreria boolean NOT NULL,
    modulo_ventas boolean NOT NULL,
    fecha_inicio_licencia date,
    fecha_vencimiento_licencia date,
    modulo_recursos_humanos boolean NOT NULL,
    modulo_costeos boolean NOT NULL
);


ALTER TABLE public.panel_empresa OWNER TO madmin;

--
-- Name: panel_empresa_id_seq; Type: SEQUENCE; Schema: public; Owner: madmin
--

ALTER TABLE public.panel_empresa ALTER COLUMN id ADD GENERATED BY DEFAULT AS IDENTITY (
    SEQUENCE NAME public.panel_empresa_id_seq
    START WITH 1
    INCREMENT BY 1
    NO MINVALUE
    NO MAXVALUE
    CACHE 1
);


--
-- Name: pedidos_detallepedido; Type: TABLE; Schema: public; Owner: madmin
--

CREATE TABLE public.pedidos_detallepedido (
    id bigint NOT NULL,
    cantidad_solicitada integer NOT NULL,
    cantidad_entregada integer NOT NULL,
    precio_unitario numeric(10,2) NOT NULL,
    estado_linea character varying(20) NOT NULL,
    producto_id bigint NOT NULL,
    pedido_id bigint NOT NULL,
    parent_line_id bigint,
    CONSTRAINT pedidos_detallepedido_cantidad_entregada_check CHECK ((cantidad_entregada >= 0)),
    CONSTRAINT pedidos_detallepedido_cantidad_solicitada_check CHECK ((cantidad_solicitada >= 0))
);


ALTER TABLE public.pedidos_detallepedido OWNER TO madmin;

--
-- Name: pedidos_detallepedido_id_seq; Type: SEQUENCE; Schema: public; Owner: madmin
--

ALTER TABLE public.pedidos_detallepedido ALTER COLUMN id ADD GENERATED BY DEFAULT AS IDENTITY (
    SEQUENCE NAME public.pedidos_detallepedido_id_seq
    START WITH 1
    INCREMENT BY 1
    NO MINVALUE
    NO MAXVALUE
    CACHE 1
);


--
-- Name: pedidos_pedido; Type: TABLE; Schema: public; Owner: madmin
--

CREATE TABLE public.pedidos_pedido (
    id bigint NOT NULL,
    cotizacion_origen_id integer,
    fecha_creacion timestamp with time zone NOT NULL,
    fecha_confirmacion timestamp with time zone,
    estado character varying(20) NOT NULL,
    notas text NOT NULL,
    cliente_id bigint NOT NULL,
    empresa_id bigint,
    vendedor_id integer NOT NULL,
    contacto_id bigint,
    sucursal_id bigint,
    CONSTRAINT pedidos_pedido_cotizacion_origen_id_check CHECK ((cotizacion_origen_id >= 0))
);


ALTER TABLE public.pedidos_pedido OWNER TO madmin;

--
-- Name: pedidos_pedido_id_seq; Type: SEQUENCE; Schema: public; Owner: madmin
--

ALTER TABLE public.pedidos_pedido ALTER COLUMN id ADD GENERATED BY DEFAULT AS IDENTITY (
    SEQUENCE NAME public.pedidos_pedido_id_seq
    START WITH 1
    INCREMENT BY 1
    NO MINVALUE
    NO MAXVALUE
    CACHE 1
);


--
-- Name: preferencias_asignacionrolusuario; Type: TABLE; Schema: public; Owner: madmin
--

CREATE TABLE public.preferencias_asignacionrolusuario (
    id bigint NOT NULL,
    fecha_asignacion timestamp with time zone NOT NULL,
    empresa_id bigint NOT NULL,
    rol_id bigint NOT NULL,
    usuario_id integer NOT NULL
);


ALTER TABLE public.preferencias_asignacionrolusuario OWNER TO madmin;

--
-- Name: preferencias_asignacionrolusuario_id_seq; Type: SEQUENCE; Schema: public; Owner: madmin
--

ALTER TABLE public.preferencias_asignacionrolusuario ALTER COLUMN id ADD GENERATED BY DEFAULT AS IDENTITY (
    SEQUENCE NAME public.preferencias_asignacionrolusuario_id_seq
    START WITH 1
    INCREMENT BY 1
    NO MINVALUE
    NO MAXVALUE
    CACHE 1
);


--
-- Name: preferencias_moneda; Type: TABLE; Schema: public; Owner: madmin
--

CREATE TABLE public.preferencias_moneda (
    id bigint NOT NULL,
    nombre character varying(50) NOT NULL,
    siglas character varying(5) NOT NULL,
    simbolo character varying(5) NOT NULL,
    factor numeric(10,4) NOT NULL,
    fecha_creacion timestamp with time zone NOT NULL,
    empresa_id bigint,
    responsable_id integer
);


ALTER TABLE public.preferencias_moneda OWNER TO madmin;

--
-- Name: preferencias_moneda_id_seq; Type: SEQUENCE; Schema: public; Owner: madmin
--

ALTER TABLE public.preferencias_moneda ALTER COLUMN id ADD GENERATED BY DEFAULT AS IDENTITY (
    SEQUENCE NAME public.preferencias_moneda_id_seq
    START WITH 1
    INCREMENT BY 1
    NO MINVALUE
    NO MAXVALUE
    CACHE 1
);


--
-- Name: preferencias_permisorolaccion; Type: TABLE; Schema: public; Owner: madmin
--

CREATE TABLE public.preferencias_permisorolaccion (
    id bigint NOT NULL,
    area character varying(40) NOT NULL,
    submodulo character varying(60) NOT NULL,
    accion character varying(60) NOT NULL,
    permitido boolean NOT NULL,
    rol_id bigint NOT NULL
);


ALTER TABLE public.preferencias_permisorolaccion OWNER TO madmin;

--
-- Name: preferencias_permisorolaccion_id_seq; Type: SEQUENCE; Schema: public; Owner: madmin
--

ALTER TABLE public.preferencias_permisorolaccion ALTER COLUMN id ADD GENERATED BY DEFAULT AS IDENTITY (
    SEQUENCE NAME public.preferencias_permisorolaccion_id_seq
    START WITH 1
    INCREMENT BY 1
    NO MINVALUE
    NO MAXVALUE
    CACHE 1
);


--
-- Name: preferencias_permisorolmodulo; Type: TABLE; Schema: public; Owner: madmin
--

CREATE TABLE public.preferencias_permisorolmodulo (
    id bigint NOT NULL,
    modulo character varying(40) NOT NULL,
    puede_ver boolean NOT NULL,
    puede_crear boolean NOT NULL,
    puede_editar boolean NOT NULL,
    puede_eliminar boolean NOT NULL,
    puede_aprobar boolean NOT NULL,
    puede_imprimir boolean NOT NULL,
    rol_id bigint NOT NULL
);


ALTER TABLE public.preferencias_permisorolmodulo OWNER TO madmin;

--
-- Name: preferencias_permisorolmodulo_id_seq; Type: SEQUENCE; Schema: public; Owner: madmin
--

ALTER TABLE public.preferencias_permisorolmodulo ALTER COLUMN id ADD GENERATED BY DEFAULT AS IDENTITY (
    SEQUENCE NAME public.preferencias_permisorolmodulo_id_seq
    START WITH 1
    INCREMENT BY 1
    NO MINVALUE
    NO MAXVALUE
    CACHE 1
);


--
-- Name: preferencias_rol; Type: TABLE; Schema: public; Owner: madmin
--

CREATE TABLE public.preferencias_rol (
    id bigint NOT NULL,
    nombre character varying(80) NOT NULL,
    descripcion character varying(255),
    activo boolean NOT NULL,
    fecha_creacion timestamp with time zone NOT NULL,
    empresa_id bigint NOT NULL
);


ALTER TABLE public.preferencias_rol OWNER TO madmin;

--
-- Name: preferencias_rol_id_seq; Type: SEQUENCE; Schema: public; Owner: madmin
--

ALTER TABLE public.preferencias_rol ALTER COLUMN id ADD GENERATED BY DEFAULT AS IDENTITY (
    SEQUENCE NAME public.preferencias_rol_id_seq
    START WITH 1
    INCREMENT BY 1
    NO MINVALUE
    NO MAXVALUE
    CACHE 1
);


--
-- Name: preferencias_sucursal; Type: TABLE; Schema: public; Owner: madmin
--

CREATE TABLE public.preferencias_sucursal (
    id bigint NOT NULL,
    nombre character varying(150) NOT NULL,
    calle character varying(200) NOT NULL,
    numero_exterior character varying(50) NOT NULL,
    numero_interior character varying(50),
    colonia character varying(150) NOT NULL,
    ciudad character varying(150) NOT NULL,
    estado character varying(100) NOT NULL,
    pais character varying(100) NOT NULL,
    cp character varying(10) NOT NULL,
    fecha_creacion timestamp with time zone NOT NULL,
    empresa_id bigint NOT NULL
);


ALTER TABLE public.preferencias_sucursal OWNER TO madmin;

--
-- Name: preferencias_sucursal_id_seq; Type: SEQUENCE; Schema: public; Owner: madmin
--

ALTER TABLE public.preferencias_sucursal ALTER COLUMN id ADD GENERATED BY DEFAULT AS IDENTITY (
    SEQUENCE NAME public.preferencias_sucursal_id_seq
    START WITH 1
    INCREMENT BY 1
    NO MINVALUE
    NO MAXVALUE
    CACHE 1
);


--
-- Name: produccion_detalleordenproduccion; Type: TABLE; Schema: public; Owner: madmin
--

CREATE TABLE public.produccion_detalleordenproduccion (
    id bigint NOT NULL,
    cantidad integer NOT NULL,
    orden_produccion_id bigint NOT NULL,
    producto_id bigint NOT NULL,
    CONSTRAINT produccion_detalleordenproduccion_cantidad_check CHECK ((cantidad >= 0))
);


ALTER TABLE public.produccion_detalleordenproduccion OWNER TO madmin;

--
-- Name: produccion_detalleordenproduccion_id_seq; Type: SEQUENCE; Schema: public; Owner: madmin
--

ALTER TABLE public.produccion_detalleordenproduccion ALTER COLUMN id ADD GENERATED BY DEFAULT AS IDENTITY (
    SEQUENCE NAME public.produccion_detalleordenproduccion_id_seq
    START WITH 1
    INCREMENT BY 1
    NO MINVALUE
    NO MAXVALUE
    CACHE 1
);


--
-- Name: produccion_itemtest; Type: TABLE; Schema: public; Owner: madmin
--

CREATE TABLE public.produccion_itemtest (
    id bigint NOT NULL,
    tarea character varying(255) NOT NULL,
    orden integer NOT NULL,
    test_id bigint NOT NULL,
    CONSTRAINT produccion_itemtest_orden_check CHECK ((orden >= 0))
);


ALTER TABLE public.produccion_itemtest OWNER TO madmin;

--
-- Name: produccion_itemtest_id_seq; Type: SEQUENCE; Schema: public; Owner: madmin
--

ALTER TABLE public.produccion_itemtest ALTER COLUMN id ADD GENERATED BY DEFAULT AS IDENTITY (
    SEQUENCE NAME public.produccion_itemtest_id_seq
    START WITH 1
    INCREMENT BY 1
    NO MINVALUE
    NO MAXVALUE
    CACHE 1
);


--
-- Name: produccion_ordenproduccion; Type: TABLE; Schema: public; Owner: madmin
--

CREATE TABLE public.produccion_ordenproduccion (
    id bigint NOT NULL,
    cantidad integer NOT NULL,
    estado character varying(20) NOT NULL,
    fecha_creacion timestamp with time zone NOT NULL,
    fecha_inicio timestamp with time zone,
    fecha_terminado timestamp with time zone,
    notas text NOT NULL,
    almacen_id bigint NOT NULL,
    empresa_id bigint NOT NULL,
    pedido_origen_id bigint,
    producto_id bigint NOT NULL,
    responsable_id integer,
    solicitante_id integer,
    almacen_materia_prima_id bigint,
    cliente_id bigint,
    sucursal_id bigint,
    CONSTRAINT produccion_ordenproduccion_cantidad_check CHECK ((cantidad >= 0))
);


ALTER TABLE public.produccion_ordenproduccion OWNER TO madmin;

--
-- Name: produccion_ordenproduccion_id_seq; Type: SEQUENCE; Schema: public; Owner: madmin
--

ALTER TABLE public.produccion_ordenproduccion ALTER COLUMN id ADD GENERATED BY DEFAULT AS IDENTITY (
    SEQUENCE NAME public.produccion_ordenproduccion_id_seq
    START WITH 1
    INCREMENT BY 1
    NO MINVALUE
    NO MAXVALUE
    CACHE 1
);


--
-- Name: produccion_resultadotestop; Type: TABLE; Schema: public; Owner: madmin
--

CREATE TABLE public.produccion_resultadotestop (
    id bigint NOT NULL,
    completado boolean NOT NULL,
    fecha_chequeo timestamp with time zone,
    item_test_id bigint NOT NULL,
    orden_produccion_id bigint NOT NULL,
    usuario_verifico_id integer
);


ALTER TABLE public.produccion_resultadotestop OWNER TO madmin;

--
-- Name: produccion_resultadotestop_id_seq; Type: SEQUENCE; Schema: public; Owner: madmin
--

ALTER TABLE public.produccion_resultadotestop ALTER COLUMN id ADD GENERATED BY DEFAULT AS IDENTITY (
    SEQUENCE NAME public.produccion_resultadotestop_id_seq
    START WITH 1
    INCREMENT BY 1
    NO MINVALUE
    NO MAXVALUE
    CACHE 1
);


--
-- Name: produccion_test; Type: TABLE; Schema: public; Owner: madmin
--

CREATE TABLE public.produccion_test (
    id bigint NOT NULL,
    nombre character varying(150) NOT NULL,
    descripcion text,
    fecha_creacion timestamp with time zone NOT NULL,
    empresa_id bigint NOT NULL
);


ALTER TABLE public.produccion_test OWNER TO madmin;

--
-- Name: produccion_test_id_seq; Type: SEQUENCE; Schema: public; Owner: madmin
--

ALTER TABLE public.produccion_test ALTER COLUMN id ADD GENERATED BY DEFAULT AS IDENTITY (
    SEQUENCE NAME public.produccion_test_id_seq
    START WITH 1
    INCREMENT BY 1
    NO MINVALUE
    NO MAXVALUE
    CACHE 1
);


--
-- Name: proveedores_proveedor; Type: TABLE; Schema: public; Owner: madmin
--

CREATE TABLE public.proveedores_proveedor (
    id bigint NOT NULL,
    razon_social character varying(200) NOT NULL,
    rfc character varying(13) NOT NULL,
    cp character varying(50),
    domicilio text,
    contacto_nombre character varying(150),
    contacto_telefono character varying(20),
    contacto_email character varying(254),
    estado character varying(20) NOT NULL,
    creado_en timestamp with time zone NOT NULL,
    actualizado_en timestamp with time zone NOT NULL,
    empresa_id bigint
);


ALTER TABLE public.proveedores_proveedor OWNER TO madmin;

--
-- Name: proveedores_proveedor_id_seq; Type: SEQUENCE; Schema: public; Owner: madmin
--

ALTER TABLE public.proveedores_proveedor ALTER COLUMN id ADD GENERATED BY DEFAULT AS IDENTITY (
    SEQUENCE NAME public.proveedores_proveedor_id_seq
    START WITH 1
    INCREMENT BY 1
    NO MINVALUE
    NO MAXVALUE
    CACHE 1
);


--
-- Name: proveedores_sucursalproveedor; Type: TABLE; Schema: public; Owner: madmin
--

CREATE TABLE public.proveedores_sucursalproveedor (
    id bigint NOT NULL,
    nombre character varying(150) NOT NULL,
    direccion text NOT NULL,
    proveedor_id bigint NOT NULL
);


ALTER TABLE public.proveedores_sucursalproveedor OWNER TO madmin;

--
-- Name: proveedores_sucursalproveedor_id_seq; Type: SEQUENCE; Schema: public; Owner: madmin
--

ALTER TABLE public.proveedores_sucursalproveedor ALTER COLUMN id ADD GENERATED BY DEFAULT AS IDENTITY (
    SEQUENCE NAME public.proveedores_sucursalproveedor_id_seq
    START WITH 1
    INCREMENT BY 1
    NO MINVALUE
    NO MAXVALUE
    CACHE 1
);


--
-- Name: recepciones_detallerecepcion; Type: TABLE; Schema: public; Owner: madmin
--

CREATE TABLE public.recepciones_detallerecepcion (
    id bigint NOT NULL,
    cantidad_recibida integer NOT NULL,
    costo_unitario numeric(10,2) NOT NULL,
    producto_id bigint NOT NULL,
    recepcion_id bigint NOT NULL,
    detalle_compra_id bigint,
    CONSTRAINT recepciones_detallerecepcion_cantidad_recibida_check CHECK ((cantidad_recibida >= 0))
);


ALTER TABLE public.recepciones_detallerecepcion OWNER TO madmin;

--
-- Name: recepciones_detallerecepcion_id_seq; Type: SEQUENCE; Schema: public; Owner: madmin
--

ALTER TABLE public.recepciones_detallerecepcion ALTER COLUMN id ADD GENERATED BY DEFAULT AS IDENTITY (
    SEQUENCE NAME public.recepciones_detallerecepcion_id_seq
    START WITH 1
    INCREMENT BY 1
    NO MINVALUE
    NO MAXVALUE
    CACHE 1
);


--
-- Name: recepciones_detallerecepcionextra; Type: TABLE; Schema: public; Owner: madmin
--

CREATE TABLE public.recepciones_detallerecepcionextra (
    id bigint NOT NULL,
    tipo character varying(10) NOT NULL,
    lote character varying(50),
    cantidad_lote integer NOT NULL,
    serie character varying(100),
    detalle_recepcion_id bigint,
    almacen_id bigint,
    producto_id bigint,
    fecha_creacion timestamp with time zone,
    CONSTRAINT recepciones_detallerecepcionextra_cantidad_lote_check CHECK ((cantidad_lote >= 0))
);


ALTER TABLE public.recepciones_detallerecepcionextra OWNER TO madmin;

--
-- Name: recepciones_detallerecepcionextra_id_seq; Type: SEQUENCE; Schema: public; Owner: madmin
--

ALTER TABLE public.recepciones_detallerecepcionextra ALTER COLUMN id ADD GENERATED BY DEFAULT AS IDENTITY (
    SEQUENCE NAME public.recepciones_detallerecepcionextra_id_seq
    START WITH 1
    INCREMENT BY 1
    NO MINVALUE
    NO MAXVALUE
    CACHE 1
);


--
-- Name: recepciones_recepcion; Type: TABLE; Schema: public; Owner: madmin
--

CREATE TABLE public.recepciones_recepcion (
    id bigint NOT NULL,
    fecha date NOT NULL,
    factura character varying(100),
    estado character varying(20) NOT NULL,
    creado_en timestamp with time zone NOT NULL,
    almacen_id bigint NOT NULL,
    orden_compra_id bigint NOT NULL,
    aduana character varying(100),
    fecha_pedimento date,
    pedimento character varying(100),
    importe_aduana numeric(12,2) NOT NULL,
    empresa_id bigint,
    moneda_id bigint,
    tipo_cambio numeric(10,4) NOT NULL,
    sucursal_id bigint,
    fecha_comprobante date
);


ALTER TABLE public.recepciones_recepcion OWNER TO madmin;

--
-- Name: recepciones_recepcion_id_seq; Type: SEQUENCE; Schema: public; Owner: madmin
--

ALTER TABLE public.recepciones_recepcion ALTER COLUMN id ADD GENERATED BY DEFAULT AS IDENTITY (
    SEQUENCE NAME public.recepciones_recepcion_id_seq
    START WITH 1
    INCREMENT BY 1
    NO MINVALUE
    NO MAXVALUE
    CACHE 1
);


--
-- Name: recursos_humanos_beneficiario; Type: TABLE; Schema: public; Owner: madmin
--

CREATE TABLE public.recursos_humanos_beneficiario (
    id bigint NOT NULL,
    rfc character varying(13) NOT NULL,
    nombre_razon_social character varying(200) NOT NULL,
    registro_patronal character varying(50),
    calle character varying(200),
    num_ext character varying(50),
    num_int character varying(50),
    entre_calle character varying(150),
    y_calle character varying(150),
    colonia character varying(150),
    cp character varying(10),
    municipio_alcaldia character varying(150),
    entidad_federativa character varying(100),
    correo character varying(254) NOT NULL,
    telefono character varying(20),
    fecha_registro timestamp with time zone NOT NULL,
    empresa_id bigint NOT NULL,
    sucursal_id bigint,
    clave character varying(50)
);


ALTER TABLE public.recursos_humanos_beneficiario OWNER TO madmin;

--
-- Name: recursos_humanos_beneficiario_id_seq; Type: SEQUENCE; Schema: public; Owner: madmin
--

ALTER TABLE public.recursos_humanos_beneficiario ALTER COLUMN id ADD GENERATED BY DEFAULT AS IDENTITY (
    SEQUENCE NAME public.recursos_humanos_beneficiario_id_seq
    START WITH 1
    INCREMENT BY 1
    NO MINVALUE
    NO MAXVALUE
    CACHE 1
);


--
-- Name: recursos_humanos_contratista; Type: TABLE; Schema: public; Owner: madmin
--

CREATE TABLE public.recursos_humanos_contratista (
    id bigint NOT NULL,
    rfc character varying(13) NOT NULL,
    nombre_razon_social character varying(200) NOT NULL,
    correo character varying(254) NOT NULL,
    telefono character varying(20),
    registro_patronal character varying(50),
    calle character varying(200),
    num_ext character varying(50),
    num_int character varying(50),
    entre_calle character varying(150),
    y_calle character varying(150),
    colonia character varying(150),
    cp character varying(10),
    municipio_alcaldia character varying(150),
    entidad_federativa character varying(100),
    representante_legal character varying(200),
    administrador_unico character varying(200),
    num_escritura character varying(100),
    nombre_notario_publico character varying(200),
    num_notario_publico character varying(50),
    fecha_escritura_publica date,
    folio_mercantil character varying(100),
    numero_stps character varying(100),
    fecha_registro timestamp with time zone NOT NULL,
    empresa_id bigint NOT NULL,
    sucursal_id bigint,
    clave character varying(50),
    regimen character varying(3)
);


ALTER TABLE public.recursos_humanos_contratista OWNER TO madmin;

--
-- Name: recursos_humanos_contratista_id_seq; Type: SEQUENCE; Schema: public; Owner: madmin
--

ALTER TABLE public.recursos_humanos_contratista ALTER COLUMN id ADD GENERATED BY DEFAULT AS IDENTITY (
    SEQUENCE NAME public.recursos_humanos_contratista_id_seq
    START WITH 1
    INCREMENT BY 1
    NO MINVALUE
    NO MAXVALUE
    CACHE 1
);


--
-- Name: recursos_humanos_contrato; Type: TABLE; Schema: public; Owner: madmin
--

CREATE TABLE public.recursos_humanos_contrato (
    id bigint NOT NULL,
    fecha_inicio date NOT NULL,
    fecha_fin date,
    tipo_contrato character varying(20) NOT NULL,
    estado character varying(20) NOT NULL,
    notas text,
    fecha_registro timestamp with time zone NOT NULL,
    empresa_id bigint NOT NULL,
    folio character varying(100),
    monto_contrato numeric(15,2) NOT NULL,
    num_estimado_trabajadores integer NOT NULL,
    objeto_contrato text,
    vigencia_contrato date,
    contratista_id bigint,
    beneficiario_id bigint,
    sucursal_id bigint
);


ALTER TABLE public.recursos_humanos_contrato OWNER TO madmin;

--
-- Name: recursos_humanos_contrato_empleados; Type: TABLE; Schema: public; Owner: madmin
--

CREATE TABLE public.recursos_humanos_contrato_empleados (
    id bigint NOT NULL,
    contrato_id bigint NOT NULL,
    empleado_id bigint NOT NULL
);


ALTER TABLE public.recursos_humanos_contrato_empleados OWNER TO madmin;

--
-- Name: recursos_humanos_contrato_empleados_id_seq; Type: SEQUENCE; Schema: public; Owner: madmin
--

ALTER TABLE public.recursos_humanos_contrato_empleados ALTER COLUMN id ADD GENERATED BY DEFAULT AS IDENTITY (
    SEQUENCE NAME public.recursos_humanos_contrato_empleados_id_seq
    START WITH 1
    INCREMENT BY 1
    NO MINVALUE
    NO MAXVALUE
    CACHE 1
);


--
-- Name: recursos_humanos_contrato_id_seq; Type: SEQUENCE; Schema: public; Owner: madmin
--

ALTER TABLE public.recursos_humanos_contrato ALTER COLUMN id ADD GENERATED BY DEFAULT AS IDENTITY (
    SEQUENCE NAME public.recursos_humanos_contrato_id_seq
    START WITH 1
    INCREMENT BY 1
    NO MINVALUE
    NO MAXVALUE
    CACHE 1
);


--
-- Name: recursos_humanos_empleado; Type: TABLE; Schema: public; Owner: madmin
--

CREATE TABLE public.recursos_humanos_empleado (
    id bigint NOT NULL,
    nombre character varying(100) NOT NULL,
    puesto character varying(100) NOT NULL,
    fecha_ingreso date,
    empresa_id bigint NOT NULL,
    apellido_materno character varying(100) NOT NULL,
    apellido_paterno character varying(100) NOT NULL,
    banco_nombre character varying(100),
    caja_ahorro boolean NOT NULL,
    calle character varying(200),
    ciudad character varying(150),
    clabe character varying(18),
    clave_percepcion_sat character varying(100) NOT NULL,
    colonia character varying(150),
    correo_personal character varying(254) NOT NULL,
    cp character varying(255),
    curp character varying(18) NOT NULL,
    departamento character varying(100) NOT NULL,
    estado character varying(20) NOT NULL,
    estado_civil character varying(20) NOT NULL,
    estado_dir character varying(100),
    fecha_antiguedad date,
    fecha_baja date,
    fecha_expiracion date,
    fecha_nacimiento date,
    fecha_registro timestamp with time zone NOT NULL,
    fondo_ahorro boolean NOT NULL,
    forma_pago character varying(20) NOT NULL,
    genero character varying(5) NOT NULL,
    id_oficial character varying(50),
    jornada character varying(20) NOT NULL,
    motivo_baja character varying(200),
    nacionalidad character varying(100) NOT NULL,
    nss character varying(11) NOT NULL,
    num_cuenta character varying(20),
    num_empleado character varying(20) NOT NULL,
    num_ext character varying(50),
    num_fonacot character varying(50),
    num_infonavit character varying(50),
    num_int character varying(50),
    num_tarjeta character varying(20),
    porcentaje_fondo numeric(5,2) NOT NULL,
    registro_patronal character varying(50),
    rfc character varying(13) NOT NULL,
    riesgo_trabajo character varying(5) NOT NULL,
    salario_diario_ordinario numeric(12,2) NOT NULL,
    sbc numeric(12,2) NOT NULL,
    sdi numeric(12,2) NOT NULL,
    supervisor character varying(150),
    tarjeta_nomina boolean NOT NULL,
    telefono_fijo character varying(20),
    telefono_movil character varying(20) NOT NULL,
    tipo_contrato character varying(20) NOT NULL,
    tipo_cuenta character varying(20) NOT NULL,
    tipo_salario character varying(20) NOT NULL,
    tipo_trabajador character varying(20) NOT NULL,
    unidad_monetaria character varying(3) NOT NULL,
    sucursal_id bigint,
    beneficiario_id bigint,
    contratista_id bigint,
    clave_ubicacion character varying(100),
    notas text,
    antiguedad_sat character varying(50),
    periodicidad_pago_sat character varying(50),
    tipo_regimen_sat character varying(50),
    jornada_sat character varying(50)
);


ALTER TABLE public.recursos_humanos_empleado OWNER TO madmin;

--
-- Name: recursos_humanos_empleado_id_seq; Type: SEQUENCE; Schema: public; Owner: madmin
--

ALTER TABLE public.recursos_humanos_empleado ALTER COLUMN id ADD GENERATED BY DEFAULT AS IDENTITY (
    SEQUENCE NAME public.recursos_humanos_empleado_id_seq
    START WITH 1
    INCREMENT BY 1
    NO MINVALUE
    NO MAXVALUE
    CACHE 1
);


--
-- Name: recursos_humanos_importacionsua; Type: TABLE; Schema: public; Owner: madmin
--

CREATE TABLE public.recursos_humanos_importacionsua (
    id bigint NOT NULL,
    registro_patronal character varying(100),
    rfc_empresa character varying(50),
    nombre_razon_social text,
    actividad text,
    domicilio text,
    cp character varying(50),
    entidad text,
    area_geografica text,
    delegacion_imss text,
    subdelegacion_imss text,
    municipio_alcaldia text,
    prima_rt text,
    periodo character varying(150) NOT NULL,
    fecha_importacion timestamp with time zone NOT NULL,
    empresa_id bigint NOT NULL,
    sucursal_id bigint,
    tipo character varying(20) NOT NULL
);


ALTER TABLE public.recursos_humanos_importacionsua OWNER TO madmin;

--
-- Name: recursos_humanos_importacionsua_id_seq; Type: SEQUENCE; Schema: public; Owner: madmin
--

ALTER TABLE public.recursos_humanos_importacionsua ALTER COLUMN id ADD GENERATED BY DEFAULT AS IDENTITY (
    SEQUENCE NAME public.recursos_humanos_importacionsua_id_seq
    START WITH 1
    INCREMENT BY 1
    NO MINVALUE
    NO MAXVALUE
    CACHE 1
);


--
-- Name: recursos_humanos_nomina; Type: TABLE; Schema: public; Owner: madmin
--

CREATE TABLE public.recursos_humanos_nomina (
    id bigint NOT NULL,
    periodo character varying(100) NOT NULL,
    uso_cfdi character varying(255) NOT NULL,
    uuid character varying(36),
    tipo_nomina character varying(1) NOT NULL,
    serie character varying(20),
    folio character varying(20),
    fecha_emision timestamp with time zone,
    fecha_certificacion timestamp with time zone,
    fecha_pago date,
    fecha_inicial_pago date,
    fecha_final_pago date,
    dias_pagados numeric(10,2) NOT NULL,
    rfc character varying(13) NOT NULL,
    curp character varying(18) NOT NULL,
    nss character varying(11) NOT NULL,
    nombre character varying(255) NOT NULL,
    rfc_contratista character varying(13),
    sdi numeric(12,2) NOT NULL,
    sbc numeric(12,2) NOT NULL,
    vacaciones_exento numeric(12,2) NOT NULL,
    vacaciones_dignas_exento numeric(12,2) NOT NULL,
    aguinaldo_exento numeric(12,2) NOT NULL,
    sueldo_gravado numeric(12,2) NOT NULL,
    vacaciones_gravado numeric(12,2) NOT NULL,
    vacaciones_dignas_gravado numeric(12,2) NOT NULL,
    aguinaldo_gravado numeric(12,2) NOT NULL,
    empleado_id bigint,
    empresa_id bigint NOT NULL,
    sucursal_id bigint
);


ALTER TABLE public.recursos_humanos_nomina OWNER TO madmin;

--
-- Name: recursos_humanos_nomina_id_seq; Type: SEQUENCE; Schema: public; Owner: madmin
--

ALTER TABLE public.recursos_humanos_nomina ALTER COLUMN id ADD GENERATED BY DEFAULT AS IDENTITY (
    SEQUENCE NAME public.recursos_humanos_nomina_id_seq
    START WITH 1
    INCREMENT BY 1
    NO MINVALUE
    NO MAXVALUE
    CACHE 1
);


--
-- Name: recursos_humanos_trabajadorsua; Type: TABLE; Schema: public; Owner: madmin
--

CREATE TABLE public.recursos_humanos_trabajadorsua (
    id bigint NOT NULL,
    nss character varying(20) NOT NULL,
    nombre character varying(255) NOT NULL,
    rfc_curp character varying(50),
    clave_ubicacion character varying(50),
    clave_mov character varying(50),
    fecha_mov character varying(20),
    dias integer NOT NULL,
    sdi numeric(12,2) NOT NULL,
    patronal numeric(12,2) NOT NULL,
    obrera numeric(12,2) NOT NULL,
    subtotal numeric(12,2) NOT NULL,
    baja_fecha character varying(20),
    importacion_id bigint NOT NULL,
    amortizacion numeric(12,2) NOT NULL,
    aportacion_patronal numeric(12,2) NOT NULL,
    ausentismos integer NOT NULL,
    baja_clave character varying(50),
    cred_vivienda character varying(50),
    fecha_mov_credito character varying(20),
    incapacidades integer NOT NULL,
    licencias integer NOT NULL,
    retiro numeric(12,2) NOT NULL,
    suma_infonavit numeric(12,2) NOT NULL,
    tipo_mov_credito character varying(50),
    total_general numeric(12,2) NOT NULL,
    tipo_valor_infonavit character varying(20),
    cuota_fija numeric(12,2) NOT NULL,
    excedente_obrera numeric(12,2) NOT NULL,
    excedente_patronal numeric(12,2) NOT NULL,
    gastos_medicos_obrera numeric(12,2) NOT NULL,
    gastos_medicos_patronal numeric(12,2) NOT NULL,
    guarderias_ps numeric(12,2) NOT NULL,
    imss_obrera numeric(12,2) NOT NULL,
    imss_patronal numeric(12,2) NOT NULL,
    imss_subtotal numeric(12,2) NOT NULL,
    invalidez_vida_obrera numeric(12,2) NOT NULL,
    invalidez_vida_patronal numeric(12,2) NOT NULL,
    prestaciones_dinero_obrera numeric(12,2) NOT NULL,
    prestaciones_dinero_patronal numeric(12,2) NOT NULL,
    riesgo_trabajo_cuota numeric(12,2) NOT NULL
);


ALTER TABLE public.recursos_humanos_trabajadorsua OWNER TO madmin;

--
-- Name: recursos_humanos_trabajadorsua_id_seq; Type: SEQUENCE; Schema: public; Owner: madmin
--

ALTER TABLE public.recursos_humanos_trabajadorsua ALTER COLUMN id ADD GENERATED BY DEFAULT AS IDENTITY (
    SEQUENCE NAME public.recursos_humanos_trabajadorsua_id_seq
    START WITH 1
    INCREMENT BY 1
    NO MINVALUE
    NO MAXVALUE
    CACHE 1
);


--
-- Name: solicitudcompras_detallesolicitudcompra; Type: TABLE; Schema: public; Owner: madmin
--

CREATE TABLE public.solicitudcompras_detallesolicitudcompra (
    id bigint NOT NULL,
    cantidad_solicitada integer NOT NULL,
    detalle_pedido_origen_id bigint,
    producto_id bigint NOT NULL,
    solicitud_id bigint NOT NULL,
    almacen_id bigint,
    costo_unitario numeric(10,2) NOT NULL,
    proveedor_id bigint,
    moneda_id bigint,
    sucursal_id bigint,
    lista_id bigint,
    CONSTRAINT solicitudcompras_detallesolicitudcomp_cantidad_solicitada_check CHECK ((cantidad_solicitada >= 0))
);


ALTER TABLE public.solicitudcompras_detallesolicitudcompra OWNER TO madmin;

--
-- Name: solicitudcompras_detallesolicitudcompra_id_seq; Type: SEQUENCE; Schema: public; Owner: madmin
--

ALTER TABLE public.solicitudcompras_detallesolicitudcompra ALTER COLUMN id ADD GENERATED BY DEFAULT AS IDENTITY (
    SEQUENCE NAME public.solicitudcompras_detallesolicitudcompra_id_seq
    START WITH 1
    INCREMENT BY 1
    NO MINVALUE
    NO MAXVALUE
    CACHE 1
);


--
-- Name: solicitudcompras_solicitudcompra; Type: TABLE; Schema: public; Owner: madmin
--

CREATE TABLE public.solicitudcompras_solicitudcompra (
    id bigint NOT NULL,
    fecha_creacion timestamp with time zone NOT NULL,
    fecha_envio timestamp with time zone,
    estado character varying(20) NOT NULL,
    notas text NOT NULL,
    empresa_id bigint,
    pedido_origen_id bigint,
    solicitante_id integer NOT NULL,
    sucursal_id bigint
);


ALTER TABLE public.solicitudcompras_solicitudcompra OWNER TO madmin;

--
-- Name: solicitudcompras_solicitudcompra_id_seq; Type: SEQUENCE; Schema: public; Owner: madmin
--

ALTER TABLE public.solicitudcompras_solicitudcompra ALTER COLUMN id ADD GENERATED BY DEFAULT AS IDENTITY (
    SEQUENCE NAME public.solicitudcompras_solicitudcompra_id_seq
    START WITH 1
    INCREMENT BY 1
    NO MINVALUE
    NO MAXVALUE
    CACHE 1
);


--
-- Name: tesoreria_cajabanco; Type: TABLE; Schema: public; Owner: madmin
--

CREATE TABLE public.tesoreria_cajabanco (
    id bigint NOT NULL,
    tipo character varying(10) NOT NULL,
    nombre character varying(100) NOT NULL,
    banco_nombre character varying(100),
    cuenta character varying(50),
    clabe character varying(18),
    fecha_creacion timestamp with time zone NOT NULL,
    activo boolean NOT NULL,
    empresa_id bigint NOT NULL,
    moneda_id bigint NOT NULL,
    sucursal_id bigint
);


ALTER TABLE public.tesoreria_cajabanco OWNER TO madmin;

--
-- Name: tesoreria_cajabanco_id_seq; Type: SEQUENCE; Schema: public; Owner: madmin
--

ALTER TABLE public.tesoreria_cajabanco ALTER COLUMN id ADD GENERATED BY DEFAULT AS IDENTITY (
    SEQUENCE NAME public.tesoreria_cajabanco_id_seq
    START WITH 1
    INCREMENT BY 1
    NO MINVALUE
    NO MAXVALUE
    CACHE 1
);


--
-- Name: tesoreria_egreso; Type: TABLE; Schema: public; Owner: madmin
--

CREATE TABLE public.tesoreria_egreso (
    id bigint NOT NULL,
    fecha date NOT NULL,
    concepto character varying(255) NOT NULL,
    monto numeric(12,2) NOT NULL,
    tipo_cambio numeric(10,4) NOT NULL,
    monto_mxn numeric(12,2) NOT NULL,
    forma_pago character varying(20) NOT NULL,
    referencia character varying(100),
    estado character varying(20) NOT NULL,
    fecha_registro timestamp with time zone NOT NULL,
    caja_banco_id bigint NOT NULL,
    empresa_id bigint NOT NULL,
    moneda_id bigint NOT NULL,
    pago_compra_id bigint,
    motivo_cancelacion text,
    sucursal_id bigint
);


ALTER TABLE public.tesoreria_egreso OWNER TO madmin;

--
-- Name: tesoreria_egreso_id_seq; Type: SEQUENCE; Schema: public; Owner: madmin
--

ALTER TABLE public.tesoreria_egreso ALTER COLUMN id ADD GENERATED BY DEFAULT AS IDENTITY (
    SEQUENCE NAME public.tesoreria_egreso_id_seq
    START WITH 1
    INCREMENT BY 1
    NO MINVALUE
    NO MAXVALUE
    CACHE 1
);


--
-- Name: tesoreria_ingreso; Type: TABLE; Schema: public; Owner: madmin
--

CREATE TABLE public.tesoreria_ingreso (
    id bigint NOT NULL,
    fecha date NOT NULL,
    concepto character varying(255) NOT NULL,
    monto numeric(12,2) NOT NULL,
    tipo_cambio numeric(10,4) NOT NULL,
    monto_mxn numeric(12,2) NOT NULL,
    forma_pago character varying(20) NOT NULL,
    referencia character varying(100),
    fecha_registro timestamp with time zone NOT NULL,
    caja_banco_id bigint NOT NULL,
    empresa_id bigint NOT NULL,
    moneda_id bigint NOT NULL,
    pago_pedido_id bigint,
    estado character varying(20) NOT NULL,
    motivo_cancelacion text,
    sucursal_id bigint
);


ALTER TABLE public.tesoreria_ingreso OWNER TO madmin;

--
-- Name: tesoreria_ingreso_id_seq; Type: SEQUENCE; Schema: public; Owner: madmin
--

ALTER TABLE public.tesoreria_ingreso ALTER COLUMN id ADD GENERATED BY DEFAULT AS IDENTITY (
    SEQUENCE NAME public.tesoreria_ingreso_id_seq
    START WITH 1
    INCREMENT BY 1
    NO MINVALUE
    NO MAXVALUE
    CACHE 1
);


--
-- Name: tesoreria_pagocompra; Type: TABLE; Schema: public; Owner: madmin
--

CREATE TABLE public.tesoreria_pagocompra (
    id bigint NOT NULL,
    fecha_pago date NOT NULL,
    forma_pago character varying(20) NOT NULL,
    referencia character varying(100),
    tipo_cambio numeric(10,4) NOT NULL,
    monto numeric(12,2) NOT NULL,
    monto_mxn numeric(12,2) NOT NULL,
    fecha_registro timestamp with time zone NOT NULL,
    caja_banco_id bigint NOT NULL,
    empresa_id bigint NOT NULL,
    moneda_id bigint NOT NULL,
    orden_compra_id bigint NOT NULL,
    estado character varying(20) NOT NULL,
    motivo_cancelacion text,
    sucursal_id bigint
);


ALTER TABLE public.tesoreria_pagocompra OWNER TO madmin;

--
-- Name: tesoreria_pagocompra_id_seq; Type: SEQUENCE; Schema: public; Owner: madmin
--

ALTER TABLE public.tesoreria_pagocompra ALTER COLUMN id ADD GENERATED BY DEFAULT AS IDENTITY (
    SEQUENCE NAME public.tesoreria_pagocompra_id_seq
    START WITH 1
    INCREMENT BY 1
    NO MINVALUE
    NO MAXVALUE
    CACHE 1
);


--
-- Name: tesoreria_pagopedido; Type: TABLE; Schema: public; Owner: madmin
--

CREATE TABLE public.tesoreria_pagopedido (
    id bigint NOT NULL,
    fecha_pago date NOT NULL,
    forma_pago character varying(20) NOT NULL,
    referencia character varying(100),
    tipo_cambio numeric(10,4) NOT NULL,
    monto numeric(12,2) NOT NULL,
    monto_mxn numeric(12,2) NOT NULL,
    fecha_registro timestamp with time zone NOT NULL,
    caja_banco_id bigint NOT NULL,
    empresa_id bigint NOT NULL,
    moneda_id bigint NOT NULL,
    pedido_id bigint NOT NULL,
    estado character varying(20) NOT NULL,
    motivo_cancelacion text,
    sucursal_id bigint
);


ALTER TABLE public.tesoreria_pagopedido OWNER TO madmin;

--
-- Name: tesoreria_pagopedido_id_seq; Type: SEQUENCE; Schema: public; Owner: madmin
--

ALTER TABLE public.tesoreria_pagopedido ALTER COLUMN id ADD GENERATED BY DEFAULT AS IDENTITY (
    SEQUENCE NAME public.tesoreria_pagopedido_id_seq
    START WITH 1
    INCREMENT BY 1
    NO MINVALUE
    NO MAXVALUE
    CACHE 1
);


--
-- Name: ventas_detalleordenventa; Type: TABLE; Schema: public; Owner: madmin
--

CREATE TABLE public.ventas_detalleordenventa (
    id bigint NOT NULL,
    cantidad integer NOT NULL,
    precio_unitario numeric(10,2) NOT NULL,
    producto_id bigint NOT NULL,
    orden_venta_id bigint NOT NULL,
    CONSTRAINT ventas_detalleordenventa_cantidad_check CHECK ((cantidad >= 0))
);


ALTER TABLE public.ventas_detalleordenventa OWNER TO madmin;

--
-- Name: ventas_detalleordenventa_id_seq; Type: SEQUENCE; Schema: public; Owner: madmin
--

ALTER TABLE public.ventas_detalleordenventa ALTER COLUMN id ADD GENERATED BY DEFAULT AS IDENTITY (
    SEQUENCE NAME public.ventas_detalleordenventa_id_seq
    START WITH 1
    INCREMENT BY 1
    NO MINVALUE
    NO MAXVALUE
    CACHE 1
);


--
-- Name: ventas_ordenventa; Type: TABLE; Schema: public; Owner: madmin
--

CREATE TABLE public.ventas_ordenventa (
    id bigint NOT NULL,
    fecha_creacion timestamp with time zone NOT NULL,
    fecha_surtido timestamp with time zone,
    estado character varying(20) NOT NULL,
    direccion_envio text NOT NULL,
    contacto_envio character varying(100) NOT NULL,
    notas_envio text NOT NULL,
    cliente_id bigint NOT NULL,
    empresa_id bigint NOT NULL,
    pedido_origen_id bigint,
    vendedor_id integer NOT NULL,
    guia character varying(100) NOT NULL,
    quien_recibe character varying(150) NOT NULL,
    telefono_recibe character varying(20) NOT NULL,
    almacen_id bigint,
    estado_entrega character varying(20) NOT NULL,
    parent_orden_id bigint,
    secuencia integer NOT NULL,
    sucursal_id bigint,
    CONSTRAINT ventas_ordenventa_secuencia_check CHECK ((secuencia >= 0))
);


ALTER TABLE public.ventas_ordenventa OWNER TO madmin;

--
-- Name: ventas_ordenventa_id_seq; Type: SEQUENCE; Schema: public; Owner: madmin
--

ALTER TABLE public.ventas_ordenventa ALTER COLUMN id ADD GENERATED BY DEFAULT AS IDENTITY (
    SEQUENCE NAME public.ventas_ordenventa_id_seq
    START WITH 1
    INCREMENT BY 1
    NO MINVALUE
    NO MAXVALUE
    CACHE 1
);


--
-- Data for Name: actividades_actividad; Type: TABLE DATA; Schema: public; Owner: madmin
--

COPY public.actividades_actividad (id, nombre, fecha, hora_inicio, hora_fin, tipo, prioridad, correo, direccion, descripcion, creado_en, estado, motivo_cancelacion, cliente_id, contacto_id, cotizacion_id, empresa_id, sucursal_id) FROM stdin;
\.


--
-- Data for Name: almacenes_almacen; Type: TABLE DATA; Schema: public; Owner: madmin
--

COPY public.almacenes_almacen (id, nombre, responsable, calle, numero_ext, numero_int, colonia, estado, cp, telefono, fecha_creacion, empresa_id, sucursal_id) FROM stdin;
2	Compras									2026-05-20 12:04:38.843822-06	1	1
3	Ensamblaje									2026-05-20 12:04:46.389472-06	1	1
1	Principal									2026-05-13 10:36:41.025037-06	1	1
4	general									2026-05-20 12:07:23.637361-06	2	3
\.


--
-- Data for Name: almacenes_inventario; Type: TABLE DATA; Schema: public; Owner: madmin
--

COPY public.almacenes_inventario (id, cantidad, costo_promedio, fecha_actualizacion, almacen_id, empresa_id, producto_id, reservado, sucursal_id) FROM stdin;
15	0	2428.79	2026-05-27 12:33:46.174058-06	2	1	161	0	1
16	1	2428.79	2026-05-27 12:33:46.17717-06	3	1	161	0	\N
14	0	6386.51	2026-05-27 12:33:46.184074-06	2	1	176	0	1
17	1	6386.51	2026-05-27 12:33:46.186374-06	3	1	176	0	\N
13	0	930.67	2026-05-27 12:33:46.191097-06	2	1	175	0	1
18	1	930.67	2026-05-27 12:33:46.193457-06	3	1	175	0	\N
12	0	2224.89	2026-05-27 12:33:46.198448-06	2	1	172	0	1
19	1	2224.89	2026-05-27 12:33:46.200802-06	3	1	172	0	\N
11	0	1842.92	2026-05-27 12:33:46.205646-06	2	1	3	0	1
20	1	1842.92	2026-05-27 12:33:46.208189-06	3	1	3	0	\N
10	0	1806.46	2026-05-27 12:33:46.213505-06	2	1	68	0	1
21	1	1806.46	2026-05-27 12:33:46.215992-06	3	1	68	0	\N
9	0	1089.26	2026-05-27 12:33:46.222138-06	2	1	171	0	1
22	1	1089.26	2026-05-27 12:33:46.224945-06	3	1	171	0	\N
8	0	4941.49	2026-05-27 12:33:46.230218-06	2	1	170	0	1
23	1	4941.49	2026-05-27 12:33:46.232756-06	3	1	170	0	\N
7	0	10547.08	2026-05-27 12:33:46.237878-06	2	1	169	0	1
24	1	10547.08	2026-05-27 12:33:46.240349-06	3	1	169	0	\N
6	0	2827.58	2026-05-27 12:33:46.245404-06	2	1	57	0	1
25	1	2827.58	2026-05-27 12:33:46.247893-06	3	1	57	0	\N
5	0	5346.46	2026-05-27 12:33:46.253156-06	2	1	54	0	1
26	1	5346.46	2026-05-27 12:33:46.255538-06	3	1	54	0	\N
4	0	799.00	2026-05-27 12:33:46.260546-06	2	1	8	0	1
27	1	799.00	2026-05-27 12:33:46.262977-06	3	1	8	0	\N
3	0	18900.00	2026-05-27 12:33:46.268087-06	2	1	117	0	1
28	1	18900.00	2026-05-27 12:33:46.270648-06	3	1	117	0	\N
2	0	1200.00	2026-05-27 12:33:46.276323-06	2	1	52	0	1
29	1	1200.00	2026-05-27 12:33:46.278911-06	3	1	52	0	\N
1	0	813.92	2026-05-27 12:33:46.284555-06	2	1	174	0	1
30	1	813.92	2026-05-27 12:33:46.287109-06	3	1	174	0	\N
\.


--
-- Data for Name: almacenes_kardex; Type: TABLE DATA; Schema: public; Owner: madmin
--

COPY public.almacenes_kardex (id, fecha, tipo_movimiento, cantidad, stock_anterior, stock_nuevo, referencia, almacen_id, empresa_id, producto_id, lote, serie, usuario_id, sucursal_id) FROM stdin;
1	2026-05-27 12:26:19.560325-06	entrada	1.00	0.00	1.00	REC-0001	2	1	174	\N		3	1
2	2026-05-27 12:26:49.790283-06	entrada	1.00	0.00	1.00	REC-0002	2	1	52	\N		3	1
3	2026-05-27 12:26:49.795092-06	entrada	1.00	0.00	1.00	REC-0002	2	1	117	\N		3	1
4	2026-05-27 12:26:49.799444-06	entrada	1.00	0.00	1.00	REC-0002	2	1	8	\N		3	1
5	2026-05-27 12:27:02.648756-06	entrada	1.00	0.00	1.00	REC-0003	2	1	54	\N		3	1
6	2026-05-27 12:27:02.654158-06	entrada	1.00	0.00	1.00	REC-0003	2	1	57	\N		3	1
7	2026-05-27 12:27:02.65884-06	entrada	1.00	0.00	1.00	REC-0003	2	1	169	\N		3	1
8	2026-05-27 12:27:02.663224-06	entrada	1.00	0.00	1.00	REC-0003	2	1	170	\N		3	1
9	2026-05-27 12:27:02.668266-06	entrada	1.00	0.00	1.00	REC-0003	2	1	171	\N		3	1
10	2026-05-27 12:27:02.6729-06	entrada	1.00	0.00	1.00	REC-0003	2	1	68	\N		3	1
11	2026-05-27 12:27:02.67768-06	entrada	1.00	0.00	1.00	REC-0003	2	1	3	\N		3	1
12	2026-05-27 12:27:02.681697-06	entrada	1.00	0.00	1.00	REC-0003	2	1	172	\N		3	1
13	2026-05-27 12:27:02.686114-06	entrada	1.00	0.00	1.00	REC-0003	2	1	175	\N		3	1
14	2026-05-27 12:27:02.689803-06	entrada	1.00	0.00	1.00	REC-0003	2	1	176	\N		3	1
15	2026-05-27 12:27:02.693126-06	entrada	1.00	0.00	1.00	REC-0003	2	1	161	\N	\N	3	1
16	2026-05-27 12:33:46.180507-06	salida	1.00	1.00	0.00	TRASLADO	2	1	161	\N	\N	3	1
17	2026-05-27 12:33:46.182072-06	entrada	1.00	0.00	1.00	TRASLADO	3	1	161	\N	\N	3	1
18	2026-05-27 12:33:46.188414-06	salida	1.00	1.00	0.00	TRASLADO	2	1	176	\N	\N	3	1
19	2026-05-27 12:33:46.189036-06	entrada	1.00	0.00	1.00	TRASLADO	3	1	176	\N	\N	3	1
20	2026-05-27 12:33:46.195701-06	salida	1.00	1.00	0.00	TRASLADO	2	1	175	\N	\N	3	1
21	2026-05-27 12:33:46.196343-06	entrada	1.00	0.00	1.00	TRASLADO	3	1	175	\N	\N	3	1
22	2026-05-27 12:33:46.202882-06	salida	1.00	1.00	0.00	TRASLADO	2	1	172	\N	\N	3	1
23	2026-05-27 12:33:46.203478-06	entrada	1.00	0.00	1.00	TRASLADO	3	1	172	\N	\N	3	1
24	2026-05-27 12:33:46.210338-06	salida	1.00	1.00	0.00	TRASLADO	2	1	3	\N	\N	3	1
25	2026-05-27 12:33:46.211206-06	entrada	1.00	0.00	1.00	TRASLADO	3	1	3	\N	\N	3	1
26	2026-05-27 12:33:46.218581-06	salida	1.00	1.00	0.00	TRASLADO	2	1	68	\N	\N	3	1
27	2026-05-27 12:33:46.219365-06	entrada	1.00	0.00	1.00	TRASLADO	3	1	68	\N	\N	3	1
28	2026-05-27 12:33:46.227338-06	salida	1.00	1.00	0.00	TRASLADO	2	1	171	\N	\N	3	1
29	2026-05-27 12:33:46.228011-06	entrada	1.00	0.00	1.00	TRASLADO	3	1	171	\N	\N	3	1
30	2026-05-27 12:33:46.235091-06	salida	1.00	1.00	0.00	TRASLADO	2	1	170	\N	\N	3	1
31	2026-05-27 12:33:46.235645-06	entrada	1.00	0.00	1.00	TRASLADO	3	1	170	\N	\N	3	1
32	2026-05-27 12:33:46.242688-06	salida	1.00	1.00	0.00	TRASLADO	2	1	169	\N	\N	3	1
33	2026-05-27 12:33:46.24329-06	entrada	1.00	0.00	1.00	TRASLADO	3	1	169	\N	\N	3	1
34	2026-05-27 12:33:46.25027-06	salida	1.00	1.00	0.00	TRASLADO	2	1	57	\N	\N	3	1
35	2026-05-27 12:33:46.25091-06	entrada	1.00	0.00	1.00	TRASLADO	3	1	57	\N	\N	3	1
36	2026-05-27 12:33:46.257757-06	salida	1.00	1.00	0.00	TRASLADO	2	1	54	\N	\N	3	1
37	2026-05-27 12:33:46.258357-06	entrada	1.00	0.00	1.00	TRASLADO	3	1	54	\N	\N	3	1
38	2026-05-27 12:33:46.265219-06	salida	1.00	1.00	0.00	TRASLADO	2	1	8	\N	\N	3	1
39	2026-05-27 12:33:46.26582-06	entrada	1.00	0.00	1.00	TRASLADO	3	1	8	\N	\N	3	1
40	2026-05-27 12:33:46.273151-06	salida	1.00	1.00	0.00	TRASLADO	2	1	117	\N	\N	3	1
41	2026-05-27 12:33:46.274061-06	entrada	1.00	0.00	1.00	TRASLADO	3	1	117	\N	\N	3	1
42	2026-05-27 12:33:46.281278-06	salida	1.00	1.00	0.00	TRASLADO	2	1	52	\N	\N	3	1
43	2026-05-27 12:33:46.282113-06	entrada	1.00	0.00	1.00	TRASLADO	3	1	52	\N	\N	3	1
44	2026-05-27 12:33:46.289466-06	salida	1.00	1.00	0.00	TRASLADO	2	1	174	\N	\N	3	1
45	2026-05-27 12:33:46.290121-06	entrada	1.00	0.00	1.00	TRASLADO	3	1	174	\N	\N	3	1
\.


--
-- Data for Name: auth_group; Type: TABLE DATA; Schema: public; Owner: madmin
--

COPY public.auth_group (id, name) FROM stdin;
\.


--
-- Data for Name: auth_group_permissions; Type: TABLE DATA; Schema: public; Owner: madmin
--

COPY public.auth_group_permissions (id, group_id, permission_id) FROM stdin;
\.


--
-- Data for Name: auth_permission; Type: TABLE DATA; Schema: public; Owner: madmin
--

COPY public.auth_permission (id, name, content_type_id, codename) FROM stdin;
1	Can add log entry	1	add_logentry
2	Can change log entry	1	change_logentry
3	Can delete log entry	1	delete_logentry
4	Can view log entry	1	view_logentry
5	Can add permission	3	add_permission
6	Can change permission	3	change_permission
7	Can delete permission	3	delete_permission
8	Can view permission	3	view_permission
9	Can add group	2	add_group
10	Can change group	2	change_group
11	Can delete group	2	delete_group
12	Can view group	2	view_group
13	Can add user	4	add_user
14	Can change user	4	change_user
15	Can delete user	4	delete_user
16	Can view user	4	view_user
17	Can add content type	5	add_contenttype
18	Can change content type	5	change_contenttype
19	Can delete content type	5	delete_contenttype
20	Can view content type	5	view_contenttype
21	Can add session	6	add_session
22	Can change session	6	change_session
23	Can delete session	6	delete_session
24	Can view session	6	view_session
25	Can add categoria	7	add_categoria
26	Can change categoria	7	change_categoria
27	Can delete categoria	7	delete_categoria
28	Can view categoria	7	view_categoria
29	Can add producto	9	add_producto
30	Can change producto	9	change_producto
31	Can delete producto	9	delete_producto
32	Can view producto	9	view_producto
33	Can add transaccion	10	add_transaccion
34	Can change transaccion	10	change_transaccion
35	Can delete transaccion	10	delete_transaccion
36	Can view transaccion	10	view_transaccion
37	Can add detalle receta	8	add_detallereceta
38	Can change detalle receta	8	change_detallereceta
39	Can delete detalle receta	8	delete_detallereceta
40	Can view detalle receta	8	view_detallereceta
41	Can add orden venta	12	add_ordenventa
42	Can change orden venta	12	change_ordenventa
43	Can delete orden venta	12	delete_ordenventa
44	Can view orden venta	12	view_ordenventa
45	Can add detalle orden venta	11	add_detalleordenventa
46	Can change detalle orden venta	11	change_detalleordenventa
47	Can delete detalle orden venta	11	delete_detalleordenventa
48	Can view detalle orden venta	11	view_detalleordenventa
49	Can add orden compra	14	add_ordencompra
50	Can change orden compra	14	change_ordencompra
51	Can delete orden compra	14	delete_ordencompra
52	Can view orden compra	14	view_ordencompra
53	Can add detalle compra	13	add_detallecompra
54	Can change detalle compra	13	change_detallecompra
55	Can delete detalle compra	13	delete_detallecompra
56	Can view detalle compra	13	view_detallecompra
57	Can add Cotización	15	add_cotizacion
58	Can change Cotización	15	change_cotizacion
59	Can delete Cotización	15	delete_cotizacion
60	Can view Cotización	15	view_cotizacion
61	Can add detalle cotizacion	16	add_detallecotizacion
62	Can change detalle cotizacion	16	change_detallecotizacion
63	Can delete detalle cotizacion	16	delete_detallecotizacion
64	Can view detalle cotizacion	16	view_detallecotizacion
65	Can add Cliente	17	add_cliente
66	Can change Cliente	17	change_cliente
67	Can delete Cliente	17	delete_cliente
68	Can view Cliente	17	view_cliente
69	Can add Contacto	18	add_contactocliente
70	Can change Contacto	18	change_contactocliente
71	Can delete Contacto	18	delete_contactocliente
72	Can view Contacto	18	view_contactocliente
73	Can add Moneda	20	add_moneda
74	Can change Moneda	20	change_moneda
75	Can delete Moneda	20	delete_moneda
76	Can view Moneda	20	view_moneda
77	Can add Rol	23	add_rol
78	Can change Rol	23	change_rol
79	Can delete Rol	23	delete_rol
80	Can view Rol	23	view_rol
81	Can add Permiso de Rol por Módulo	22	add_permisorolmodulo
82	Can change Permiso de Rol por Módulo	22	change_permisorolmodulo
83	Can delete Permiso de Rol por Módulo	22	delete_permisorolmodulo
84	Can view Permiso de Rol por Módulo	22	view_permisorolmodulo
85	Can add Asignación de Rol a Usuario	19	add_asignacionrolusuario
86	Can change Asignación de Rol a Usuario	19	change_asignacionrolusuario
87	Can delete Asignación de Rol a Usuario	19	delete_asignacionrolusuario
88	Can view Asignación de Rol a Usuario	19	view_asignacionrolusuario
89	Can add Permiso de Rol por Acción	21	add_permisorolaccion
90	Can change Permiso de Rol por Acción	21	change_permisorolaccion
91	Can delete Permiso de Rol por Acción	21	delete_permisorolaccion
92	Can view Permiso de Rol por Acción	21	view_permisorolaccion
93	Can add Sucursal	24	add_sucursal
94	Can change Sucursal	24	change_sucursal
95	Can delete Sucursal	24	delete_sucursal
96	Can view Sucursal	24	view_sucursal
97	Can add actividad	25	add_actividad
98	Can change actividad	25	change_actividad
99	Can delete actividad	25	delete_actividad
100	Can view actividad	25	view_actividad
101	Can add Empresa (Tenant)	26	add_empresa
102	Can change Empresa (Tenant)	26	change_empresa
103	Can delete Empresa (Tenant)	26	delete_empresa
104	Can view Empresa (Tenant)	26	view_empresa
105	Can add Almacén	27	add_almacen
106	Can change Almacén	27	change_almacen
107	Can delete Almacén	27	delete_almacen
108	Can view Almacén	27	view_almacen
109	Can add Stock en Almacén	28	add_inventario
110	Can change Stock en Almacén	28	change_inventario
111	Can delete Stock en Almacén	28	delete_inventario
112	Can view Stock en Almacén	28	view_inventario
113	Can add Movimiento de Kardex	29	add_kardex
114	Can change Movimiento de Kardex	29	change_kardex
115	Can delete Movimiento de Kardex	29	delete_kardex
116	Can view Movimiento de Kardex	29	view_kardex
117	Can add Categoría	30	add_categoria
118	Can change Categoría	30	change_categoria
119	Can delete Categoría	30	delete_categoria
120	Can view Categoría	30	view_categoria
121	Can add Subcategoría	32	add_subcategoria
122	Can change Subcategoría	32	change_subcategoria
123	Can delete Subcategoría	32	delete_subcategoria
124	Can view Subcategoría	32	view_subcategoria
125	Can add Lista de Precio/Costo	31	add_listapreciocosto
126	Can change Lista de Precio/Costo	31	change_listapreciocosto
127	Can delete Lista de Precio/Costo	31	delete_listapreciocosto
128	Can view Lista de Precio/Costo	31	view_listapreciocosto
129	Can add Proveedor	33	add_proveedor
130	Can change Proveedor	33	change_proveedor
131	Can delete Proveedor	33	delete_proveedor
132	Can view Proveedor	33	view_proveedor
133	Can add sucursal proveedor	34	add_sucursalproveedor
134	Can change sucursal proveedor	34	change_sucursalproveedor
135	Can delete sucursal proveedor	34	delete_sucursalproveedor
136	Can view sucursal proveedor	34	view_sucursalproveedor
137	Can add recepcion	37	add_recepcion
138	Can change recepcion	37	change_recepcion
139	Can delete recepcion	37	delete_recepcion
140	Can view recepcion	37	view_recepcion
141	Can add detalle recepcion	35	add_detallerecepcion
142	Can change detalle recepcion	35	change_detallerecepcion
143	Can delete detalle recepcion	35	delete_detallerecepcion
144	Can view detalle recepcion	35	view_detallerecepcion
145	Can add detalle recepcion extra	36	add_detallerecepcionextra
146	Can change detalle recepcion extra	36	change_detallerecepcionextra
147	Can delete detalle recepcion extra	36	delete_detallerecepcionextra
148	Can view detalle recepcion extra	36	view_detallerecepcionextra
149	Can add pedido	39	add_pedido
150	Can change pedido	39	change_pedido
151	Can delete pedido	39	delete_pedido
152	Can view pedido	39	view_pedido
153	Can add detalle pedido	38	add_detallepedido
154	Can change detalle pedido	38	change_detallepedido
155	Can delete detalle pedido	38	delete_detallepedido
156	Can view detalle pedido	38	view_detallepedido
157	Can add solicitud compra	41	add_solicitudcompra
158	Can change solicitud compra	41	change_solicitudcompra
159	Can delete solicitud compra	41	delete_solicitudcompra
160	Can view solicitud compra	41	view_solicitudcompra
161	Can add detalle solicitud compra	40	add_detallesolicitudcompra
162	Can change detalle solicitud compra	40	change_detallesolicitudcompra
163	Can delete detalle solicitud compra	40	delete_detallesolicitudcompra
164	Can view detalle solicitud compra	40	view_detallesolicitudcompra
165	Can add Orden de Producción	44	add_ordenproduccion
166	Can change Orden de Producción	44	change_ordenproduccion
167	Can delete Orden de Producción	44	delete_ordenproduccion
168	Can view Orden de Producción	44	view_ordenproduccion
169	Can add detalle orden produccion	42	add_detalleordenproduccion
170	Can change detalle orden produccion	42	change_detalleordenproduccion
171	Can delete detalle orden produccion	42	delete_detalleordenproduccion
172	Can view detalle orden produccion	42	view_detalleordenproduccion
173	Can add Test de Calidad	46	add_test
174	Can change Test de Calidad	46	change_test
175	Can delete Test de Calidad	46	delete_test
176	Can view Test de Calidad	46	view_test
177	Can add Tarea del Test	43	add_itemtest
178	Can change Tarea del Test	43	change_itemtest
179	Can delete Tarea del Test	43	delete_itemtest
180	Can view Tarea del Test	43	view_itemtest
181	Can add resultado test op	45	add_resultadotestop
182	Can change resultado test op	45	change_resultadotestop
183	Can delete resultado test op	45	delete_resultadotestop
184	Can view resultado test op	45	view_resultadotestop
185	Can add Caja o Banco	47	add_cajabanco
186	Can change Caja o Banco	47	change_cajabanco
187	Can delete Caja o Banco	47	delete_cajabanco
188	Can view Caja o Banco	47	view_cajabanco
189	Can add Pago de Pedido	51	add_pagopedido
190	Can change Pago de Pedido	51	change_pagopedido
191	Can delete Pago de Pedido	51	delete_pagopedido
192	Can view Pago de Pedido	51	view_pagopedido
193	Can add Ingreso	49	add_ingreso
194	Can change Ingreso	49	change_ingreso
195	Can delete Ingreso	49	delete_ingreso
196	Can view Ingreso	49	view_ingreso
197	Can add Pago de Compra	50	add_pagocompra
198	Can change Pago de Compra	50	change_pagocompra
199	Can delete Pago de Compra	50	delete_pagocompra
200	Can view Pago de Compra	50	view_pagocompra
201	Can add Egreso	48	add_egreso
202	Can change Egreso	48	change_egreso
203	Can delete Egreso	48	delete_egreso
204	Can view Egreso	48	view_egreso
205	Can add Notificación	52	add_notificacion
206	Can change Notificación	52	change_notificacion
207	Can delete Notificación	52	delete_notificacion
208	Can view Notificación	52	view_notificacion
209	Can add Empleado	53	add_empleado
210	Can change Empleado	53	change_empleado
211	Can delete Empleado	53	delete_empleado
212	Can view Empleado	53	view_empleado
213	Can add Contrato	54	add_contrato
214	Can change Contrato	54	change_contrato
215	Can delete Contrato	54	delete_contrato
216	Can view Contrato	54	view_contrato
217	Can add Contratista	56	add_contratista
218	Can change Contratista	56	change_contratista
219	Can delete Contratista	56	delete_contratista
220	Can view Contratista	56	view_contratista
221	Can add Beneficiario	55	add_beneficiario
222	Can change Beneficiario	55	change_beneficiario
223	Can delete Beneficiario	55	delete_beneficiario
224	Can view Beneficiario	55	view_beneficiario
225	Can add Registro SUA	57	add_registrosua
226	Can change Registro SUA	57	change_registrosua
227	Can delete Registro SUA	57	delete_registrosua
228	Can view Registro SUA	57	view_registrosua
229	Can add Importación SUA	58	add_importacionsua
230	Can change Importación SUA	58	change_importacionsua
231	Can delete Importación SUA	58	delete_importacionsua
232	Can view Importación SUA	58	view_importacionsua
233	Can add Trabajador SUA	59	add_trabajadorsua
234	Can change Trabajador SUA	59	change_trabajadorsua
235	Can delete Trabajador SUA	59	delete_trabajadorsua
236	Can view Trabajador SUA	59	view_trabajadorsua
237	Can add Costeo	61	add_costeo
238	Can change Costeo	61	change_costeo
239	Can delete Costeo	61	delete_costeo
240	Can view Costeo	61	view_costeo
241	Can add comercio adquisicion	60	add_comercioadquisicion
242	Can change comercio adquisicion	60	change_comercioadquisicion
243	Can delete comercio adquisicion	60	delete_comercioadquisicion
244	Can view comercio adquisicion	60	view_comercioadquisicion
245	Can add manufactura gasto indirecto	62	add_manufacturagastoindirecto
246	Can change manufactura gasto indirecto	62	change_manufacturagastoindirecto
247	Can delete manufactura gasto indirecto	62	delete_manufacturagastoindirecto
248	Can view manufactura gasto indirecto	62	view_manufacturagastoindirecto
249	Can add manufactura mano obra	63	add_manufacturamanoobra
250	Can change manufactura mano obra	63	change_manufacturamanoobra
251	Can delete manufactura mano obra	63	delete_manufacturamanoobra
252	Can view manufactura mano obra	63	view_manufacturamanoobra
253	Can add manufactura materia prima	64	add_manufacturamateriaprima
254	Can change manufactura materia prima	64	change_manufacturamateriaprima
255	Can delete manufactura materia prima	64	delete_manufacturamateriaprima
256	Can view manufactura materia prima	64	view_manufacturamateriaprima
257	Can add servicio material	65	add_serviciomaterial
258	Can change servicio material	65	change_serviciomaterial
259	Can delete servicio material	65	delete_serviciomaterial
260	Can view servicio material	65	view_serviciomaterial
261	Can add servicio personal	66	add_serviciopersonal
262	Can change servicio personal	66	change_serviciopersonal
263	Can delete servicio personal	66	delete_serviciopersonal
264	Can view servicio personal	66	view_serviciopersonal
265	Can add Nómina	67	add_nomina
266	Can change Nómina	67	change_nomina
267	Can delete Nómina	67	delete_nomina
268	Can view Nómina	67	view_nomina
\.


--
-- Data for Name: auth_user; Type: TABLE DATA; Schema: public; Owner: madmin
--

COPY public.auth_user (id, password, last_login, is_superuser, username, first_name, last_name, email, is_staff, is_active, date_joined) FROM stdin;
8	pbkdf2_sha256$1200000$LpWv06sWqj8bZuwSqcGSzY$sAjmIcJ8Y0V15oZmmtkrj5IxKKFWnQAZTDXz/Tj1rMY=	2026-05-20 12:02:23.229326-06	f	sgalvez@highpro			garantias@highpro.com.mx	f	t	2026-05-20 10:56:02.493766-06
6	pbkdf2_sha256$1200000$7JHJ2ILtPY8ONnhKqcsCh2$yMqd/qLiuQIaMnGF0ecgq7/EVfzZW/6sGPGdRfdzwaI=	2026-05-20 12:03:12.023338-06	t	rmendez@highpro			contacto@protohardware.com	t	t	2026-05-20 10:52:59-06
5	pbkdf2_sha256$1200000$Df2G00GcFy9qayh5V8OEOc$QA475bZmth/cEFwx9zh4rouUzeQWdIB70+smSg/9VwQ=	2026-05-20 12:25:25.179202-06	t	admin@demo				t	t	2026-05-13 10:35:54.36316-06
3	pbkdf2_sha256$1200000$YcuX3lyZhTE3kkT7kZ5Jnt$COMcqAeK8hKJXaMvF8L1r4fYbAiHcVtPhuVrx2kEngQ=	2026-05-22 22:56:17.828053-06	t	admin@highpro				t	t	2026-05-13 10:35:17.075067-06
4	pbkdf2_sha256$1200000$D56WTkSgiesz6VSa0OxPZq$DovSHeTeefZj7Oej6GmujcWE9Lp6I0EqtxsnOxkwFf4=	2026-05-27 09:59:16.300051-06	t	sadmin@demo			luism@crossovermx.com.mx	t	t	2026-05-13 10:35:53.868697-06
11	pbkdf2_sha256$1200000$ZKFxZP1Bc21v5joq25s6K0$fMcCJFmPR3BlFpjNp92uk1LajGRlNXLgx98LJM811OQ=	2026-05-20 13:27:52.957062-06	f	usuario@demo				f	t	2026-05-20 12:25:50.240795-06
2	pbkdf2_sha256$1200000$pyoiPCe8gM53Ftyw4jIrBU$CeF81y3QvV77DQGBQ6A9T/jH2eJ2N9MCqWc9kE5rksQ=	2026-05-27 13:03:31.32818-06	t	sadmin@highpro			highpro.gerencia1@gmail.com	t	t	2026-05-13 10:35:16.661671-06
7	pbkdf2_sha256$1200000$y3nBe2AaIjGzlDFJuMpzcB$5Sc6abpERR9/bsBP+DNUlvATrabEYJNTPgerhCGhRpA=	\N	f	lgonzalez@highpro			facturacion@highpro.com.mx	f	t	2026-05-20 10:55:44.524213-06
9	pbkdf2_sha256$1200000$oqhJ0HqEpJ56fa3rONFoz6$05EpvSxYcnCKDxi3P2dvTAaQkgxHC8PxPug0V07UbNo=	\N	t	eornelas@highpro			contacto@highpro.com.mx	t	t	2026-05-20 10:56:28.84377-06
10	pbkdf2_sha256$1200000$XMunL5Z0hxb556thLrSiYd$qe1qEqEE2NofhjPezIogG1ARuANlYbD4DKWMWxD5PeA=	\N	f	etorres@highpro			protohw@highpro.com.mx	f	t	2026-05-20 10:56:54.505771-06
1	pbkdf2_sha256$1200000$pwbqPgfFcVZEAlUjSrAuMm$tDTKtgArMI6hIrM3VG+aA2/XsxsbrUCtNLzNMMeJZyM=	2026-05-21 20:37:47.318431-06	t	madmin@crossoversuite			madmin@crossoversuite.com	t	t	2026-05-13 10:33:10.639415-06
\.


--
-- Data for Name: auth_user_groups; Type: TABLE DATA; Schema: public; Owner: madmin
--

COPY public.auth_user_groups (id, user_id, group_id) FROM stdin;
\.


--
-- Data for Name: auth_user_user_permissions; Type: TABLE DATA; Schema: public; Owner: madmin
--

COPY public.auth_user_user_permissions (id, user_id, permission_id) FROM stdin;
\.


--
-- Data for Name: categorias_categoria; Type: TABLE DATA; Schema: public; Owner: madmin
--

COPY public.categorias_categoria (id, nombre, empresa_id) FROM stdin;
1	PROCESADORES	1
2	RAM	1
3	TARJETA DE VIDEO	1
4	ALMACENAMIENTO	1
5	FUENTE DE PODER	1
6	GABINETE	1
7	MOTHERBOARD	1
8	COMPUTADORA	1
9	ENFRIAMIENTO	1
10	MONITOR	1
11	ACCESORIOS	1
\.


--
-- Data for Name: categorias_listapreciocosto; Type: TABLE DATA; Schema: public; Owner: madmin
--

COPY public.categorias_listapreciocosto (id, nombre, porcentaje_extra, monto_extra, tipo, fecha_creacion, empresa_id) FROM stdin;
\.


--
-- Data for Name: categorias_subcategoria; Type: TABLE DATA; Schema: public; Owner: madmin
--

COPY public.categorias_subcategoria (id, nombre, categoria_id, empresa_id) FROM stdin;
\.


--
-- Data for Name: clientes_cliente; Type: TABLE DATA; Schema: public; Owner: madmin
--

COPY public.clientes_cliente (id, nombre, apellidos, razon_social, rfc, email, telefono, calle, numero_ext, numero_int, colonia, estado_dir, cp, estado, tipo, relacion, creado_en, empresa_id, envio_calle, envio_colonia, envio_correo, envio_cp, envio_estado, envio_notas, envio_numero_ext, envio_numero_int, envio_quien_recibe, envio_telefono) FROM stdin;
17	Armando	Gonzalez García	\N	\N	\N	\N	\N	\N	\N	\N	\N	\N	activo	prospecto	directo	2026-05-21 17:22:16.772751-06	1	\N	\N	\N	\N	\N		\N	\N	\N	\N
18	Carlos	Dueñas	\N	\N	\N	\N	\N	\N	\N	\N	\N	\N	activo	prospecto	directo	2026-05-21 17:39:55.350993-06	1	\N	\N	\N	\N	\N		\N	\N	\N	\N
19	Alberto	Silva	\N	\N	\N	\N	\N	\N	\N	\N	\N	\N	activo	prospecto	directo	2026-05-21 17:44:46.582064-06	1	\N	\N	\N	\N	\N		\N	\N	\N	\N
20	Oliver	Gomez	\N	\N	\N	\N	\N	\N	\N	\N	\N	\N	activo	prospecto	directo	2026-05-21 18:22:37.152782-06	1	\N	\N	\N	\N	\N		\N	\N	\N	\N
21	CLIENTE	PISO	\N	\N	\N	\N	\N	\N	\N	\N	\N	\N	activo	prospecto	directo	2026-05-21 18:37:58.243798-06	1	\N	\N	\N	\N	\N		\N	\N	\N	\N
22	CLIENTE	SOPORTE	\N	\N	\N	\N	\N	\N	\N	\N	\N	\N	activo	prospecto	directo	2026-05-21 18:43:01.596813-06	1	\N	\N	\N	\N	\N		\N	\N	\N	\N
16	Luis	Mosqueda	\N	\N	\N	5511402976	\N	\N	\N	\N	\N	\N	activo	vip	directo	2026-05-20 12:06:36.802558-06	2	\N	\N	\N	\N	\N		\N	\N	\N	\N
\.


--
-- Data for Name: clientes_contactocliente; Type: TABLE DATA; Schema: public; Owner: madmin
--

COPY public.clientes_contactocliente (id, nombre_completo, telefono_1, telefono_2, correo_1, correo_2, notas, creado_en, cliente_id) FROM stdin;
\.


--
-- Data for Name: compras_detallecompra; Type: TABLE DATA; Schema: public; Owner: madmin
--

COPY public.compras_detallecompra (id, cantidad, precio_costo, producto_id, orden_compra_id, detalle_pedido_origen_id) FROM stdin;
1	1	302.06	54	1	\N
2	1	159.75	57	1	\N
3	1	595.88	169	1	\N
4	1	279.18	170	1	\N
5	1	61.54	171	1	\N
6	1	102.06	68	1	\N
7	1	1200.00	52	2	\N
8	1	18900.00	117	2	\N
9	1	104.12	3	3	\N
10	1	125.70	172	3	\N
11	1	52.58	175	3	\N
12	1	360.82	176	3	\N
13	1	137.22	161	3	\N
14	1	799.00	8	4	\N
15	1	813.92	174	5	\N
89	1	813.92	174	8	\N
74	1	302.06	54	6	\N
75	1	159.75	57	6	\N
76	1	595.88	169	6	\N
77	1	279.18	170	6	\N
78	1	61.54	171	6	\N
79	1	102.06	68	6	\N
80	1	104.12	3	6	\N
81	1	125.70	172	6	\N
82	1	52.58	175	6	\N
83	1	360.82	176	6	\N
84	1	137.22	161	6	\N
85	1	1200.00	52	7	\N
86	1	18900.00	117	7	\N
87	1	799.00	8	7	\N
\.


--
-- Data for Name: compras_ordencompra; Type: TABLE DATA; Schema: public; Owner: madmin
--

COPY public.compras_ordencompra (id, proveedor_id, fecha, estado, notas, almacen_destino_id, empresa_id, usuario_id, solicitud_origen_id, moneda_id, tipo_cambio, sucursal_id, sucursal_empresa_id, descuento) FROM stdin;
1	1	2026-05-26 16:55:56.741325-06	cancelada	Generada desde Solicitud #6. [CONSOLIDADA EN OC-0006]	2	1	3	6	2	18.0000	2	1	0.00
3	1	2026-05-26 16:56:02.924006-06	cancelada	Generada desde Solicitud #5. [CONSOLIDADA EN OC-0006]	2	1	3	5	2	18.0000	2	1	0.00
2	1	2026-05-26 16:55:56.753011-06	cancelada	Generada desde Solicitud #6. [CONSOLIDADA EN OC-0007]	2	1	3	6	1	1.0000	2	1	0.00
4	1	2026-05-26 16:56:02.934741-06	cancelada	Generada desde Solicitud #5. [CONSOLIDADA EN OC-0007]	2	1	3	5	1	1.0000	2	1	0.00
5	1	2026-05-26 16:56:02.936888-06	cancelada	Generada desde Solicitud #5.	2	1	3	5	1	1.0000	3	1	0.00
8	1	2026-05-27 00:00:00-06	recibida	Generada desde Solicitud #7.	2	1	3	7	1	1.0000	3	1	48.43
7	1	2026-05-26 00:00:00-06	recibida	Orden de compra creada de los folios OC-0002, OC-0004	2	1	3	\N	1	1.0000	2	1	200.00
6	1	2026-05-26 00:00:00-06	recibida	Orden de compra creada de los folios OC-0001, OC-0003	2	1	3	\N	2	17.7000	2	1	0.00
\.


--
-- Data for Name: core_categoria; Type: TABLE DATA; Schema: public; Owner: madmin
--

COPY public.core_categoria (id, nombre, empresa_id) FROM stdin;
\.


--
-- Data for Name: core_detallereceta; Type: TABLE DATA; Schema: public; Owner: madmin
--

COPY public.core_detallereceta (id, cantidad, componente_id, producto_padre_id) FROM stdin;
1	1	55	70
2	1	51	70
3	1	57	70
4	1	117	70
5	1	19	70
6	1	60	70
7	1	21	70
8	1	69	70
9	1	161	37
10	1	162	37
11	1	3	37
12	1	17	37
13	1	6	37
14	1	8	37
15	1	14	37
16	1	163	152
17	1	164	152
18	1	126	152
19	1	165	152
20	1	166	152
21	1	167	152
22	1	168	152
23	1	161	40
24	1	62	40
25	1	79	40
26	1	20	40
27	1	6	40
28	1	21	40
29	1	24	40
\.


--
-- Data for Name: core_producto; Type: TABLE DATA; Schema: public; Owner: madmin
--

COPY public.core_producto (id, nombre, descripcion, tipo, estado, categoria, subcategoria, marca, modelo, linea, unidad_medida, precio_costo, precio_venta, stock_minimo, stock_maximo, maneja_lote, maneja_serie, fecha_creacion, empresa_id, tipo_abastecimiento, costos_lista, precios_lista, ieps, iva, test_calidad_id, clave, tiene_iva) FROM stdin;
1	Articulo nuevo		producto	activo	\N	\N	\N	\N	\N	PZA	800.00	1000.00	0	1000	f	f	2026-05-20 12:24:17.026503-06	2	compra	[]	[]	0.00	16.00	\N	\N	t
19	TARJETA DE VIDEO ZOTAC (ZT-B50700J-10P) RTX 5070 SOLID OC 12GB GDDR7	\N	producto	activo	TARJETA DE VIDEO		ZOTAC	ZT-B50700J-10P	\N	H87	12388.00	14200.00	0	3	f	t	2026-05-21 16:56:41.762211-06	1	compra	[]	[]	0.00	16.00	\N	ZT-B50700J-10P	t
15	TARJETA DE VIDEO XFX (RX-96TSW8GWQ) SWIFT RX9060XT OC,8GB GDDR6,1900MHZ,2*DP,HDMI,2*FAN,BLANCA	\N	producto	activo	TARJETA DE VIDEO		XFX	RX-96TSW8GWQ	\N	H87	6900.00	8400.00	0	3	f	t	2026-05-21 16:56:41.746946-06	1	compra	[]	[]	0.00	16.00	\N	RX-96TSW8GWQ	t
3	MEMORIA RAM DDR4 KINGSTON (KF432C16BB2A/16) (1X16GB) 3200MHZ FURY BEAST BLACK RGB	\N	producto	activo	RAM		KINGSTON	KF432C16BB2A/16	\N	H87	1800.00	2200.00	0	3	f	t	2026-05-21 16:56:41.698305-06	1	compra	[]	[]	0.00	16.00	\N	KF432C16BB2A/16	t
4	TARJETA DE VIDEO ZOTAC (ZT-B50600H-10M) RTX 5060 TWIN EDGE OC 8GB	\N	producto	activo	TARJETA DE VIDEO		ZOTAC	ZT-B50600H-10M	\N	H87	6610.00	7300.00	0	3	f	t	2026-05-21 16:56:41.704386-06	1	compra	[]	[]	0.00	16.00	\N	ZT-B50600H-10M	t
5	TARJETA DE VIDEO ASUS (DUAL-RTX5060-O8G) 8GB GDDR7	\N	producto	activo	TARJETA DE VIDEO		ASUS	DUAL-RTX5060-O8G	\N	H87	6610.00	7300.00	0	3	f	t	2026-05-21 16:56:41.707946-06	1	compra	[]	[]	0.00	16.00	\N	DUAL-RTX5060-O8G	t
16	TARJETA DE VIDEO XFX (RX-96TSW8GBQ) SWIFT RX9060XT OC,8GB GDDR6,1900MHZ,2*DP,HDMI,2*FAN,NEGRO	\N	producto	activo	TARJETA DE VIDEO		XFX	RX-96TSW8GBQ	\N	H87	6900.00	8400.00	0	3	f	t	2026-05-21 16:56:41.750811-06	1	compra	[]	[]	0.00	16.00	\N	RX-96TSW8GBQ	t
17	TARJETA DE VIDEO MSI (RTX 5060 TI 8G VENTUS 2X OC WHITE PLUS)8GB	\N	producto	activo	TARJETA DE VIDEO		MSI	RTX 5060 TI 8G VENTUS 2X OC WHITE PLUS	\N	H87	7721.00	8800.00	0	3	f	t	2026-05-21 16:56:41.754278-06	1	compra	[]	[]	0.00	16.00	\N	RTX 5060 TI 8G VENTUS 2X OC WHITE PLUS	t
9	FUENTE DE PODER GIGABYTE (GP-P650G PG5) 650W,PCI-E GEN5,80 PLUS GOLD,NEGRO	\N	producto	activo	FUENTE DE PODER		GIGABYTE	GP-P650G PG5	\N	H87	805.00	950.00	0	3	f	t	2026-05-21 16:56:41.72415-06	1	compra	[]	[]	0.00	16.00	\N	GP-P650G PG5	t
11	GABINETE BALAM RUSH(BR-935968)DRAGONFLY PERFORM AIRCOOL GM590AB,MAX ATX	\N	producto	activo	GABINETE		BALAM RUSH	BR-935968	\N	H87	804.00	980.00	0	3	f	t	2026-05-21 16:56:41.73214-06	1	compra	[]	[]	0.00	16.00	\N	BR-935968	t
12	MEMORIA DIMM DDR4 CORSAIR (CMW32GX4M2E3200C16) 32GB 3200MHZ (2X16GB) VENGEANCE RGB PRO, NEGRO	\N	producto	activo	RAM		CORSAIR	CMW32GX4M2E3200C16	\N	H87	4920.00	5590.00	0	3	f	t	2026-05-21 16:56:41.735907-06	1	compra	[]	[]	0.00	16.00	\N	CMW32GX4M2E3200C16	t
13	UNIDAD SSD M.2 CRUCIAL 2TB (CT2000E100SSD8) E100, PCIE GEN4, NVME	\N	producto	activo	ALMACENAMIENTO		CRUCIAL	CT2000E100SSD8	\N	H87	4917.00	5500.00	0	3	f	t	2026-05-21 16:56:41.739076-06	1	compra	[]	[]	0.00	16.00	\N	CT2000E100SSD8	t
14	GABINETE ANTEC (CX600M ARGB_B) MINI TOWER MICRO-ATX,CRISTAL	\N	producto	activo	GABINETE		ANTEC	CX600M ARGB_B	\N	H87	1120.00	1350.00	0	3	f	t	2026-05-21 16:56:41.743207-06	1	compra	[]	[]	0.00	16.00	\N	CX600M ARGB_B	t
2	PROCESADOR INTEL (BX8071514100F) CORE I3-14100F S-1700 4CORES 4.70GHZ 65W S/GRAFICOS	\N	producto	activo	PROCESADORES		INTEL	BX8071514100F	\N	H87	1620.00	1940.00	0	3	f	t	2026-05-21 16:56:41.681067-06	1	stock	[]	[]	0.00	16.00	\N	BX8071514100F	t
8	FUENTE DE PODER MSI (MAG A650BN) 650W,80 PLUS BRONZE	\N	producto	activo	FUENTE DE PODER		MSI	MAG A650BN	\N	H87	805.00	950.00	0	3	f	t	2026-05-21 16:56:41.720256-06	1	compra	[]	[]	0.00	16.00	\N	MAG A650BN	t
20	TARJETA DE VIDEO ASUS (DUAL-RTX5070-O12G) 192BIT, PCI-E 5.0	\N	producto	activo	TARJETA DE VIDEO		ASUS	DUAL-RTX5070-O12G	\N	H87	10970.00	12350.00	0	3	f	t	2026-05-21 16:56:41.765718-06	1	compra	[]	[]	0.00	16.00	\N	DUAL-RTX5070-O12G	t
21	FUENTE DE PODER COOLER MASTER (MPX-8503-AFAG-2EBUS) MWE GOLD 850W V3 ATX 3.1,PCI-E 5, FULL MODULAR	\N	producto	activo	FUENTE DE PODER		COOLER MASTER	MPX-8503-AFAG-2EBUS	\N	H87	1375.00	1650.00	0	3	f	t	2026-05-21 16:56:41.769079-06	1	compra	[]	[]	0.00	16.00	\N	MPX-8503-AFAG-2EBUS	t
22	FUENTE DE PODER GIGABYTE (GP-UD850GM PG5 V2) 850W,MODULAR,PCI-E GEN5,16PINS,80 PLUS GOLD	\N	producto	activo	FUENTE DE PODER		GIGABYTE	GP-UD850GM PG5 V2	\N	H87	1375.00	1650.00	0	3	f	t	2026-05-21 16:56:41.77285-06	1	compra	[]	[]	0.00	16.00	\N	GP-UD850GM PG5 V2	t
23	GABINETE NZXT (CC-H31FB-01) H3 FLOW, MID TOWER, MICRO ITX, MICRO ATX, 1 FAN, SIN FUENTE, NEGRO	\N	producto	activo	GABINETE		NZXT	CC-H31FB-01	\N	H87	1185.00	1650.00	0	3	f	t	2026-05-21 16:56:41.775861-06	1	compra	[]	[]	0.00	16.00	\N	CC-H31FB-01	t
24	GABINETE NZXT (CC-H31FW-01) H3 FLOW MID TOWER, MICRO ITX, MICRO ATX, 1 FAN, SIN FUENTE, BLANCO	\N	producto	activo	GABINETE		NZXT	CC-H31FW-01	\N	H87	1185.00	1650.00	0	3	f	t	2026-05-21 16:56:41.779301-06	1	compra	[]	[]	0.00	16.00	\N	CC-H31FW-01	t
25	PROCESADOR AMD (100-100001591BOX) RYZEN 5 8400F S-AM5	\N	producto	activo	PROCESADORES		AMD	100-100001591BOX	\N	H87	2915.00	2999.00	0	3	f	t	2026-05-21 16:56:41.782613-06	1	compra	[]	[]	0.00	16.00	\N	100-100001591BOX	t
26	GABINETE COOLER MASTER (MB520-WGNN-S01) MASTERBOX MB520	\N	producto	activo	GABINETE		COOLER MASTER	MB520-WGNN-S01	\N	H87	1761.00	1999.00	0	3	f	t	2026-05-21 16:56:41.785705-06	1	compra	[]	[]	0.00	16.00	\N	MB520-WGNN-S01	t
27	GABINETE COOLER MASTER (MB600-KGNN-S00) MASTERBOX 600	\N	producto	activo	GABINETE		COOLER MASTER	MB600-KGNN-S00	\N	H87	1761.00	1999.00	0	3	f	t	2026-05-21 16:56:41.789368-06	1	compra	[]	[]	0.00	16.00	\N	MB600-KGNN-S00	t
28	LEGA ONE	\N	producto	activo	COMPUTADORA		LEGA	LEGA ONE	\N	H87	16472.93	25263.15	0	3	f	t	2026-05-21 16:56:41.794396-06	1	compra	[]	[]	0.00	16.00	\N	LEGA ONE	t
29	LEGA ONE CUSTOM	\N	producto	activo	COMPUTADORA		LEGA	LEGA ONE CUSTOM	\N	H87	16472.93	25263.15	0	3	f	t	2026-05-21 16:56:41.798272-06	1	compra	[]	[]	0.00	16.00	\N	LEGA ONE CUSTOM	t
30	LEGA ONE PRODUCCION	\N	producto	activo	COMPUTADORA		LEGA	LEGA ONE PRODUCCION	\N	H87	16472.93	25263.15	0	3	f	t	2026-05-21 16:56:41.801563-06	1	compra	[]	[]	0.00	16.00	\N	LEGA ONE PRODUCCION	t
31	LEGA ONE PLUS	\N	producto	activo	COMPUTADORA		LEGA	LEGA ONE PLUS	\N	H87	21886.07	33397.50	0	3	f	t	2026-05-21 16:56:41.804689-06	1	compra	[]	[]	0.00	16.00	\N	LEGA ONE PLUS	t
32	LEGA ONE PLUS CUSTOM	\N	producto	activo	COMPUTADORA		LEGA	LEGA ONE PLUS CUSTOM	\N	H87	21886.07	33397.50	0	3	f	t	2026-05-21 16:56:41.807947-06	1	compra	[]	[]	0.00	16.00	\N	LEGA ONE PLUS CUSTOM	t
6	SSD KINGSTON SNV3S NVME, 1TB, M.2, SNV3S/1000G, 6000 MB/S LECTURA, PCI EXPRESS 4.0	\N	producto	activo	ALMACENAMIENTO		KINGSTON	SNV3S/1000G	\N	H87	2686.00	3050.00	0	3	f	t	2026-05-21 16:56:41.712094-06	1	compra	[]	[]	0.00	16.00	\N	SNV3S/1000G	t
7	UNIDAD SSD M.2 ACER 1TB (BL.9BWWA.120) FA100, PCIE GEN3X4, 2280, 3300MB/S	\N	producto	activo	ALMACENAMIENTO		ACER	BL.9BWWA.120	\N	H87	2655.00	2800.00	0	3	f	t	2026-05-21 16:56:41.715561-06	1	compra	[]	[]	0.00	16.00	\N	BL.9BWWA.120	t
49	GABINETE CORSAIR (CC-9011256-WW) 3000D RGB AIRFLOW,BLANCO	\N	producto	activo	GABINETE		CORSAIR	CC-9011256-WW	\N	H87	1722.00	2050.00	0	3	f	t	2026-05-21 16:56:41.872098-06	1	compra	[]	[]	0.00	16.00	\N	CC-9011256-WW	t
34	LEGA ONE RADEON 9060	\N	producto	activo	COMPUTADORA		LEGA	LEGA ONE RADEON 9060	\N	H87	19444.85	29993.70	0	3	f	t	2026-05-21 16:56:41.815308-06	1	compra	[]	[]	0.00	16.00	\N	LEGA ONE RADEON 9060	t
35	LEGA ONE RADEON 9060 CUSTOM	\N	producto	activo	COMPUTADORA		LEGA	LEGA ONE RADEON 9060 CUSTOM	\N	H87	19444.85	29993.70	0	3	f	t	2026-05-21 16:56:41.818387-06	1	compra	[]	[]	0.00	16.00	\N	LEGA ONE RADEON 9060 CUSTOM	t
36	LEGA ONE RADEON 9060 PRODUCCION	\N	producto	activo	COMPUTADORA		LEGA	LEGA ONE RADEON 9060 PRODUCCION	\N	H87	19444.85	29993.70	0	3	f	t	2026-05-21 16:56:41.821927-06	1	compra	[]	[]	0.00	16.00	\N	LEGA ONE RADEON 9060 PRODUCCION	t
38	LEGA ONE 5060TI CUSTOM	\N	producto	activo	COMPUTADORA		LEGA	LEGA ONE 5060TI CUSTOM	\N	H87	18808.01	28987.20	0	3	f	t	2026-05-21 16:56:41.827918-06	1	compra	[]	[]	0.00	16.00	\N	LEGA ONE 5060TI CUSTOM	t
39	LEGA ONE 5060TI PRODUCCION	\N	producto	activo	COMPUTADORA		LEGA	LEGA ONE 5060TI PRODUCCION	\N	H87	18808.01	28987.20	0	3	f	t	2026-05-21 16:56:41.83124-06	1	compra	[]	[]	0.00	16.00	\N	LEGA ONE 5060TI PRODUCCION	t
40	LEGA ONE 5070		producto	activo	COMPUTADORA	\N	LEGA	LEGA ONE 5070	\N	H87	28105.87	43188.00	0	3	f	t	2026-05-21 16:56:41.834203-06	1	produccion	[]	[]	0.00	16.00	\N	LEGA ONE 5070	t
41	LEGA ONE 5070 CUSTOM	\N	producto	activo	COMPUTADORA		LEGA	LEGA ONE 5070 CUSTOM	\N	H87	28105.87	43188.00	0	3	f	t	2026-05-21 16:56:41.837514-06	1	compra	[]	[]	0.00	16.00	\N	LEGA ONE 5070 CUSTOM	t
43	LEGA ONE AM5	\N	producto	activo	COMPUTADORA		LEGA	LEGA ONE AM5	\N	H87	18850.46	27999.00	0	3	f	t	2026-05-21 16:56:41.844203-06	1	compra	[]	[]	0.00	16.00	\N	LEGA ONE AM5	t
44	LEGA ONE AM5 CUSTOM	\N	producto	activo	COMPUTADORA		LEGA	LEGA ONE AM5 CUSTOM	\N	H87	18850.46	27999.00	0	3	f	t	2026-05-21 16:56:41.847583-06	1	compra	[]	[]	0.00	16.00	\N	LEGA ONE AM5 CUSTOM	t
45	LEGA ONE AM5 PRODUCCION	\N	producto	activo	COMPUTADORA		LEGA	LEGA ONE AM5 PRODUCCION	\N	H87	18850.46	27999.00	0	3	f	t	2026-05-21 16:56:41.851034-06	1	compra	[]	[]	0.00	16.00	\N	LEGA ONE AM5 PRODUCCION	t
46	PROCESADOR INTEL CORE I5-12600KF S-1700 12A GEN BX8071512600KF	\N	producto	activo	PROCESADORES		INTEL	BX8071512600KF	\N	H87	3300.00	3800.00	0	3	f	t	2026-05-21 16:56:41.854183-06	1	compra	[]	[]	0.00	16.00	\N	BX8071512600KF	t
47	VENTILADOR P/CPU COOLER MASTER (RR-S4NA-17PA-R1) HYPER 212 SPECTRUM V3 ARGB, 4PWM,LGA1700/AM5	\N	producto	activo	ENFRIAMIENTO		COOLER MASTER	RR-S4NA-17PA-R1	\N	H87	210.00	590.00	0	3	f	t	2026-05-21 16:56:41.858237-06	1	compra	[]	[]	0.00	16.00	\N	RR-S4NA-17PA-R1	t
18	MOTHERBOARD ASUS (PRIME B760M-A D4) SOCKET 1700 13A,4*DDR4	\N	producto	activo	MOTHERBOARD		ASUS	PRIME B760M-A D4	\N	H87	1722.00	2100.00	0	3	f	t	2026-05-21 16:56:41.758738-06	1	compra	[]	[]	0.00	16.00	\N	PRIME B760M-A D4	t
33	LEGA ONE PLUS PRODUCCION	\N	producto	activo	COMPUTADORA		LEGA	LEGA ONE PLUS PRODUCCION	\N	H87	21886.07	33397.50	0	3	f	t	2026-05-21 16:56:41.811384-06	1	compra	[]	[]	0.00	16.00	\N	LEGA ONE PLUS PRODUCCION	t
51	VENTILADOR P/CPU MSI (MAG CORELIQUID A13 360) ARGB,ENFRIAMIENTO LIQUIDO, 3 FAN, 360MM, NEGRO	\N	producto	activo	ENFRIAMIENTO		MSI	MAG CORELIQUID A13 360	\N	H87	1185.00	2189.00	0	3	f	t	2026-05-21 16:56:41.879143-06	1	compra	[]	[]	0.00	16.00	\N	MAG CORELIQUID A13 360	t
52	VENTILADOR P/CPU MSI (MAG CORELIQUID A13 360 WHITE) ARGB,ENFRIAMIENTO LIQUIDO, 3 FAN, 360MM, BLANCO	\N	producto	activo	ENFRIAMIENTO		MSI	MAG CORELIQUID A13 360 WHITE	\N	H87	1185.00	2189.00	0	3	f	t	2026-05-21 16:56:41.882221-06	1	compra	[]	[]	0.00	16.00	\N	MAG CORELIQUID A13 360 WHITE	t
53	GABINETE NZXT (CC-H52FB-R1) H5 FLOW RGB COMPACT MID-TOWER ATX CASE WITH RGB FANS - NEGRO	\N	producto	activo	GABINETE		NZXT	CC-H52FB-R1	\N	H87	1873.00	2100.00	0	3	f	t	2026-05-21 16:56:41.885309-06	1	compra	[]	[]	0.00	16.00	\N	CC-H52FB-R1	t
54	PROCESADOR INTEL (BX80768265K) CORE ULTRA 7 265K, IA, SOCKET-1851	\N	producto	activo	PROCESADORES		INTEL	BX80768265K	\N	H87	6310.00	7100.00	0	3	f	t	2026-05-21 16:56:41.888856-06	1	compra	[]	[]	0.00	16.00	\N	BX80768265K	t
55	PROCESADOR INTEL (BX80768265) CORE ULTRA 7 265, IA, SOCKET-1851, 20CORES CON GRAFICOS	\N	producto	activo	PROCESADORES		INTEL	BX80768265	\N	H87	6716.00	7900.00	0	3	f	t	2026-05-21 16:56:41.892448-06	1	compra	[]	[]	0.00	16.00	\N	BX80768265	t
56	PROCESADOR INTEL (BX80768265KF) CORE ULTRA 7 265KF, IA, SOCKET-1851	\N	producto	activo	PROCESADORES		INTEL	BX80768265KF	\N	H87	6310.00	7100.00	0	3	f	t	2026-05-21 16:56:41.895848-06	1	compra	[]	[]	0.00	16.00	\N	BX80768265KF	t
57	MOTHERBOARD ASUS (TUF GAMING B860M-PLUS WIFI) SOCKET 1851 15A,4*DDR5	\N	producto	activo	MOTHERBOARD		ASUS	TUF GAMING B860M-PLUS WIFI	\N	H87	3338.00	3960.00	0	3	f	t	2026-05-21 16:56:41.899534-06	1	compra	[]	[]	0.00	16.00	\N	TUF GAMING B860M-PLUS WIFI	t
58	MOTHERBOARD ASUS (ROG STRIX B860-A GAMING WIFI) SOCKET 1851, 4*DDR5	\N	producto	activo	MOTHERBOARD		ASUS	ROG STRIX B860-A GAMING WIFI	\N	H87	4331.00	4800.00	0	3	f	t	2026-05-21 16:56:41.903217-06	1	compra	[]	[]	0.00	16.00	\N	ROG STRIX B860-A GAMING WIFI	t
59	MEMORIA DIMM DDR5 KINGSTON (KF560C36BBE2-16) (1X16GB) 6000MHZ, CL36, FURY BEAST, XMP/EXPO	\N	producto	activo	RAM		KINGSTON	KF560C36BBE2-16	\N	H87	3151.00	3500.00	0	3	f	t	2026-05-21 16:56:41.906799-06	1	compra	[]	[]	0.00	16.00	\N	KF560C36BBE2-16	t
60	SSD WD GREEN SN350 NVME, 2TB, M.2, 3000 MB/S ESCRITURA, 3200 MB/S WDS200T3G0C, PCI EXPRESS 3.0	\N	producto	activo	ALMACENAMIENTO		WD	WDS200T3G0C	\N	H87	4100.00	4500.00	0	3	f	t	2026-05-21 16:56:41.910233-06	1	compra	[]	[]	0.00	16.00	\N	WDS200T3G0C	t
61	GABINETE NZXT (CC-H61FB-01) H6 FLOW EDITION COMPACT DUAL-CHAMBER, ATX, NEGRO	\N	producto	activo	GABINETE		NZXT	CC-H61FB-01	\N	H87	2195.00	2650.00	0	3	f	t	2026-05-21 16:56:41.917194-06	1	compra	[]	[]	0.00	16.00	\N	CC-H61FB-01	t
62	MOTHERBOARD MSI B860 GAMING PLUS WIFI, ATX, LGA 1851	\N	producto	activo	MOTHERBOARD		MSI	B860 GAMING PLUS WIFI	\N	H87	3700.00	4300.00	0	3	f	t	2026-05-21 16:56:41.920183-06	1	compra	[]	[]	0.00	16.00	\N	B860 GAMING PLUS WIFI	t
63	LEGA BRONCE	\N	producto	activo	COMPUTADORA		LEGA	LEGA BRONCE	\N	H87	20719.00	30541.97	0	3	f	t	2026-05-21 16:56:41.923902-06	1	compra	[]	[]	0.00	16.00	\N	LEGA BRONCE	t
48	MOTHERBOARD MSI (PRO B760M-P DDR4) SOCKET 1700, 4*DDR4	\N	producto	activo	MOTHERBOARD		MSI	PRO B760M-P DDR4	\N	H87	1722.00	2100.00	0	3	f	t	2026-05-21 16:56:41.869055-06	1	compra	[]	[]	0.00	16.00	\N	PRO B760M-P DDR4	t
42	LEGA ONE 5070 PRODUCCION	\N	producto	activo	COMPUTADORA		LEGA	LEGA ONE 5070 PRODUCCION	\N	H87	28105.87	43188.00	0	3	f	t	2026-05-21 16:56:41.84056-06	1	compra	[]	[]	0.00	16.00	\N	LEGA ONE 5070 PRODUCCION	t
67	LEGA BRONCE PLUS	\N	producto	activo	COMPUTADORA		LEGA	LEGA BRONCE PLUS	\N	H87	31353.76	39692.70	0	3	f	t	2026-05-21 16:56:41.937075-06	1	compra	[]	[]	0.00	16.00	\N	LEGA BRONCE PLUS	t
68	GABINETE NZXT (CM-H72FW-R1) H7 FLOW RGB, MID-TOWER 3 FANS RGB, ATX, BLANCO	\N	producto	activo	GABINETE		NZXT	CM-H72FW-R1	\N	H87	1790.00	2400.00	0	3	f	t	2026-05-21 16:56:41.940115-06	1	compra	[]	[]	0.00	16.00	\N	CM-H72FW-R1	t
69	GABINETE NZXT (CM-H72FW-01) H7 FLOW MID-TOWER ATX CASE - BLANCO	\N	producto	activo	GABINETE		NZXT	CM-H72FW-01	\N	H87	2250.00	2400.00	0	3	f	t	2026-05-21 16:56:41.944081-06	1	compra	[]	[]	0.00	16.00	\N	CM-H72FW-01	t
71	PROCESADOR AMD (100-100001590BOX) RYZEN 7 8700F S-AM5, 8 CORE 4.1 GHZ, 65W, S/GRAFICOS	\N	producto	activo	PROCESADORES		LEGA	100-100001590BOX	\N	H87	3900.00	4700.00	0	3	f	t	2026-05-21 16:56:41.950912-06	1	compra	[]	[]	0.00	16.00	\N	100-100001590BOX	t
72	MOTHERBOARD ASUS (PRIME B650M-A AX II) SOCKET AM5,4*DDR5	\N	producto	activo	MOTHERBOARD		LEGA	PRIME B650M-A AX II	\N	H87	3090.00	3650.00	0	3	f	t	2026-05-21 16:56:41.955814-06	1	compra	[]	[]	0.00	16.00	\N	PRIME B650M-A AX II	t
73	MOTHERBOARD ASUS (TUF GAMING B650E-E WIFI) SOCKET AM5,4*DDR5	\N	producto	activo	MOTHERBOARD		LEGA	TUF GAMING B650E-E WIFI	\N	H87	3090.00	3650.00	0	3	f	t	2026-05-21 16:56:41.960034-06	1	compra	[]	[]	0.00	16.00	\N	TUF GAMING B650E-E WIFI	t
74	GABINETE ANTEC (C7 ARGB WHITE) CONSTELLATION C7 ARGB,CRISTAL,BLANCO	\N	producto	activo	GABINETE		ANTEC	C7 ARGB WHITE	\N	H87	2212.00	2400.00	0	3	f	t	2026-05-21 16:56:41.963883-06	1	compra	[]	[]	0.00	16.00	\N	C7 ARGB WHITE	t
75	GABINETE COOLER MASTER (E681-KHNN-S00) ELITE 681,VIDRIO TEMP,M-ATX,3*FAN	\N	producto	activo	GABINETE		COOLER MASTER	E681-KHNN-S00	\N	H87	1445.00	1800.00	0	3	f	t	2026-05-21 16:56:41.967942-06	1	compra	[]	[]	0.00	16.00	\N	E681-KHNN-S00	t
76	LEGA BRONCE PRO AMD	\N	producto	activo	COMPUTADORA		LEGA	LEGA BRONCE PRO AMD	\N	H87	38231.63	51331.50	0	3	f	t	2026-05-21 16:56:41.971859-06	1	compra	[]	[]	0.00	16.00	\N	LEGA BRONCE PRO AMD	t
77	PROCESADOR AMD (100-100001405WOF) RYZEN 5 9600X S-AM5, 6 CORE, 3.9 GHZ, 65W, C/GRAFICOS	\N	producto	activo	PROCESADORES		AMD	100-100001405WOF	\N	H87	3999.00	5200.00	0	3	f	t	2026-05-21 16:56:41.976258-06	1	compra	[]	[]	0.00	16.00	\N	100-100001405WOF	t
78	PROCESADOR AMD (100-100001404WOF) RYZEN 7 9700X S-AM5, 8CORE, 3.8 GHZ, 65W, C/GRAFICOS, S/FAN	\N	producto	activo	PROCESADORES		AMD	100-100001404WOF	\N	H87	5800.00	7100.00	0	3	f	t	2026-05-21 16:56:41.987378-06	1	compra	[]	[]	0.00	16.00	\N	100-100001404WOF	t
79	MEMORIA DIMM DDR5 CORSAIR (CMK32GX5M2B5600Z36) 32GB (2X16GB) 5600MHZ VENGEANCE AMD EXPO	\N	producto	activo	RAM		CORSAIR	CMK32GX5M2B5600Z36	\N	H87	7900.00	9890.00	0	3	f	t	2026-05-21 16:56:41.990804-06	1	compra	[]	[]	0.00	16.00	\N	CMK32GX5M2B5600Z36	t
80	MEMORIA DIMM DDR5 KINGSTON (KF560C36BBE-32) (1X32GB) 6000MHZ, CL36, FURY BEAST, XMP/EXPO	\N	producto	activo	RAM		KINGSTON	KF560C36BBE-32	\N	H87	6500.00	9890.00	0	3	f	t	2026-05-21 16:56:41.994078-06	1	compra	[]	[]	0.00	16.00	\N	KF560C36BBE-32	t
81	MEMORIA DIMM DDR5 CORSAIR (CMH32GX5M2B5600Z36K) 32GB (2X16GB) 5600MHZ VENGEANCE RGB AMD EXPO	\N	producto	activo	RAM		CORSAIR	CMH32GX5M2B5600Z36K	\N	H87	8100.00	9890.00	0	3	f	t	2026-05-21 16:56:41.997297-06	1	compra	[]	[]	0.00	16.00	\N	CMH32GX5M2B5600Z36K	t
82	TARJETA DE VIDEO ASUS (PRIME-RX9070XT-O16G) 16G GDDR6, 256BIT, PCI-E 5.0,HDMI,3*DP,TRI FAN	\N	producto	activo	TARJETA DE VIDEO		ASUS	PRIME-RX9070XT-O16G	\N	H87	12230.00	15500.00	0	3	f	t	2026-05-21 16:56:42.00032-06	1	compra	[]	[]	0.00	16.00	\N	PRIME-RX9070XT-O16G	t
83	TARJETA DE VIDEO XFX (RX-97TSWF3B9) SWIFT RADEON RX9070XT, 16GB, 2400MHZ, 3*DP, HDMI, 3*FAN, NEGRO	\N	producto	activo	TARJETA DE VIDEO		XFX	RX-97TSWF3B9	\N	H87	13400.00	15500.00	0	3	f	t	2026-05-21 16:56:42.003959-06	1	compra	[]	[]	0.00	16.00	\N	RX-97TSWF3B9	t
84	PROCESADOR INTEL (BX80768245KF) CORE ULTRA 5 245KF, IA, SOCKET-1851, 14CORES S/GRAFICOS	\N	producto	activo	PROCESADORES		INTEL	BX80768245KF	\N	H87	3690.00	4050.00	0	3	f	t	2026-05-21 16:56:42.007219-06	1	compra	[]	[]	0.00	16.00	\N	BX80768245KF	t
85	TARJETA DE VIDEO GIGABYTE NVIDIA GEFORCE RTX 5070 TI EAGLE OC SFF 16GB	\N	producto	activo	TARJETA DE VIDEO		GIGABYTE	GV-N507TEAGLEOC-16GB	\N	H87	22900.00	24999.00	0	3	f	t	2026-05-21 16:56:42.009996-06	1	compra	[]	[]	0.00	16.00	\N	GV-N507TEAGLEOC-16GB	t
86	GABINETE BALAM RUSH (BR-941471) TANK POLAR 7900,ATX,1*USB-C,1*USB 3.0,CRISTAL TEMP,2 FAN,NEGRO	\N	producto	activo	GABINETE		BALAM RUSH	BR-941471	\N	H87	1750.00	1700.00	0	3	f	t	2026-05-21 16:56:42.013317-06	1	compra	[]	[]	0.00	16.00	\N	BR-941471	t
87	GABINETE CORSAIR (CC-9011277-WW) 3500X,BLANCO,CRISTAL	\N	producto	activo	GABINETE		CORSAIR	CC-9011277-WW	\N	H87	1330.00	1700.00	0	3	f	t	2026-05-21 16:56:42.016377-06	1	compra	[]	[]	0.00	16.00	\N	CC-9011277-WW	t
88	PROCESADOR AMD (100-100001015BOX) RYZEN 5 7600 S-AM5, 6 CORE 3.8 GHZ, 65W, C/GRAFICOS	\N	producto	activo	PROCESADORES		AMD	100-100001015BOX	\N	H87	3390.00	3900.00	0	3	f	t	2026-05-21 16:56:42.019567-06	1	compra	[]	[]	0.00	16.00	\N	100-100001015BOX	t
89	LEGA SILVER	\N	producto	activo	COMPUTADORA		LEGA	LEGA SILVER	\N	H87	28127.10	34751.70	0	3	f	t	2026-05-21 16:56:42.02254-06	1	compra	[]	[]	0.00	16.00	\N	LEGA SILVER	t
90	LEGA SILVER PLUS	\N	producto	activo	COMPUTADORA		LEGA	LEGA SILVER PLUS	\N	H87	45173.18	56730.00	0	3	f	t	2026-05-21 16:56:42.026034-06	1	compra	[]	[]	0.00	16.00	\N	LEGA SILVER PLUS	t
91	LEGA GOLD	\N	producto	activo	COMPUTADORA		LEGA	LEGA GOLD	\N	H87	37170.23	48861.00	0	3	f	t	2026-05-21 16:56:42.029248-06	1	compra	[]	[]	0.00	16.00	\N	LEGA GOLD	t
92	LEGA GOLD PLUS	\N	producto	activo	COMPUTADORA		LEGA	LEGA GOLD PLUS	\N	H87	50565.10	63592.50	0	3	f	t	2026-05-21 16:56:42.033039-06	1	compra	[]	[]	0.00	16.00	\N	LEGA GOLD PLUS	t
93	LEGA GOLD AMD	\N	producto	activo	COMPUTADORA		LEGA	LEGA GOLD AMD	\N	H87	36745.67	48129.00	0	3	f	t	2026-05-21 16:56:42.036729-06	1	compra	[]	[]	0.00	16.00	\N	LEGA GOLD AMD	t
94	PROCESADOR AMD (100-100000589WOF) RYZEN 9 7900X S-AM5 12 CORE 4.7 GHZ, 170W, C/GRAF	\N	producto	activo	PROCESADORES		AMD	100-100000589WOF	\N	H87	7476.00	7900.00	0	3	f	t	2026-05-21 16:56:42.040591-06	1	compra	[]	[]	0.00	16.00	\N	100-100000589WOF	t
95	MOTHERBOARD MSI (X870 GAMING PLUS WIFI) SOCKET AM5, 4*DDR5 8200,	\N	producto	activo	MOTHERBOARD		MSI	X870 GAMING PLUS WIFI	\N	H87	4465.00	4800.00	0	3	f	t	2026-05-21 16:56:42.044402-06	1	compra	[]	[]	0.00	16.00	\N	X870 GAMING PLUS WIFI	t
65	GABINETE NZXT (CC-H52FW-R1) H5 FLOW RGB COMPACT MID-TOWER ATX CASE WITH RGB FANS - BLANCO	\N	producto	activo	GABINETE		NZXT	CC-H52FW-R1	\N	H87	1978.00	2150.00	0	3	f	t	2026-05-21 16:56:41.930778-06	1	compra	[]	[]	0.00	16.00	\N	CC-H52FW-R1	t
66	GABINETE NZXT (CC-H52FW-01) H5 FLOW, COMPACT MID-TOWER ATX CASE 1 FAN, SIN FUENTE, BLANCO	\N	producto	activo	GABINETE		NZXT	CC-H52FW-01	\N	H87	1978.00	2150.00	0	3	f	t	2026-05-21 16:56:41.933836-06	1	compra	[]	[]	0.00	16.00	\N	CC-H52FW-01	t
99	MOTHERBOARD GIGABYTE (Z890 AORUS PRO ICE) SOCKET 1851	\N	producto	activo	MOTHERBOARD		GIGABYTE	Z890 AORUS PRO ICE	\N	H87	3900.00	4500.00	0	3	f	t	2026-05-21 16:56:42.061325-06	1	compra	[]	[]	0.00	16.00	\N	Z890 AORUS PRO ICE	t
100	MOTHERBOARD GIGABYTE (Z890 A ELITE WF7 ICE) SOCKET 1851, 4*DDR5 8800MHZ, DP, ATX, WIFI7/BT	\N	producto	activo	MOTHERBOARD		GIGABYTE	Z890 A ELITE WF7 ICE	\N	H87	3900.00	4500.00	0	3	f	t	2026-05-21 16:56:42.064497-06	1	compra	[]	[]	0.00	16.00	\N	Z890 A ELITE WF7 ICE	t
101	LEGA PLATINUM ULTRA	\N	producto	activo	COMPUTADORA		LEGA	LEGA PLATINUM ULTRA	\N	H87	54025.26	66831.60	0	3	f	t	2026-05-21 16:56:42.068104-06	1	compra	[]	[]	0.00	16.00	\N	LEGA PLATINUM ULTRA	t
102	LEGA PLATINUM PLUS AMD	\N	producto	activo	COMPUTADORA		LEGA	LEGA PLATINUM PLUS AMD	\N	H87	99735.00	68332.93	0	3	f	t	2026-05-21 16:56:42.071368-06	1	compra	[]	[]	0.00	16.00	\N	LEGA PLATINUM PLUS AMD	t
103	TARJETA DE VIDEO GIGABYTE (GV-N5080GAMING OC-16GD) RTX 5080, 16GB GDDR7	\N	producto	activo	TARJETA DE VIDEO		GIGABYTE	GV-N5080GAMING OC-16GD	\N	H87	27922.30	33000.00	0	3	f	t	2026-05-21 16:56:42.074458-06	1	compra	[]	[]	0.00	16.00	\N	GV-N5080GAMING OC-16GD	t
104	TARJETA DE VIDEO ASUS NVIDIA PRIME RTX5080 16G PCI5 DRR7 256BIT 850W PRIME RTX5080 16G	\N	producto	activo	TARJETA DE VIDEO		ASUS	PRIME RTX5080 16G	\N	H87	25640.00	31000.00	0	3	f	t	2026-05-21 16:56:42.079862-06	1	compra	[]	[]	0.00	16.00	\N	PRIME RTX5080 16G	t
105	FUENTE DE PODER CORSAIR (CP-9020259-NA) HX1000I,1000W,FULL MODULAR,80 PLUS PLATINUM,NEGRO	\N	producto	activo	FUENTE DE PODER		CORSAIR	CP-9020259-NA	\N	H87	3977.00	4459.00	0	3	f	t	2026-05-21 16:56:42.082822-06	1	compra	[]	[]	0.00	16.00	\N	CP-9020259-NA	t
106	FUENTE DE PODER ASUS (TUF-GAMING-1000G) 1000W,MODULAR, 80 PLUS GOLD	\N	producto	activo	FUENTE DE PODER		ASUS	TUF-GAMING-1000G	\N	H87	3977.00	4459.00	0	3	f	t	2026-05-21 16:56:42.085816-06	1	compra	[]	[]	0.00	16.00	\N	TUF-GAMING-1000G	t
107	GABINETE CORSAIR (CC-9011315-WW) 4500X FRAME,BLANCO CRISTAL TEMPLADO MED-TORRE SIN FUENTE	\N	producto	activo	GABINETE		CORSAIR	CC-9011315-WW	\N	H87	3019.00	3400.00	0	3	f	t	2026-05-21 16:56:42.088784-06	1	compra	[]	[]	0.00	16.00	\N	CC-9011315-WW	t
108	LEGA PLATINUM RADEON 9070XT	\N	producto	activo	COMPUTADORA		LEGA	LEGA PLATINUM RADEON 9070XT	\N	H87	46637.92	58011.00	0	3	f	t	2026-05-21 16:56:42.091939-06	1	compra	[]	[]	0.00	16.00	\N	LEGA PLATINUM RADEON 9070XT	t
109	LEGA TITANIUM	\N	producto	activo	COMPUTADORA		LEGA	LEGA TITANIUM	\N	H87	100047.56	124440.00	0	3	f	t	2026-05-21 16:56:42.095046-06	1	compra	[]	[]	0.00	16.00	\N	LEGA TITANIUM	t
110	FUENTE DE PODER ASUS (TUF-GAMING-1200G) 1200W,MODULAR, 80 PLUS GOLD	\N	producto	activo	FUENTE DE PODER		ASUS	TUF-GAMING-1200G	\N	H87	4000.00	5000.00	0	3	f	t	2026-05-21 16:56:42.098115-06	1	compra	[]	[]	0.00	16.00	\N	TUF-GAMING-1200G	t
112	GABINETE MSI MAG PANO 120R PZ, MIDI-TOWER, MICRO-ATX	\N	producto	activo	GABINETE		MSI	MAG PANO 120R PZ	\N	H87	4164.00	4800.00	0	3	f	t	2026-05-21 16:56:42.104426-06	1	compra	[]	[]	0.00	16.00	\N	MAG PANO 120R PZ	t
113	PROCESADOR INTEL (BX80768285) CORE ULTRA 9 285, IA, SOCKET-1851, 24CORES CON GRAFICOS	\N	producto	activo	PROCESADORES		INTEL	BX80768285	\N	H87	10500.00	11900.00	0	3	f	t	2026-05-21 16:56:42.107346-06	1	compra	[]	[]	0.00	16.00	\N	BX80768285	t
114	GABINETE THERMALTAKE VIEW 51 TG ARGB, MIDI-TOWER, ATX	\N	producto	activo	GABINETE		Thermaltake	CA-1Q6-00M1WN-00	\N	H87	4170.00	4600.00	0	3	f	t	2026-05-21 16:56:42.110636-06	1	compra	[]	[]	0.00	16.00	\N	CA-1Q6-00M1WN-00	t
115	PROCESADOR AMD (100-100000662WOF) RYZEN 9 9900X S-AM5, 12 CORE 4.4 GHZ, 120W, C/GRAFICOS, S/FAN	\N	producto	activo	PROCESADORES		AMD	100-100000662WOF	\N	H87	11484.00	12600.00	0	3	f	t	2026-05-21 16:56:42.113953-06	1	compra	[]	[]	0.00	16.00	\N	100-100000662WOF	t
116	PROCESADOR AMD (100-100001368WOF) RYZEN 9 9900X3D S-AM5, 12 CORE 4.4 GHZ, 120W, C/GRAFICOS, S/FAN	\N	producto	activo	PROCESADORES		AMD	100-100001368WOF	\N	H87	11484.00	12600.00	0	3	f	t	2026-05-21 16:56:42.116997-06	1	compra	[]	[]	0.00	16.00	\N	100-100001368WOF	t
117	MEMORIA DIMM DDR5 CORSAIR (CMK64GX5M2B5600Z40) 64GB (2X32GB) 5600MHZ VENGEANCE AMD EXPO	\N	producto	activo	RAM		CORSAIR	CMK64GX5M2B5600Z40	\N	H87	18900.00	20700.00	0	3	f	t	2026-05-21 16:56:42.120188-06	1	compra	[]	[]	0.00	16.00	\N	CMK64GX5M2B5600Z40	t
118	LEGA TITANIUM AMD	\N	producto	activo	PROCESADORES		AMD	LEGA TITANIUM AMD	\N	H87	113230.15	149145.00	0	3	f	t	2026-05-21 16:56:42.123513-06	1	compra	[]	[]	0.00	16.00	\N	LEGA TITANIUM AMD	t
119	MEMORIA DIMM DDR5 ACER (BL.9BWWA.420) UD200, 16GB 1X16GB 4800MHZ	\N	producto	activo	RAM		ACER	BL.9BWWA.420	\N	H87	2996.72	3350.00	0	3	f	t	2026-05-21 16:56:42.126757-06	1	compra	[]	[]	0.00	16.00	\N	BL.9BWWA.420	t
120	MOTHERBOARD ASUS (PRIME B860M-A WIFI), 4*DDR5, WIFI6E, MICRO ATX	\N	producto	activo	MOTHERBOARD		ASUS	PRIME B860M-A WIFI	\N	H87	2997.44	3600.00	0	3	f	t	2026-05-21 16:56:42.129705-06	1	compra	[]	[]	0.00	16.00	\N	PRIME B860M-A WIFI	t
121	SSD M.2 KINGSTON 500GB (SNV3S/500G) NV3, PCIE 4.0, NVME, 2280	\N	producto	activo	ALMACENAMIENTO		KINGSTON	SNV3S/500G	\N	H87	1761.12	1999.00	0	3	f	t	2026-05-21 16:56:42.133934-06	1	compra	[]	[]	0.00	16.00	\N	SNV3S/500G	t
122	MONITOR LED 27" ACTECK (AC-935845) SP270,1080,75HZ	\N	producto	activo	MONITOR		ACTECK	AC-935845	\N	H87	1812.95	1850.00	0	3	f	t	2026-05-21 16:56:42.140085-06	1	compra	[]	[]	0.00	16.00	\N	AC-935845	t
123	KIT 2 EN 1 NACEB (NA-426) TECLADO Y MOUSE, INALAMBRICOS RF	\N	producto	activo	ACCESORIOS		ACTECK	NA-426	\N	H87	215.76	290.00	0	3	f	t	2026-05-21 16:56:42.144865-06	1	compra	[]	[]	0.00	16.00	\N	NA-426	t
124	COMPUTADORA PERSONALIZADA CON PERIFÉRICOS PARA SERVICIO AUTOMOTRIZ GDL SA DE CV	\N	producto	activo	COMPUTADORA		PERSONALIZADO	COMPUTADORA PERSONALIZADA CON PERIFÉRICOS PARA SERVICIO AUTOMOTRIZ GDL SA DE CV	\N	H87	19572.22	21600.00	0	3	f	t	2026-05-21 16:56:42.148574-06	1	compra	[]	[]	0.00	16.00	\N	COMPUTADORA PERSONALIZADA CON PERIFÉRICOS PARA SERVICIO AUTOMOTRIZ GDL SA DE CV	t
125	PROCESADOR AMD (100-100000457BOX) RYZEN 5 5500 S-AM4 6 CORE 3.6 GHZ 65W S/GRAFICOS C/FAN	\N	producto	activo	PROCESADORES		AMD	100-100000457BOX	\N	H87	1650.00	2100.00	0	3	f	t	2026-05-21 16:56:42.151722-06	1	compra	[]	[]	0.00	16.00	\N	100-100000457BOX	t
126	MOTHERBOARD ASUS (PRIME A520M-K) SOCKET AM4,2*DDR4, HDMI, D-SUB, PCIE-3.0, MICRO ATX	\N	producto	activo	MOTHERBOARD		ASUS	PRIME A520M-K	\N	H87	1018.94	1200.00	0	3	f	t	2026-05-21 16:56:42.15478-06	1	compra	[]	[]	0.00	16.00	\N	PRIME A520M-K	t
97	GABINETE NZXT (CM-H92FB-R1) H9 FLOW RGB, ATX, TIPO C	\N	producto	activo	GABINETE		NZXT	CM-H92FB-R1	\N	H87	3177.00	3950.00	0	3	f	t	2026-05-21 16:56:42.052157-06	1	compra	[]	[]	0.00	16.00	\N	CM-H92FB-R1	t
98	LEGA PLATINUM	\N	producto	activo	COMPUTADORA		LEGA	LEGA PLATINUM	\N	H87	55829.64	82350.00	0	3	f	t	2026-05-21 16:56:42.057164-06	1	compra	[]	[]	0.00	16.00	\N	LEGA PLATINUM	t
153	Monitor Gamer Curvo Samsung Odyssey G9 G93SC OLED 49", 5120x1440, G-Sync/FreeSync, 240Hz, HDMI/DisplayPort, Bocinas Integradas, Plata		producto	activo	MONITOR	\N	\N	\N	\N	H87	10000.00	20258.62	0	1000	f	f	2026-05-21 18:29:44.729787-06	1	stock	[]	[]	0.00	16.00	\N	\N	t
160	producto nuevo pro		producto	activo	\N	\N	\N	\N	\N	PZA	0.00	0.00	0	1000	f	f	2026-05-22 12:38:50.941478-06	2	compra	[]	[]	0.00	0.00	\N	\N	f
155	SERVICIO DIGNOSTICO Y MANTENIMINETO		servicio	activo	\N	\N	\N	\N	\N	H87	200.00	1724.13	0	1000	f	f	2026-05-21 18:38:41.555025-06	1	stock	[]	[]	0.00	16.00	\N	\N	t
154	NO BREAK Y AUDIFONOS		producto	activo	ACCESORIOS	\N	\N	\N	\N	H87	13000.00	18017.24	0	1000	f	f	2026-05-21 18:36:10.016852-06	1	compra	[]	[]	0.00	16.00	\N	\N	t
156	MANTENIMINETO 1000		servicio	activo	\N	\N	\N	\N	\N	H87	100.00	862.07	0	1000	f	f	2026-05-21 18:40:01.51414-06	1	compra	[]	[]	0.00	16.00	\N	\N	t
157	MANTENIMINETO Y DIAGNOSTICO		servicio	activo	\N	\N	\N	\N	\N	H87	240.00	2068.97	0	1000	f	f	2026-05-21 18:41:45.477682-06	1	stock	[]	[]	0.00	16.00	\N	\N	t
158	FEDEX		servicio	activo	\N	\N	\N	\N	\N	H87	215.00	1853.44	0	1000	f	f	2026-05-21 18:43:39.809492-06	1	compra	[]	[]	0.00	16.00	\N	\N	t
152	PC BACK TO SCHOOL BASIC		producto	activo	COMPUTADORA	\N	\N	\N	\N	H87	5950.00	8327.59	0	1000	f	f	2026-05-21 17:45:30.00922-06	1	produccion	[]	[]	0.00	16.00	\N	\N	t
128	GABINETE BALAM RUSH(BR-935999)DRAGONFLY PERFORM AIRCOOL GM590AW,ATX,S/FUENTE,1 USB 3.0 A,3FAN,P/CRISTAL ,BLANCO	\N	producto	activo	GABINETE		BALAM RUSH	BR-935999	\N	H87	827.89	960.00	0	3	f	t	2026-05-21 16:56:42.160844-06	1	compra	[]	[]	0.00	16.00	\N	BR-935999	t
129	LEGA STARTER	\N	producto	activo	COMPUTADORA		LEGA	LEGA STARTER	\N	H87	12885.40	20130.00	0	3	f	t	2026-05-21 16:56:42.163828-06	1	compra	[]	[]	0.00	16.00	\N	LEGA STARTER	t
130	LEGA FLEX	\N	producto	activo	COMPUTADORA		LEGA	LEGA FLEX	\N	H87	11144.70	17019.00	0	3	f	t	2026-05-21 16:56:42.166845-06	1	compra	[]	[]	0.00	16.00	\N	LEGA FLEX	t
131	PROCESADOR AMD (100-100000931BOX) RYZEN 5 8500G S-AM5, 6 CORE, 3.5 GHZ, 65W, C/GRAFICOS, C/FAN	\N	producto	activo	PROCESADORES		AMD	100-100000931BOX	\N	H87	2547.36	2950.00	0	3	f	t	2026-05-21 16:56:42.169867-06	1	compra	[]	[]	0.00	16.00	\N	100-100000931BOX	t
132	MOTHERBOARD ASUS (PRIME A620M-K) SOCKET AM5,2*DDR5,HDMI,VGA,PCIE-4.0,M.2,MICRO ATX	\N	producto	activo	MOTHERBOARD		ASUS	PRIME A620M-K	\N	H87	1750.00	1700.00	0	3	f	t	2026-05-21 16:56:42.17328-06	1	compra	[]	[]	0.00	16.00	\N	PRIME A620M-K	t
133	MOTHERBOARD MSI (PRO A620AM-B EVO) SOCKET AM5, 2*DDR5 6800, HDMI,VGA, M-ATX	\N	producto	activo	MOTHERBOARD		MSI	PRO A620AM-B EVO	\N	H87	1330.00	1700.00	0	3	f	t	2026-05-21 16:56:42.17641-06	1	compra	[]	[]	0.00	16.00	\N	PRO A620AM-B EVO	t
134	GABINETE ANTEC (NX416L WHITE) MEDIA TORRE ATX,CRISTAL,S/FUENTE,3*FAN,2*USB 3.0,BLANCO	\N	producto	activo	GABINETE		ANTEC	NX416L WHITE	\N	H87	3390.00	3900.00	0	3	f	t	2026-05-21 16:56:42.179517-06	1	compra	[]	[]	0.00	16.00	\N	NX416L WHITE	t
135	LEGA GAMING STARTER	\N	producto	activo	COMPUTADORA		LEGA	LEGA GAMING STARTER	\N	H87	14557.19	22131.00	0	3	f	t	2026-05-21 16:56:42.182337-06	1	compra	[]	[]	0.00	16.00	\N	LEGA GAMING STARTER	t
136	LEGA GAMING ENTRY	\N	producto	activo	COMPUTADORA		LEGA	LEGA GAMING ENTRY	\N	H87	16199.75	24628.15	0	3	f	t	2026-05-21 16:56:42.185142-06	1	compra	[]	[]	0.00	16.00	\N	LEGA GAMING ENTRY	t
137	LEGA GAMING MID	\N	producto	activo	COMPUTADORA		LEGA	LEGA GAMING MID	\N	H87	24515.21	37269.98	0	3	f	t	2026-05-21 16:56:42.188008-06	1	compra	[]	[]	0.00	16.00	\N	LEGA GAMING MID	t
138	LEGA GAMING HIGH	\N	producto	activo	COMPUTADORA		LEGA	LEGA GAMING HIGH	\N	H87	31783.54	48319.87	0	3	f	t	2026-05-21 16:56:42.190923-06	1	compra	[]	[]	0.00	16.00	\N	LEGA GAMING HIGH	t
139	LEGA GAMING PRO	\N	producto	activo	COMPUTADORA		LEGA	LEGA GAMING PRO	\N	H87	58536.73	88992.22	0	3	f	t	2026-05-21 16:56:42.194045-06	1	compra	[]	[]	0.00	16.00	\N	LEGA GAMING PRO	t
140	LEGA PROFESSIONAL ONE	\N	producto	activo	COMPUTADORA		LEGA	LEGA PROFESSIONAL ONE	\N	H87	18396.67	27968.09	0	3	f	t	2026-05-21 16:56:42.196896-06	1	compra	[]	[]	0.00	16.00	\N	LEGA PROFESSIONAL ONE	t
141	LEGA PROFESSIONAL ENTRY	\N	producto	activo	COMPUTADORA		LEGA	LEGA PROFESSIONAL ENTRY	\N	H87	26958.52	40984.49	0	3	f	t	2026-05-21 16:56:42.199683-06	1	compra	[]	[]	0.00	16.00	\N	LEGA PROFESSIONAL ENTRY	t
142	LEGA PROFESSIONAL MID	\N	producto	activo	COMPUTADORA		LEGA	LEGA PROFESSIONAL MID	\N	H87	43733.16	66486.65	0	3	f	t	2026-05-21 16:56:42.202601-06	1	compra	[]	[]	0.00	16.00	\N	LEGA PROFESSIONAL MID	t
143	LEGA PROFESSIONAL HIGH	\N	producto	activo	COMPUTADORA		LEGA	LEGA PROFESSIONAL HIGH	\N	H87	68166.24	103631.77	0	3	f	t	2026-05-21 16:56:42.205378-06	1	compra	[]	[]	0.00	16.00	\N	LEGA PROFESSIONAL HIGH	t
144	LEGA HOME	\N	producto	activo	COMPUTADORA		LEGA	LEGA HOME	\N	H87	6385.45	9707.67	0	3	f	t	2026-05-21 16:56:42.208273-06	1	compra	[]	[]	0.00	16.00	\N	LEGA HOME	t
145	LEGA OFFICE BASIC	\N	producto	activo	COMPUTADORA		LEGA	LEGA OFFICE BASIC	\N	H87	7945.88	12079.97	0	3	f	t	2026-05-21 16:56:42.211195-06	1	compra	[]	[]	0.00	16.00	\N	LEGA OFFICE BASIC	t
146	LEGA OFFICE MID	\N	producto	activo	COMPUTADORA		LEGA	LEGA OFFICE MID	\N	H87	11354.20	17261.56	0	3	f	t	2026-05-21 16:56:42.214127-06	1	compra	[]	[]	0.00	16.00	\N	LEGA OFFICE MID	t
147	LEGA OFFICE HIGH	\N	producto	activo	COMPUTADORA		LEGA	LEGA OFFICE HIGH	\N	H87	14187.61	21569.14	0	3	f	t	2026-05-21 16:56:42.217174-06	1	compra	[]	[]	0.00	16.00	\N	LEGA OFFICE HIGH	t
148	LEGA IA CHAT GTP 13 TOPS	\N	producto	activo	COMPUTADORA		LEGA	LEGA IA CHAT GTP 13 TOPS	\N	H87	12196.01	18541.35	0	3	f	t	2026-05-21 16:56:42.220121-06	1	compra	[]	[]	0.00	16.00	\N	LEGA IA CHAT GTP 13 TOPS	t
149	LEGA IA JARVIS 627 TOPS	\N	producto	activo	COMPUTADORA		LEGA	LEGA IA JARVIS 627 TOPS	\N	H87	25110.64	38175.20	0	3	f	t	2026-05-21 16:56:42.223211-06	1	compra	[]	[]	0.00	16.00	\N	LEGA IA JARVIS 627 TOPS	t
150	LEGA IA ULTRON 1439 TOPS	\N	producto	activo	COMPUTADORA		LEGA	LEGA IA ULTRON 1439 TOPS	\N	H87	50714.04	77099.54	0	3	f	t	2026-05-21 16:56:42.22625-06	1	compra	[]	[]	0.00	16.00	\N	LEGA IA ULTRON 1439 TOPS	t
151	LEGA SKYNET 3388 TOPS	\N	producto	activo	COMPUTADORA		LEGA	LEGA SKYNET 3388 TOPS	\N	H87	127811.70	194309.57	0	3	f	t	2026-05-21 16:56:42.229215-06	1	compra	[]	[]	0.00	16.00	\N	LEGA SKYNET 3388 TOPS	t
70	LEGA BRONCE ULTRA		producto	activo	COMPUTADORA	\N	LEGA	LEGA BRONCE ULTRA	\N	H87	43878.28	54351.00	0	3	f	t	2026-05-21 16:56:41.947139-06	1	produccion	[]	[]	0.00	16.00	\N	LEGA BRONCE ULTRA	t
159	BACK TO SCHOOL MID	\N	producto	revision	COMPUTADORA		\N	\N	\N	H87	0.00	0.00	0	1000	f	f	2026-05-22 11:53:34.382813-06	1	stock	[]	[]	0.00	16.00	\N	\N	t
37	LEGA ONE 5060TI		producto	activo	COMPUTADORA	\N	LEGA	LEGA ONE 5060TI	\N	H87	18808.01	28987.20	0	3	f	t	2026-05-21 16:56:41.824932-06	1	produccion	[]	[]	0.00	16.00	\N	LEGA ONE 5060TI	t
50	VENTILADOR P/CPU MSI (MAG CORELIQUID A13 240 WHITE) ARGB, ENFRIAMIENTO LIQUIDO, 2 FAN, 240MM, BLANCO	\N	producto	activo	ENFRIAMIENTO		MSI	MAG CORELIQUID A13 240 WHITE	\N	H87	1185.00	2189.00	0	3	f	t	2026-05-21 16:56:41.875839-06	1	compra	[]	[]	0.00	16.00	\N	MAG CORELIQUID A13 240 WHITE	t
111	FUENTE DE PODER CORSAIR (CP-9020276-NA) RM1200X SHIFT,1200W,FULL MODULAR,80 PLUS GOLD,BLANCO	\N	producto	activo	FUENTE DE PODER		CORSAIR	CP-9020276-NA	\N	H87	4000.00	5000.00	0	3	f	t	2026-05-21 16:56:42.101304-06	1	compra	[]	[]	0.00	16.00	\N	CP-9020276-NA	t
127	TARJETA DE VIDEO XFX (RX-76PSWFTFY) SWFT 210 RADEON RX7600, 8GB, 2250MHZ, 3*DP, HDMI, NEGRO	\N	producto	activo	TARJETA DE VIDEO		XFX	RX-76PSWFTFY	\N	H87	4967.35	5600.00	0	3	f	t	2026-05-21 16:56:42.157839-06	1	compra	[]	[]	0.00	16.00	\N	RX-76PSWFTFY	t
169	TARJETA DE VIDEO ASUS (PRIME-RTX5070-12G) 12GB GDDR7,192BIT, PCI-E 5.0,HDMI,3*DP1.4A,TRI FAN	\N	producto	activo	TARJETA DE VIDEO		ASUS	PRIME-RTX5070-12G	\N	H87	10404.06	12700.00	0	3	f	t	2026-05-23 11:29:30.706407-06	1	compra	[]	[]	0.00	16.00	\N	PRIME-RTX5070-12G	t
170	UNIDAD SSD M.2 KINGSTON 2TB (SNV3S/2000G) NV3, PCIE NVME, 2280	\N	producto	activo	ALMACENAMIENTO		KINGSTON	SNV3S/2000G	\N	H87	4874.48	5950.00	0	3	f	t	2026-05-23 11:29:30.712435-06	1	compra	[]	[]	0.00	16.00	\N	SNV3S/2000G	t
171	FUENTE DE PODER MSI (MAG A850GL PCIE5) 850W, PCI 5, FULL MODULAR, 80 PLUS GOLD, PFC ACTIVO, ATX 3.0	\N	producto	activo	FUENTE DE PODER		MSI	MAG A850GL PCIE5	\N	H87	1187.98	1430.00	0	3	f	t	2026-05-23 11:29:30.715637-06	1	compra	[]	[]	0.00	16.00	\N	MAG A850GL PCIE5	t
172	UNIDAD SSD M.2 2280 PREDATOR 1TB (BL.9BWWR.118) GM7-1TB, PCIE GEN 4, 7200/6300 MB/S	\N	producto	activo	ALMACENAMIENTO		ACER	BL.9BWWR.118	\N	H87	2194.72	2678.00	0	3	f	t	2026-05-23 11:29:30.71866-06	1	compra	[]	[]	0.00	16.00	\N	BL.9BWWR.118	t
173	DDR5 CORSAIR (CMP64GX5M2B6400C32W) 64GB 6400MHZ (2X32GB) DOMINATOR TITANIUM,BLANCO	\N	producto	activo	RAM		CORSAIR	CMP64GX5M2B6400C32W	\N	H87	4410.00	14655.00	0	3	f	t	2026-05-23 11:29:30.7216-06	1	compra	[]	[]	0.00	16.00	\N	CMP64GX5M2B6400C32W	t
174	GABINETE BALAM RUSH(BR-943840)TANK CORE PRO GI925,MAX, M-ATX,S/FUENTE,1*USB A 3.0+3FAN 120MM ARGB	\N	producto	activo	GABINETE		BALAM RUSH	BR-943840	\N	H87	814.00	993.00	0	3	f	t	2026-05-23 11:48:52.820729-06	1	compra	[]	[]	0.00	16.00	\N	BR-943840	t
175	MOTHERBOARD MSI (PRO H610M-G DDR4) SOCKET 1700, 2*DDR4 3200MHZ, 1*HDMI, 1*VGA, MICRO ATX	\N	producto	activo	MOTHERBOARD		MSI	PRO H610M-G DDR4	\N	H87	908.00	1110.00	0	3	f	t	2026-05-23 11:48:52.826162-06	1	compra	[]	[]	0.00	16.00	\N	PRO H610M-G DDR4	t
176	TARJETA DE VIDEO MSI (RTX 5060 TI 8G SHADOW 2X OC PLUS) 8GB GDDR7, 2617 MHZ, 1*HDMI, 3*DP, 2 FAN	\N	producto	activo	TARJETA DE VIDEO		MSI	RTX 5060 TI 8G SHADOW 2X OC PLUS	\N	H87	6232.00	7603.00	0	3	f	t	2026-05-23 11:48:52.829082-06	1	compra	[]	[]	0.00	16.00	\N	RTX 5060 TI 8G SHADOW 2X OC PLUS	t
161	PROCESADOR INTEL (BX8071512400F) CORE I5-12400F S-1700 6CORES 4.40GHZ 65W	PROCESADOR INTEL (BX8071512400F) CORE I5-12400F S-1700 6CORES 4.40GHZ 65W	producto	activo	PROCESADORES	\N	\N	BX8071512400F	\N	H87	2430.00	2916.01	0	1000	f	f	2026-05-22 18:21:53.099789-06	1	stock	[]	[]	0.00	16.00	\N	BX8071512400F	t
162	MOTHERBOARD ASUS (PRIME H610M-K D4) SOCKET 1700 12A,2*DDR4,HDMI,VGA,PCIE-4.0,MICRO ATX	MOTHERBOARD ASUS (PRIME H610M-K D4) SOCKET 1700 12A,2*DDR4,HDMI,VGA,PCIE-4.0,MICRO ATX	producto	activo	\N	\N	ASUS	PRIME H610M-K D4	PRIME	H87	1008.00	1210.00	0	1000	f	f	2026-05-22 18:25:43.769769-06	1	stock	[]	[]	0.00	16.00	\N	PRIME H610M-K D4	t
163	GABINETE ACTECK (AC-933070) KIOTO GC460,MICRO ATX,FUENTE 500W,2*USB 2.0,1*USB 3.0,RGB,PANEL ACRILIC	GABINETE ACTECK (AC-933070) KIOTO GC460,MICRO\r\nATX,FUENTE 500W,2*USB 2.0,1*USB 3.0,RGB,PANEL ACRILIC	producto	activo	GABINETE	\N	\N	AC-933070	\N	H87	531.96	680.00	0	1000	f	f	2026-05-22 18:38:07.416417-06	1	stock	[]	[]	0.00	16.00	\N	AC-933070	t
164	PROCESADOR AMD RYZEN 3 3200G CON AMD RADEON GRAPHICS, SOCKET AM4	PROCESADOR AMD RYZEN 3 3200G CON AMD RADEON GRAPHICS, SOCKET AM4	producto	activo	PROCESADORES	\N	AMD	\N	\N	H87	1616.00	1950.00	0	1000	f	f	2026-05-22 18:44:54.39787-06	1	stock	[]	[]	0.00	16.00	\N	\N	t
165	MEMORIA DIMM DDR4 PATRIOT (PSP48G2666H1) SIGNATURE 8GB 2666MHZ, CL19	MEMORIA DIMM DDR4 PATRIOT (PSP48G2666H1) SIGNATURE 8GB\r\n2666MHZ, CL19	producto	activo	RAM	\N	PATRIOT	PSP48G2666H1	\N	H87	1132.39	1360.00	0	1000	f	f	2026-05-22 18:52:30.652311-06	1	stock	[]	[]	0.00	16.00	\N	PSP48G2666H1	t
166	UNIDAD SSD 2.5" ACER 240GB (BL.9BWWA.102) SATA 3, SA100	UNIDAD SSD 2.5" ACER 240GB (BL.9BWWA.102) SATA 3,\r\nSA100	producto	activo	ALMACENAMIENTO	\N	ACER	BL.9BWWA.102	\N	H87	658.68	790.41	0	1000	f	f	2026-05-22 18:54:25.885929-06	1	compra	[]	[]	0.00	16.00	\N	BL.9BWWA.102	t
167	MONITOR 19.5" ACTECK (AC-939409) CAPTIVE BRITE CB195,1440*900,75HZ,	MONITOR 19.5" ACTECK (AC-939409) CAPTIVE BRITE\r\nCB195,1440*900,75HZ,	producto	activo	ACCESORIOS	\N	\N	\N	\N	H87	587.63	706.00	0	1000	f	f	2026-05-22 18:56:20.627113-06	1	stock	[]	[]	0.00	16.00	\N	AC-939409	t
168	KIT TECLADO Y MOUSE ALAMBRICO ACTECK (AC-928984) MK210,USB	KIT TECLADO Y MOUSE ALAMBRICO ACTECK (AC-928984)\r\nMK210,USB	producto	activo	ACCESORIOS	\N	\N	AC-928984	\N	H87	124.85	150.00	0	1000	f	f	2026-05-22 18:57:29.59605-06	1	compra	[]	[]	0.00	16.00	\N	AC-928984	t
10	GABINETE COOLER MASTER (E302-KGNN65-SA0) CASE ELITE 302 (MICRO ATX) + HYPER 212 SPECTRUM V3 + MWE GOLD 650 V3 NM	\N	producto	activo	GABINETE		COOLER MASTER	E302-KGNN65-SA0	\N	H87	1740.00	1999.00	0	3	f	t	2026-05-21 16:56:41.728919-06	1	compra	[]	[]	0.00	16.00	\N	E302-KGNN65-SA0	t
64	LEGA PROFESSIONAL BUSINESS MEDIUM PERFORMANCE	\N	producto	activo	COMPUTADORA		LEGA	LEGA PROFESSIONAL BUSINESS MEDIUM PERFORMANCE	\N	H87	43305.00	67358.46	0	3	f	t	2026-05-21 16:56:41.927193-06	1	compra	[]	[]	0.00	16.00	\N	LEGA PROFESSIONAL BUSINESS MEDIUM PERFORMANCE	t
96	MOTHERBOARD ASUS (TUF GAMING X870-PLUS WIFI)SOCKET AM5,4*DDR5,HDMI,2 USB4,PCI-E 5.0,WIFI7,ATX	\N	producto	activo	MOTHERBOARD		ASUS	TUF GAMING X870-PLUS WIFI	\N	H87	4465.00	4800.00	0	3	f	t	2026-05-21 16:56:42.048204-06	1	compra	[]	[]	0.00	16.00	\N	TUF GAMING X870-PLUS WIFI	t
\.


--
-- Data for Name: core_transaccion; Type: TABLE DATA; Schema: public; Owner: madmin
--

COPY public.core_transaccion (id, tipo, cantidad, total, fecha, estado, almacen_id, empresa_id, producto_id, proveedor_id) FROM stdin;
\.


--
-- Data for Name: costeos_comercioadquisicion; Type: TABLE DATA; Schema: public; Owner: madmin
--

COPY public.costeos_comercioadquisicion (id, concepto, monto, moneda_id, costeo_id) FROM stdin;
\.


--
-- Data for Name: costeos_costeo; Type: TABLE DATA; Schema: public; Owner: madmin
--

COPY public.costeos_costeo (id, nombre_identificador, es_manufactura, es_comercio, es_servicio, margen_porcentaje, precio_venta_fijo, utiliza_porcentaje, iva_porcentaje, fecha_creacion, empresa_id, sucursal_id, vendedor_id, estado, duplicado_de_id) FROM stdin;
\.


--
-- Data for Name: costeos_manufacturagastoindirecto; Type: TABLE DATA; Schema: public; Owner: madmin
--

COPY public.costeos_manufacturagastoindirecto (id, concepto, monto, costeo_id, moneda_id) FROM stdin;
\.


--
-- Data for Name: costeos_manufacturamanoobra; Type: TABLE DATA; Schema: public; Owner: madmin
--

COPY public.costeos_manufacturamanoobra (id, concepto, horas, costo_hora, costeo_id, moneda_id) FROM stdin;
\.


--
-- Data for Name: costeos_manufacturamateriaprima; Type: TABLE DATA; Schema: public; Owner: madmin
--

COPY public.costeos_manufacturamateriaprima (id, nombre, cantidad, costo_unitario, costeo_id, moneda_id) FROM stdin;
\.


--
-- Data for Name: costeos_serviciomaterial; Type: TABLE DATA; Schema: public; Owner: madmin
--

COPY public.costeos_serviciomaterial (id, concepto, cantidad, costo, costeo_id, moneda_id) FROM stdin;
\.


--
-- Data for Name: costeos_serviciopersonal; Type: TABLE DATA; Schema: public; Owner: madmin
--

COPY public.costeos_serviciopersonal (id, rol, horas, tarifa_hora, costeo_id, moneda_id) FROM stdin;
\.


--
-- Data for Name: cotizaciones_cotizacion; Type: TABLE DATA; Schema: public; Owner: madmin
--

COPY public.cotizaciones_cotizacion (id, fecha_inicio, fecha_fin, origen, direccion_entrega, estado, creado_en, cliente_id, contacto_id, empresa_id, parent_quote_id, vendedor_id, resultado, sucursal_id) FROM stdin;
2	2026-05-20	2026-05-20			ganada	2026-05-20 12:26:34.088991-06	16	\N	2	\N	11	ganada	3
3	2026-05-21	2026-05-22	WHATS APP ERNESTO	Recoge en sucursal	ganada	2026-05-21 17:38:57.695741-06	17	\N	1	\N	3	ganada	1
4	2026-05-21	2026-05-22	WHATS APP ERNESTO		ganada	2026-05-21 17:41:57.10052-06	18	\N	1	\N	3	ganada	1
6	2026-05-21	2026-05-21	WHATS APP ERNESTO		ganada	2026-05-21 18:23:18.885833-06	20	\N	1	\N	3	ganada	1
5	2026-05-21	2026-05-21	WHATS APP ERNESTO		ganada	2026-05-21 18:21:31.650551-06	19	\N	1	\N	3	ganada	1
1	2026-05-20	2026-05-20			borrador	2026-05-20 12:24:25.504766-06	16	\N	2	\N	4	pendiente	3
7	2026-05-21	2026-05-21	WHATS APP ERNESTO		ganada	2026-05-21 18:30:09.345058-06	20	\N	1	\N	3	ganada	1
10	2026-05-21	2026-05-21			ganada	2026-05-21 18:40:16.916076-06	21	\N	1	\N	3	ganada	1
8	2026-05-21	2026-05-21	WHATS APP ERNESTO		ganada	2026-05-21 18:36:40.869931-06	20	\N	1	\N	3	ganada	1
9	2026-05-21	2026-05-21			ganada	2026-05-21 18:38:57.382015-06	21	\N	1	\N	3	ganada	1
11	2026-05-21	2026-05-21			ganada	2026-05-21 18:42:00.430486-06	21	\N	1	\N	3	ganada	1
12	2026-05-21	2026-05-22	SUCURSAL		ganada	2026-05-21 18:43:54.984279-06	22	\N	1	\N	3	ganada	1
13	2026-05-26	2026-05-26	WHATS APP ERNESTO		ganada	2026-05-26 10:56:40.421047-06	17	\N	1	\N	3	ganada	1
14	2026-05-26	2026-05-26	WHATS APP ERNESTO		ganada	2026-05-26 10:58:30.18279-06	18	\N	1	\N	3	ganada	1
15	2026-05-26	2026-05-26			ganada	2026-05-26 13:06:41.651033-06	16	\N	2	\N	4	ganada	3
\.


--
-- Data for Name: cotizaciones_detallecotizacion; Type: TABLE DATA; Schema: public; Owner: madmin
--

COPY public.cotizaciones_detallecotizacion (id, cantidad, precio_unitario, cotizacion_id, producto_id) FROM stdin;
3	1	1000.00	2	1
4	1	53448.28	3	70
5	1	22068.97	4	37
7	1	36010.34	6	40
13	1	1853.45	12	158
15	1	8327.59	5	152
16	1	1000.00	1	1
17	1	100.00	1	160
19	1	20258.62	7	153
21	1	18017.24	8	154
22	1	1724.14	9	155
23	1	862.07	10	156
24	1	2068.97	11	157
25	1	54351.00	13	70
26	1	28987.20	14	37
27	1	1000.00	15	1
\.


--
-- Data for Name: django_admin_log; Type: TABLE DATA; Schema: public; Owner: madmin
--

COPY public.django_admin_log (id, action_time, object_id, object_repr, action_flag, change_message, content_type_id, user_id) FROM stdin;
1	2026-05-20 10:54:03.901686-06	6	rmendez@highpro	2	[{"changed": {"fields": ["Username"]}}]	4	2
2	2026-05-26 13:42:31.367873-06	3	Pedido #3 - Carlos Dueñas	2	[{"changed": {"fields": ["Estado"]}}]	39	2
3	2026-05-26 13:42:43.869733-06	2	Pedido #2 - Armando Gonzalez García	2	[{"changed": {"fields": ["Estado"]}}]	39	2
\.


--
-- Data for Name: django_content_type; Type: TABLE DATA; Schema: public; Owner: madmin
--

COPY public.django_content_type (id, app_label, model) FROM stdin;
1	admin	logentry
2	auth	group
3	auth	permission
4	auth	user
5	contenttypes	contenttype
6	sessions	session
7	core	categoria
8	core	detallereceta
9	core	producto
10	core	transaccion
11	ventas	detalleordenventa
12	ventas	ordenventa
13	compras	detallecompra
14	compras	ordencompra
15	cotizaciones	cotizacion
16	cotizaciones	detallecotizacion
17	clientes	cliente
18	clientes	contactocliente
19	preferencias	asignacionrolusuario
20	preferencias	moneda
21	preferencias	permisorolaccion
22	preferencias	permisorolmodulo
23	preferencias	rol
24	preferencias	sucursal
25	actividades	actividad
26	panel	empresa
27	almacenes	almacen
28	almacenes	inventario
29	almacenes	kardex
30	categorias	categoria
31	categorias	listapreciocosto
32	categorias	subcategoria
33	proveedores	proveedor
34	proveedores	sucursalproveedor
35	recepciones	detallerecepcion
36	recepciones	detallerecepcionextra
37	recepciones	recepcion
38	pedidos	detallepedido
39	pedidos	pedido
40	solicitudcompras	detallesolicitudcompra
41	solicitudcompras	solicitudcompra
42	produccion	detalleordenproduccion
43	produccion	itemtest
44	produccion	ordenproduccion
45	produccion	resultadotestop
46	produccion	test
47	tesoreria	cajabanco
48	tesoreria	egreso
49	tesoreria	ingreso
50	tesoreria	pagocompra
51	tesoreria	pagopedido
52	notificaciones	notificacion
53	recursos_humanos	empleado
54	recursos_humanos	contrato
55	recursos_humanos	beneficiario
56	recursos_humanos	contratista
57	recursos_humanos	registrosua
58	recursos_humanos	importacionsua
59	recursos_humanos	trabajadorsua
60	costeos	comercioadquisicion
61	costeos	costeo
62	costeos	manufacturagastoindirecto
63	costeos	manufacturamanoobra
64	costeos	manufacturamateriaprima
65	costeos	serviciomaterial
66	costeos	serviciopersonal
67	recursos_humanos	nomina
\.


--
-- Data for Name: django_migrations; Type: TABLE DATA; Schema: public; Owner: madmin
--

COPY public.django_migrations (id, app, name, applied) FROM stdin;
1	panel	0001_initial	2026-05-13 10:28:28.660793-06
2	contenttypes	0001_initial	2026-05-13 10:28:28.677877-06
3	auth	0001_initial	2026-05-13 10:28:28.813764-06
4	preferencias	0001_initial	2026-05-13 10:28:28.846823-06
5	preferencias	0002_roles_permisos	2026-05-13 10:28:28.939302-06
6	preferencias	0003_permiso_rol_accion	2026-05-13 10:28:28.968035-06
7	preferencias	0004_alter_permisorolaccion_area_and_more	2026-05-13 10:28:28.982108-06
8	preferencias	0005_alter_permisorolaccion_area	2026-05-13 10:28:28.993123-06
9	panel	0002_empresa_logo_empresa_nombre_contacto_and_more	2026-05-13 10:28:29.015852-06
10	panel	0003_empresa_calle_empresa_colonia_empresa_cp_and_more	2026-05-13 10:28:29.056313-06
11	panel	0004_empresa_modulo_compras_empresa_modulo_inventarios_and_more	2026-05-13 10:28:29.082079-06
12	panel	0005_empresa_fecha_inicio_licencia_and_more	2026-05-13 10:28:29.093231-06
13	panel	0006_empresa_modulo_recursos_humanos	2026-05-13 10:28:29.1002-06
14	preferencias	0006_sucursal	2026-05-13 10:28:29.140222-06
15	proveedores	0001_initial	2026-05-13 10:28:29.177527-06
16	almacenes	0001_initial	2026-05-13 10:28:29.230977-06
17	core	0001_initial	2026-05-13 10:28:29.322916-06
18	clientes	0001_initial	2026-05-13 10:28:29.407035-06
19	cotizaciones	0001_initial	2026-05-13 10:28:29.535751-06
20	actividades	0001_initial	2026-05-13 10:28:29.574272-06
21	actividades	0002_initial	2026-05-13 10:28:29.631587-06
22	actividades	0003_actividad_sucursal	2026-05-13 10:28:29.663264-06
23	admin	0001_initial	2026-05-13 10:28:29.741324-06
24	admin	0002_logentry_remove_auto_add	2026-05-13 10:28:29.751992-06
25	admin	0003_logentry_add_action_flag_choices	2026-05-13 10:28:29.763302-06
26	core	0002_producto_tipo_abastecimiento	2026-05-13 10:28:29.782219-06
27	core	0003_alter_producto_tipo_detallereceta	2026-05-13 10:28:29.837399-06
28	core	0004_alter_categoria_empresa	2026-05-13 10:28:29.86138-06
29	pedidos	0001_initial	2026-05-13 10:28:29.954856-06
30	pedidos	0002_alter_pedido_estado	2026-05-13 10:28:29.98643-06
31	pedidos	0003_alter_detallepedido_estado_linea	2026-05-13 10:28:29.999284-06
32	pedidos	0004_detallepedido_parent_line	2026-05-13 10:28:30.051071-06
33	clientes	0002_cliente_envio_calle_cliente_envio_colonia_and_more	2026-05-13 10:28:30.239866-06
34	pedidos	0005_pedido_contacto	2026-05-13 10:28:30.277488-06
35	core	0005_producto_costos_lista_producto_precios_lista	2026-05-13 10:28:30.326573-06
36	core	0006_producto_ieps_producto_iva	2026-05-13 10:28:30.367084-06
37	almacenes	0002_initial	2026-05-13 10:28:30.422295-06
38	almacenes	0003_inventario_reservado	2026-05-13 10:28:30.442356-06
39	produccion	0001_initial	2026-05-13 10:28:30.561385-06
40	produccion	0002_ordenproduccion_solicitante_and_more	2026-05-13 10:28:30.682025-06
41	produccion	0003_test_itemtest	2026-05-13 10:28:30.772925-06
42	core	0007_producto_test_calidad	2026-05-13 10:28:30.808966-06
43	almacenes	0004_kardex	2026-05-13 10:28:30.867887-06
44	almacenes	0005_kardex_lote_kardex_serie	2026-05-13 10:28:30.914507-06
45	almacenes	0006_kardex_usuario	2026-05-13 10:28:30.95071-06
46	almacenes	0007_almacen_sucursal_inventario_sucursal_kardex_sucursal	2026-05-13 10:28:31.048182-06
47	contenttypes	0002_remove_content_type_name	2026-05-13 10:28:31.085858-06
48	auth	0002_alter_permission_name_max_length	2026-05-13 10:28:31.122082-06
49	auth	0003_alter_user_email_max_length	2026-05-13 10:28:31.137275-06
50	auth	0004_alter_user_username_opts	2026-05-13 10:28:31.150181-06
51	auth	0005_alter_user_last_login_null	2026-05-13 10:28:31.16825-06
52	auth	0006_require_contenttypes_0002	2026-05-13 10:28:31.169897-06
53	auth	0007_alter_validators_add_error_messages	2026-05-13 10:28:31.273879-06
54	auth	0008_alter_user_username_max_length	2026-05-13 10:28:31.294505-06
55	auth	0009_alter_user_last_name_max_length	2026-05-13 10:28:31.309602-06
56	auth	0010_alter_group_name_max_length	2026-05-13 10:28:31.344906-06
57	auth	0011_update_proxy_permissions	2026-05-13 10:28:31.373121-06
58	auth	0012_alter_user_first_name_max_length	2026-05-13 10:28:31.391104-06
59	categorias	0001_initial	2026-05-13 10:28:31.408286-06
60	categorias	0002_categoria_empresa_subcategoria_empresa	2026-05-13 10:28:31.484242-06
61	categorias	0003_listapreciocosto	2026-05-13 10:28:31.521078-06
62	clientes	0003_cliente_sucursal	2026-05-13 10:28:31.555771-06
63	clientes	0004_remove_cliente_sucursal	2026-05-13 10:28:31.593536-06
64	proveedores	0002_sucursalproveedor	2026-05-13 10:28:31.635073-06
65	solicitudcompras	0001_initial	2026-05-13 10:28:31.732116-06
66	solicitudcompras	0002_detallesolicitudcompra_almacen_and_more	2026-05-13 10:28:31.857692-06
67	solicitudcompras	0003_alter_detallesolicitudcompra_costo_unitario	2026-05-13 10:28:31.879138-06
68	compras	0001_initial	2026-05-13 10:28:32.042986-06
69	compras	0002_ordencompra_usuario	2026-05-13 10:28:32.083588-06
70	compras	0003_alter_ordencompra_estado	2026-05-13 10:28:32.114694-06
71	compras	0004_alter_ordencompra_proveedor	2026-05-13 10:28:32.173031-06
72	compras	0005_ordencompra_solicitud_origen	2026-05-13 10:28:32.21728-06
73	compras	0006_detallecompra_detalle_pedido_origen	2026-05-13 10:28:32.265283-06
74	compras	0007_ordencompra_moneda_ordencompra_tipo_cambio	2026-05-13 10:28:32.344303-06
75	compras	0008_ordencompra_sucursal	2026-05-13 10:28:32.387942-06
76	compras	0009_ordencompra_sucursal_empresa	2026-05-13 10:28:32.438306-06
77	core	0008_producto_sucursal_alter_producto_estado	2026-05-13 10:28:32.508228-06
78	core	0009_remove_producto_sucursal	2026-05-13 10:28:32.551031-06
79	cotizaciones	0002_cotizacion_resultado_alter_cotizacion_estado	2026-05-13 10:28:32.71571-06
80	cotizaciones	0003_alter_cotizacion_estado	2026-05-13 10:28:32.746528-06
81	cotizaciones	0004_cotizacion_sucursal	2026-05-13 10:28:32.794176-06
82	notificaciones	0001_initial	2026-05-13 10:28:32.850291-06
83	pedidos	0006_pedido_sucursal	2026-05-13 10:28:32.892754-06
84	produccion	0004_resultadotestop	2026-05-13 10:28:32.957562-06
85	produccion	0005_ordenproduccion_almacen_materia_prima_and_more	2026-05-13 10:28:33.084047-06
86	produccion	0006_ordenproduccion_sucursal	2026-05-13 10:28:33.130001-06
87	recepciones	0001_initial	2026-05-13 10:28:33.228072-06
88	recepciones	0002_detallerecepcion_detalle_compra	2026-05-13 10:28:33.271725-06
89	recepciones	0003_detallerecepcionextra	2026-05-13 10:28:33.318364-06
90	recepciones	0004_recepcion_aduana_recepcion_fecha_pedimento_and_more	2026-05-13 10:28:33.460439-06
91	recepciones	0005_recepcion_importe_aduana	2026-05-13 10:28:33.479527-06
92	recepciones	0006_recepcion_empresa	2026-05-13 10:28:33.527205-06
93	recepciones	0007_alter_detallerecepcion_detalle_compra	2026-05-13 10:28:33.574613-06
94	recepciones	0008_recepcion_moneda_recepcion_tipo_cambio_and_more	2026-05-13 10:28:33.667157-06
95	recepciones	0009_detallerecepcionextra_almacen	2026-05-13 10:28:33.716201-06
96	recepciones	0010_detallerecepcionextra_producto_and_more	2026-05-13 10:28:33.803408-06
97	recepciones	0011_detallerecepcionextra_fecha_creacion	2026-05-13 10:28:33.829152-06
98	recepciones	0012_recepcion_sucursal	2026-05-13 10:28:33.878441-06
99	recepciones	0013_recepcion_fecha_comprobante_alter_recepcion_factura_and_more	2026-05-13 10:28:34.042522-06
100	recursos_humanos	0001_initial	2026-05-13 10:28:34.091139-06
101	recursos_humanos	0002_remove_empleado_activo_empleado_apellido_materno_and_more	2026-05-13 10:28:35.83619-06
102	recursos_humanos	0003_empleado_sucursal_alter_empleado_fecha_registro	2026-05-13 10:28:35.926272-06
103	sessions	0001_initial	2026-05-13 10:28:35.940847-06
104	solicitudcompras	0004_detallesolicitudcompra_moneda	2026-05-13 10:28:35.995755-06
105	solicitudcompras	0005_detallesolicitudcompra_sucursal	2026-05-13 10:28:36.054433-06
106	solicitudcompras	0006_detallesolicitudcompra_lista	2026-05-13 10:28:36.107446-06
107	solicitudcompras	0007_solicitudcompra_sucursal	2026-05-13 10:28:36.167537-06
108	tesoreria	0001_initial	2026-05-13 10:28:36.234173-06
109	tesoreria	0002_pagopedido	2026-05-13 10:28:36.302533-06
110	tesoreria	0003_ingreso	2026-05-13 10:28:36.369698-06
111	tesoreria	0004_ingreso_estado	2026-05-13 10:28:36.508287-06
112	tesoreria	0005_pagocompra_egreso	2026-05-13 10:28:36.672202-06
113	tesoreria	0006_pagocompra_estado_pagopedido_estado	2026-05-13 10:28:36.764307-06
114	tesoreria	0007_egreso_motivo_cancelacion_ingreso_motivo_cancelacion_and_more	2026-05-13 10:28:36.928186-06
115	tesoreria	0008_cajabanco_sucursal_egreso_sucursal_ingreso_sucursal_and_more	2026-05-13 10:28:37.313913-06
116	ventas	0001_initial	2026-05-13 10:28:37.391972-06
117	ventas	0002_venta_almacen	2026-05-13 10:28:37.460087-06
118	ventas	0003_ordenventa_detalleordenventa_delete_venta	2026-05-13 10:28:37.625739-06
119	ventas	0004_ordenventa_guia_ordenventa_quien_recibe_and_more	2026-05-13 10:28:37.769393-06
120	ventas	0005_ordenventa_almacen	2026-05-13 10:28:37.902586-06
121	ventas	0006_alter_ordenventa_pedido_origen	2026-05-13 10:28:37.959532-06
122	ventas	0007_ordenventa_estado_entrega	2026-05-13 10:28:38.007561-06
123	ventas	0008_ordenventa_parent_orden_ordenventa_secuencia_and_more	2026-05-13 10:28:38.181641-06
124	ventas	0009_ordenventa_sucursal	2026-05-13 10:28:38.241928-06
125	recursos_humanos	0004_contrato	2026-05-13 16:45:55.133229-06
126	recursos_humanos	0005_remove_contrato_empleado_and_more	2026-05-13 20:30:15.35147-06
127	recursos_humanos	0006_remove_contrato_archivo	2026-05-13 20:30:15.405272-06
128	recursos_humanos	0007_contrato_vigencia_contrato	2026-05-13 20:30:15.488133-06
129	recursos_humanos	0008_contratista	2026-05-13 20:30:15.602601-06
130	recursos_humanos	0009_remove_contrato_organizacion_contrato_contratista	2026-05-13 20:30:15.786853-06
131	recursos_humanos	0010_beneficiario	2026-05-13 20:30:15.907442-06
132	recursos_humanos	0011_remove_contrato_contratante_contrato_beneficiario	2026-05-13 20:30:16.114097-06
133	recursos_humanos	0012_alter_empleado_clave_percepcion_sat	2026-05-13 20:30:16.174307-06
134	recursos_humanos	0013_beneficiario_sucursal_contratista_sucursal_and_more	2026-05-13 20:30:16.369768-06
135	recursos_humanos	0014_registrosua	2026-05-13 20:30:16.456234-06
136	recursos_humanos	0015_importacionsua_trabajadorsua_delete_registrosua	2026-05-13 22:22:57.584669-06
137	recursos_humanos	0016_alter_importacionsua_actividad_and_more	2026-05-13 22:22:58.228188-06
138	recursos_humanos	0017_alter_importacionsua_area_geografica_and_more	2026-05-13 22:22:58.731452-06
139	recursos_humanos	0018_trabajadorsua_amortizacion_and_more	2026-05-13 22:22:58.830993-06
140	recursos_humanos	0019_trabajadorsua_total_general	2026-05-13 22:22:58.840462-06
141	recursos_humanos	0020_trabajadorsua_tipo_valor_infonavit	2026-05-14 16:53:33.494071-06
142	recursos_humanos	0021_importacionsua_tipo	2026-05-14 18:43:22.240081-06
143	recursos_humanos	0022_trabajadorsua_cuota_fija_and_more	2026-05-14 20:04:21.967715-06
144	recursos_humanos	0023_contratista_clave	2026-05-15 16:06:46.282607-06
145	recursos_humanos	0024_beneficiario_clave	2026-05-15 16:06:46.33568-06
146	recursos_humanos	0025_empleado_beneficiario_empleado_contratista	2026-05-15 16:06:46.560338-06
147	recursos_humanos	0026_empleado_clave_ubicacion_empleado_notas	2026-05-15 16:06:46.692705-06
148	core	0010_producto_clave	2026-05-18 14:55:08.41195-06
149	clientes	0005_alter_cliente_cp_alter_cliente_envio_cp_and_more	2026-05-18 22:00:44.074417-06
150	proveedores	0003_alter_proveedor_cp	2026-05-18 22:00:44.176605-06
151	core	0011_producto_tiene_iva	2026-05-21 20:36:52.377341-06
152	core	0012_alter_producto_ieps_alter_producto_iva	2026-05-21 20:36:52.580318-06
153	costeos	0001_initial	2026-05-21 20:36:53.564046-06
154	costeos	0002_costeo_estado	2026-05-21 20:36:53.629007-06
155	costeos	0003_costeo_duplicado_de	2026-05-21 20:36:53.699123-06
156	panel	0007_empresa_modulo_costeos	2026-05-21 20:36:53.74491-06
157	recursos_humanos	0027_contratista_regimen_alter_contrato_tipo_contrato_and_more	2026-05-25 16:42:00.561208-06
158	core	0013_alter_producto_unidad_medida	2026-05-25 18:11:45.631302-06
159	compras	0010_ordencompra_descuento	2026-05-27 09:57:29.616132-06
160	recursos_humanos	0028_nomina	2026-05-27 09:57:29.839387-06
161	recursos_humanos	0029_empleado_antiguedad_sat_and_more	2026-05-27 09:57:30.0035-06
162	recursos_humanos	0030_empleado_jornada_sat	2026-05-27 09:57:30.086694-06
163	recursos_humanos	0031_alter_empleado_cp_alter_nomina_uso_cfdi	2026-05-27 09:57:30.299825-06
\.


--
-- Data for Name: django_session; Type: TABLE DATA; Schema: public; Owner: madmin
--

COPY public.django_session (session_key, session_data, expire_date) FROM stdin;
lpcfh409hyvxzm1ixusg02g6pki7yu7c	.eJxVjjsOgzAQRO_iOrLwl3XK9JwB7XpNTIJAwriKcvdARJG082ae5iV6rFvua0lrP7K4Ci0uvxlhfKb5APzA-b7IuMzbOpI8KvKkRXYLp-l2dv8EGUve1-TBJm8YHCFwcG1CJjSaGgCEwOg0tS2xgqFpfNTJKAvOgLU-BB2HXVpqrGvB6ftTvT-ZfT0w:1wQeJk:M_NHW3XfjZk0ZhZ0LAgZkXskK5vPvaBcPgdW3IySbZQ	2026-06-05 22:50:32.703967-06
6aaojjfx5enxv6nl11dmesceoolr7k76	.eJxVjsEOgjAYg99lZ7OwYcbw6N1nWLr1R1ACCWMn47sLhoOemrRfm75UQFn7ULIsYaC6qFqdfr2I9JRpD_jAdJ91mqd1GaLeEX2kWd9myng92L-BHrnf2jGShBg0gOloLehr8azIFOErVm3XWp9cl8Q1zsOyRXM2bhNK3F_lksqSMX5_mvcHClo_Vg:1wQePK:Gr5f_TOAErJa2HdLdCYmECq45PbSi56DKasrqoNYUus	2026-06-05 22:56:18.220883-06
y9z4pmrhpg0r381n50r11zef9yx6bt25	.eJxVjsEOgjAYg99lZ7OwYcbw6N1nWLr1R1ACCWMn47sLhoOemrRfm75UQFn7ULIsYaC6qFqdfr2I9JRpD_jAdJ91mqd1GaLeEX2kWd9myng92L-BHrnf2jGShBg0gOloLehr8azIFOErVm3XWp9cl8Q1zsOyRXM2bhNK3F_lksqSMX5_mvcHClo_Vg:1wPn77:cRJurZThksZjRC1OzvyEdXGkG-xicqJz_Ai09svl73s	2026-06-03 14:01:57.064985-06
itdn953pize9rzyfdlgp76wv0h9zh1wg	.eJxVjjsOgzAQRO_iOrLwl3XK9JwB7XpNTIJAwriKcvdARJG082ae5iV6rFvua0lrP7K4Ci0uvxlhfKb5APzA-b7IuMzbOpI8KvKkRXYLp-l2dv8EGUve1-TBJm8YHCFwcG1CJjSaGgCEwOg0tS2xgqFpfNTJKAvOgLU-BB2HXVpqrGvB6ftTvT-ZfT0w:1wSJXP:cUDJB4eb-o2lvCxE67Aw2vbJZAAhVQnAXIiF9SfPDi4	2026-06-10 13:03:31.629587-06
\.


--
-- Data for Name: notificaciones_notificacion; Type: TABLE DATA; Schema: public; Owner: madmin
--

COPY public.notificaciones_notificacion (id, mensaje, link, fecha, visto_en_toast, actor_id, empresa_id, propietario_recurso_id) FROM stdin;
1	creó la cotización COT-0001	\N	2026-05-20 12:24:25.516772-06	t	4	2	4
2	creó la cotización COT-0002	\N	2026-05-20 12:26:34.094016-06	t	11	2	11
3	aprobó la cotización COT-0002	\N	2026-05-20 12:27:00.074784-06	t	4	2	11
4	generó el pedido #0001 desde COT-0002	\N	2026-05-20 21:17:32.493271-06	f	4	2	4
5	Se ha generado una Solicitud de Compra Global desde el Pedido #1	\N	2026-05-20 21:17:38.291142-06	f	4	2	4
21	generó el pedido #0004 desde COT-0006	\N	2026-05-21 18:48:52.049435-06	t	3	1	3
20	aprobó la cotización COT-0006	\N	2026-05-21 18:48:44.921036-06	t	3	1	3
19	generó el pedido #0003 desde COT-0004	\N	2026-05-21 18:47:50.022177-06	t	3	1	3
18	aprobó la cotización COT-0004	\N	2026-05-21 18:47:40.471021-06	t	3	1	3
17	generó el pedido #0002 desde COT-0003	\N	2026-05-21 18:47:10.941528-06	t	3	1	3
16	aprobó la cotización COT-0003	\N	2026-05-21 18:46:59.913717-06	t	3	1	3
15	creó la cotización COT-0012	\N	2026-05-21 18:43:54.989926-06	t	3	1	3
14	creó la cotización COT-0011	\N	2026-05-21 18:42:00.435841-06	t	3	1	3
13	creó la cotización COT-0010	\N	2026-05-21 18:40:16.923446-06	t	3	1	3
12	creó la cotización COT-0009	\N	2026-05-21 18:38:57.387786-06	t	3	1	3
11	creó la cotización COT-0008	\N	2026-05-21 18:36:40.87875-06	t	3	1	3
10	creó la cotización COT-0007	\N	2026-05-21 18:30:09.353482-06	t	3	1	3
9	creó la cotización COT-0006	\N	2026-05-21 18:23:18.894944-06	t	3	1	3
8	creó la cotización COT-0005	\N	2026-05-21 18:21:31.657417-06	t	3	1	3
7	creó la cotización COT-0004	\N	2026-05-21 17:41:57.108887-06	t	3	1	3
6	creó la cotización COT-0003	\N	2026-05-21 17:38:57.708493-06	t	3	1	3
23	generó el pedido #0005 desde COT-0005	\N	2026-05-22 11:54:43.891201-06	t	3	1	3
22	aprobó la cotización COT-0005	\N	2026-05-22 11:46:00.972436-06	t	3	1	3
35	generó el pedido #0011 desde COT-0012	\N	2026-05-22 16:44:44.519852-06	t	3	1	3
34	aprobó la cotización COT-0012	\N	2026-05-22 16:44:41.069078-06	t	3	1	3
33	generó el pedido #0010 desde COT-0011	\N	2026-05-22 16:42:58.861921-06	t	3	1	3
32	aprobó la cotización COT-0011	\N	2026-05-22 16:42:49.14499-06	t	3	1	3
31	generó el pedido #0009 desde COT-0009	\N	2026-05-22 16:34:56.565789-06	t	3	1	3
30	generó el pedido #0008 desde COT-0008	\N	2026-05-22 16:34:51.909186-06	t	3	1	3
29	generó el pedido #0007 desde COT-0010	\N	2026-05-22 16:34:40.427166-06	t	3	1	3
28	aprobó la cotización COT-0010	\N	2026-05-22 16:34:37.090191-06	t	3	1	3
27	aprobó la cotización COT-0009	\N	2026-05-22 14:56:45.709924-06	t	3	1	3
26	aprobó la cotización COT-0008	\N	2026-05-22 14:52:22.568815-06	t	3	1	3
25	generó el pedido #0006 desde COT-0007	\N	2026-05-22 14:44:53.230501-06	t	3	1	3
24	aprobó la cotización COT-0007	\N	2026-05-22 14:43:04.008185-06	t	3	1	3
36	creó el pedido manual #0012	\N	2026-05-22 22:44:51.448451-06	f	4	2	4
37	Se ha generado una Solicitud de Compra Global desde el Pedido #3	\N	2026-05-23 11:55:15.061584-06	t	3	1	3
46	editó el pedido #0013	\N	2026-05-26 11:02:14.359216-06	t	3	1	3
45	generó el pedido #0014 desde COT-0014	\N	2026-05-26 10:59:02.708145-06	t	3	1	3
44	aprobó la cotización COT-0014	\N	2026-05-26 10:58:53.971603-06	t	3	1	3
43	creó la cotización COT-0014	\N	2026-05-26 10:58:30.189455-06	t	3	1	3
42	generó el pedido #0013 desde COT-0013	\N	2026-05-26 10:57:03.200057-06	t	3	1	3
41	aprobó la cotización COT-0013	\N	2026-05-26 10:56:54.495769-06	t	3	1	3
40	creó la cotización COT-0013	\N	2026-05-26 10:56:40.439159-06	t	3	1	3
39	La Solicitud #2 ha sido CANCELADA y las partidas del pedido liberadas.	\N	2026-05-26 10:53:42.41133-06	t	3	1	3
38	La Solicitud #3 ha sido CANCELADA y las partidas del pedido liberadas.	\N	2026-05-26 10:53:35.786388-06	t	3	1	3
47	creó la cotización COT-0015	\N	2026-05-26 13:06:41.659526-06	f	4	2	4
48	aprobó la cotización COT-0015	\N	2026-05-26 13:06:44.608015-06	f	4	2	4
49	generó el pedido #0015 desde COT-0015	\N	2026-05-26 13:06:45.847324-06	f	4	2	4
50	Se ha generado una Solicitud de Compra Global desde el Pedido #15	\N	2026-05-26 13:06:50.313707-06	f	4	2	4
51	La Solicitud #4 ha sido CANCELADA y las partidas del pedido liberadas.	\N	2026-05-26 13:06:56.324402-06	f	4	2	4
55	La Solicitud #5 ha sido autorizada y se generaron 3 órdenes de compra.	\N	2026-05-26 16:56:02.940796-06	t	3	1	3
54	La Solicitud #6 ha sido autorizada y se generaron 2 órdenes de compra.	\N	2026-05-26 16:55:56.757862-06	t	3	1	3
53	Se ha generado una Solicitud de Compra Global desde el Pedido #2	\N	2026-05-26 14:43:06.893737-06	t	3	1	3
52	Se ha generado una Solicitud de Compra Global desde el Pedido #3	\N	2026-05-26 14:42:47.840798-06	t	3	1	3
67	procesó recepción REC-0003 para OC-0006	\N	2026-05-27 12:27:02.708158-06	t	3	1	3
66	procesó recepción REC-0002 para OC-0007	\N	2026-05-27 12:26:49.807341-06	t	3	1	3
65	procesó recepción REC-0001 para OC-0008	\N	2026-05-27 12:26:19.566731-06	t	3	1	3
64	Se registró un pago de $887.97 MXN para la Orden de Compra OC-0008.	\N	2026-05-27 11:36:20.178313-06	t	3	1	3
63	cambió estado de OC-0008 a aprobada	\N	2026-05-27 11:35:49.680752-06	t	3	1	3
62	La Solicitud #7 ha sido autorizada y se generaron 1 órdenes de compra.	\N	2026-05-27 11:34:30.209727-06	t	3	1	3
61	cambió estado de OC-0005 a cancelada	\N	2026-05-27 11:29:25.615078-06	t	3	1	3
60	Se registró un pago de $24,010.84 MXN para la Orden de Compra OC-0007.	\N	2026-05-27 11:29:13.452374-06	t	3	1	3
59	Se registró un pago de $2,645.86 MXN para la Orden de Compra OC-0006.	\N	2026-05-27 11:28:34.433434-06	t	3	1	3
58	cambió estado de OC-0005 a aprobada	\N	2026-05-27 11:25:41.376525-06	t	3	1	3
57	cambió estado de OC-0007 a aprobada	\N	2026-05-27 11:25:35.807272-06	t	3	1	3
56	cambió estado de OC-0006 a aprobada	\N	2026-05-27 11:25:30.979067-06	t	3	1	3
\.


--
-- Data for Name: panel_empresa; Type: TABLE DATA; Schema: public; Owner: madmin
--

COPY public.panel_empresa (id, nombre, subdominio, usuario_admin, correo_contacto, fecha_alta, activa, logo, nombre_contacto, telefono_contacto, calle, colonia, cp, estado, numero, modulo_compras, modulo_inventarios, modulo_produccion, modulo_tesoreria, modulo_ventas, fecha_inicio_licencia, fecha_vencimiento_licencia, modulo_recursos_humanos, modulo_costeos) FROM stdin;
2	Demo	demo		luism@crossovermx.com.mx	2026-05-13 10:35:53.864584-06	t	logos/Logo_hn66d7B.png	Luis Mosqueda	5511402976		Heroes de la independencia	55498	Estado de MExico		t	t	t	t	t	\N	\N	t	t
1	HighPro	highpro		contacto@highpro.com.mx	2026-05-13 10:35:16.658566-06	t	logos/WhatsApp_Image_2026-04-28_at_1.19.23_PM_1.jpeg	Eduardo Ornelas	3330208453	AV CONCHITA	LOMA BONITA	45086	JALISCO	3124	t	t	t	t	t	2026-06-01	2026-07-01	f	f
\.


--
-- Data for Name: pedidos_detallepedido; Type: TABLE DATA; Schema: public; Owner: madmin
--

COPY public.pedidos_detallepedido (id, cantidad_solicitada, cantidad_entregada, precio_unitario, estado_linea, producto_id, pedido_id, parent_line_id) FROM stdin;
1	1	0	1000.00	en_proceso	1	1	\N
4	1	0	36010.34	pendiente	40	4	\N
5	1	0	8327.59	pendiente	152	5	\N
6	1	0	20258.62	pendiente	153	6	\N
7	1	0	862.07	pendiente	156	7	\N
8	1	0	18017.24	pendiente	154	8	\N
9	1	0	1724.14	pendiente	155	9	\N
10	1	0	2068.97	pendiente	157	10	\N
11	1	0	1853.45	pendiente	158	11	\N
12	1	0	1000.00	compra	1	12	\N
14	1	0	28987.20	compra	37	14	\N
15	1	0	54351.00	pendiente	70	13	\N
16	1	0	1000.00	compra	1	15	\N
3	1	0	22068.97	en_proceso	37	3	\N
2	1	0	53448.28	en_proceso	70	2	\N
\.


--
-- Data for Name: pedidos_pedido; Type: TABLE DATA; Schema: public; Owner: madmin
--

COPY public.pedidos_pedido (id, cotizacion_origen_id, fecha_creacion, fecha_confirmacion, estado, notas, cliente_id, empresa_id, vendedor_id, contacto_id, sucursal_id) FROM stdin;
1	2	2026-05-20 21:17:32.467009-06	\N	revision		16	2	4	\N	3
4	6	2026-05-21 18:48:52.039485-06	\N	borrador		20	1	3	\N	1
5	5	2026-05-22 11:54:43.878446-06	\N	borrador		19	1	3	\N	1
6	7	2026-05-22 14:44:53.221174-06	\N	borrador		20	1	3	\N	1
7	10	2026-05-22 16:34:40.415921-06	\N	borrador		21	1	3	\N	1
8	8	2026-05-22 16:34:51.900015-06	\N	borrador		20	1	3	\N	1
9	9	2026-05-22 16:34:56.557545-06	\N	borrador		21	1	3	\N	1
10	11	2026-05-22 16:42:58.853147-06	\N	borrador		21	1	3	\N	1
11	12	2026-05-22 16:44:44.509593-06	\N	borrador		22	1	3	\N	1
12	\N	2026-05-22 22:44:51.438976-06	\N	revision		16	2	4	\N	3
14	14	2026-05-26 10:59:02.699288-06	\N	revision		18	1	3	\N	1
13	13	2026-05-26 10:57:03.186718-06	\N	revision		17	1	3	\N	1
15	15	2026-05-26 13:06:45.837463-06	\N	revision		16	2	4	\N	3
3	4	2026-05-21 18:47:50.013379-06	\N	revision		18	1	3	\N	1
2	3	2026-05-21 18:47:10.919096-06	\N	revision		17	1	3	\N	1
\.


--
-- Data for Name: preferencias_asignacionrolusuario; Type: TABLE DATA; Schema: public; Owner: madmin
--

COPY public.preferencias_asignacionrolusuario (id, fecha_asignacion, empresa_id, rol_id, usuario_id) FROM stdin;
1	2026-05-20 12:26:11.161-06	2	1	11
\.


--
-- Data for Name: preferencias_moneda; Type: TABLE DATA; Schema: public; Owner: madmin
--

COPY public.preferencias_moneda (id, nombre, siglas, simbolo, factor, fecha_creacion, empresa_id, responsable_id) FROM stdin;
1	Pesos Mexicanos	MXN	$	1.0000	2026-05-13 10:36:29.323551-06	1	2
2	Dolares	DLS	$	18.0000	2026-05-20 10:51:29.023112-06	1	2
\.


--
-- Data for Name: preferencias_permisorolaccion; Type: TABLE DATA; Schema: public; Owner: madmin
--

COPY public.preferencias_permisorolaccion (id, area, submodulo, accion, permitido, rol_id) FROM stdin;
1	ventas	clientes	ver	t	1
2	ventas	clientes	crear	t	1
3	ventas	clientes	editar	t	1
4	ventas	clientes	agenda_contactos	t	1
5	ventas	clientes	crear_cotizacion	t	1
6	ventas	actividades	ver	t	1
7	ventas	actividades	crear	t	1
8	ventas	actividades	editar	t	1
9	ventas	actividades	eliminar	t	1
10	ventas	actividades	aprobar	t	1
11	ventas	actividades	imprimir	t	1
12	ventas	actividades	completar	t	1
13	ventas	actividades	reprogramar	t	1
14	ventas	actividades	cancelar	t	1
15	ventas	cotizaciones	ver	t	1
16	ventas	cotizaciones	crear	t	1
17	ventas	cotizaciones	editar	t	1
18	ventas	cotizaciones	eliminar	t	1
19	ventas	cotizaciones	aprobar	t	1
20	ventas	cotizaciones	imprimir	t	1
21	ventas	pedidos	ver	t	1
22	ventas	pedidos	crear	t	1
23	ventas	pedidos	editar	t	1
24	ventas	pedidos	imprimir	t	1
25	ventas	pedidos	validar_stock	t	1
26	ventas	pedidos	revision	t	1
27	ventas	pedidos	reservar	t	1
28	ventas	pedidos	solicitar	t	1
29	ventas	pedidos	generar_solicitud_global	t	1
30	ventas	pedidos	registrar_pago	t	1
31	ventas	salidas	ver	t	1
32	ventas	salidas	crear	t	1
33	ventas	salidas	imprimir	t	1
34	ventas	salidas	aprobar	t	1
35	ventas	salidas	surtir_orden	t	1
36	ventas	salidas	actualizar_entrega	t	1
37	compras	proveedores	ver	f	1
38	compras	proveedores	crear	f	1
39	compras	proveedores	editar	f	1
40	compras	proveedores	eliminar	f	1
41	compras	solicitudes	ver	f	1
42	compras	solicitudes	crear	f	1
43	compras	solicitudes	editar	f	1
44	compras	solicitudes	imprimir	f	1
45	compras	solicitudes	autorizar	f	1
46	compras	ordenes_compra	ver	f	1
47	compras	ordenes_compra	crear	f	1
48	compras	ordenes_compra	editar	f	1
49	compras	ordenes_compra	imprimir	f	1
50	compras	ordenes_compra	registrar_pago	f	1
51	compras	ordenes_compra	consolidar	f	1
52	compras	ordenes_compra	aprobar	f	1
53	compras	ordenes_compra	cancelar	f	1
54	compras	recepciones	ver	f	1
55	compras	recepciones	crear	f	1
56	compras	recepciones	imprimir	f	1
57	compras	recepciones	cancelar	f	1
58	produccion	tablero_control	ver	f	1
59	produccion	tablero_control	crear	f	1
60	produccion	tablero_control	imprimir	f	1
61	produccion	tablero_control	editar	f	1
62	produccion	tablero_control	iniciar_trabajo	f	1
63	produccion	tablero_control	cancelar_orden	f	1
64	produccion	tablero_control	enviar_testeo	f	1
65	produccion	tablero_control	validar_calidad	f	1
66	produccion	tablero_control	guardar_avance	f	1
67	produccion	tablero_control	finalizar_trabajo	f	1
68	produccion	catalogos_test	ver	f	1
69	produccion	catalogos_test	crear	f	1
70	produccion	catalogos_test	editar	f	1
71	produccion	catalogos_test	eliminar	f	1
72	inventario	inventario	ver	f	1
73	inventario	inventario	crear	f	1
74	inventario	inventario	receta	f	1
75	inventario	inventario	traslado	f	1
76	inventario	inventario	editar	f	1
77	inventario	inventario	precios	f	1
78	inventario	inventario	existencias	f	1
79	inventario	inventario	recetas	f	1
80	inventario	kardex	ver	f	1
81	inventario	almacenes	ver	f	1
82	inventario	almacenes	crear	f	1
83	inventario	almacenes	editar	f	1
84	inventario	categorias	ver	f	1
85	inventario	categorias	crear	f	1
86	inventario	categorias	editar	f	1
87	inventario	categorias	eliminar	f	1
88	inventario	listas	ver	f	1
89	inventario	listas	crear	f	1
90	inventario	listas	editar	f	1
91	inventario	listas	eliminar	f	1
92	tesoreria	ingresos	ver	f	1
93	tesoreria	ingresos	cancelar	f	1
94	tesoreria	egresos	ver	f	1
95	tesoreria	egresos	cancelar	f	1
96	tesoreria	cajas_bancos	ver	f	1
97	tesoreria	cajas_bancos	crear	f	1
98	tesoreria	cajas_bancos	editar	f	1
\.


--
-- Data for Name: preferencias_permisorolmodulo; Type: TABLE DATA; Schema: public; Owner: madmin
--

COPY public.preferencias_permisorolmodulo (id, modulo, puede_ver, puede_crear, puede_editar, puede_eliminar, puede_aprobar, puede_imprimir, rol_id) FROM stdin;
1	ventas	f	f	f	f	f	f	1
\.


--
-- Data for Name: preferencias_rol; Type: TABLE DATA; Schema: public; Owner: madmin
--

COPY public.preferencias_rol (id, nombre, descripcion, activo, fecha_creacion, empresa_id) FROM stdin;
1	ventas		t	2026-05-20 12:26:03.962382-06	2
\.


--
-- Data for Name: preferencias_sucursal; Type: TABLE DATA; Schema: public; Owner: madmin
--

COPY public.preferencias_sucursal (id, nombre, calle, numero_exterior, numero_interior, colonia, ciudad, estado, pais, cp, fecha_creacion, empresa_id) FROM stdin;
2	Matriz							México		2026-05-13 14:40:46.136032-06	2
3	CDMX							México		2026-05-13 14:41:19.428-06	2
1	Matriz	AV CONCHITA	3124		LOMA BONITA	Zapopan	JALISCO	México	45086	2026-05-13 10:36:16.649274-06	1
\.


--
-- Data for Name: produccion_detalleordenproduccion; Type: TABLE DATA; Schema: public; Owner: madmin
--

COPY public.produccion_detalleordenproduccion (id, cantidad, orden_produccion_id, producto_id) FROM stdin;
1	1	1	161
2	1	1	162
3	1	1	3
4	1	1	17
5	1	1	6
6	1	1	8
7	1	1	14
8	1	2	55
9	1	2	51
10	1	2	57
11	1	2	117
12	1	2	19
13	1	2	60
14	1	2	21
15	1	2	69
\.


--
-- Data for Name: produccion_itemtest; Type: TABLE DATA; Schema: public; Owner: madmin
--

COPY public.produccion_itemtest (id, tarea, orden, test_id) FROM stdin;
\.


--
-- Data for Name: produccion_ordenproduccion; Type: TABLE DATA; Schema: public; Owner: madmin
--

COPY public.produccion_ordenproduccion (id, cantidad, estado, fecha_creacion, fecha_inicio, fecha_terminado, notas, almacen_id, empresa_id, pedido_origen_id, producto_id, responsable_id, solicitante_id, almacen_materia_prima_id, cliente_id, sucursal_id) FROM stdin;
1	1	borrador	2026-05-26 14:42:47.792448-06	\N	\N	Generada automáticamente desde Pedido #3	2	1	3	37	\N	3	\N	\N	1
2	1	borrador	2026-05-26 14:43:06.847263-06	\N	\N	Generada automáticamente desde Pedido #2	2	1	2	70	\N	3	\N	\N	1
\.


--
-- Data for Name: produccion_resultadotestop; Type: TABLE DATA; Schema: public; Owner: madmin
--

COPY public.produccion_resultadotestop (id, completado, fecha_chequeo, item_test_id, orden_produccion_id, usuario_verifico_id) FROM stdin;
\.


--
-- Data for Name: produccion_test; Type: TABLE DATA; Schema: public; Owner: madmin
--

COPY public.produccion_test (id, nombre, descripcion, fecha_creacion, empresa_id) FROM stdin;
\.


--
-- Data for Name: proveedores_proveedor; Type: TABLE DATA; Schema: public; Owner: madmin
--

COPY public.proveedores_proveedor (id, razon_social, rfc, cp, domicilio, contacto_nombre, contacto_telefono, contacto_email, estado, creado_en, actualizado_en, empresa_id) FROM stdin;
1	TECHSMART	TMM081029174	44790	AV WASHINTON 59 B	CRISTINA LAZO	3312019481	VENTAS1@TECHSMART.COM.MX	activo	2026-05-22 17:28:06.134776-06	2026-05-23 11:58:38.842743-06	1
\.


--
-- Data for Name: proveedores_sucursalproveedor; Type: TABLE DATA; Schema: public; Owner: madmin
--

COPY public.proveedores_sucursalproveedor (id, nombre, direccion, proveedor_id) FROM stdin;
2	GDL	AV WASHINTON	1
3	CDMX	CDMX	1
\.


--
-- Data for Name: recepciones_detallerecepcion; Type: TABLE DATA; Schema: public; Owner: madmin
--

COPY public.recepciones_detallerecepcion (id, cantidad_recibida, costo_unitario, producto_id, recepcion_id, detalle_compra_id) FROM stdin;
1	1	813.92	174	1	89
2	1	1200.00	52	2	85
3	1	18900.00	117	2	86
4	1	799.00	8	2	87
5	1	302.06	54	3	74
6	1	159.75	57	3	75
7	1	595.88	169	3	76
8	1	279.18	170	3	77
9	1	61.54	171	3	78
10	1	102.06	68	3	79
11	1	104.12	3	3	80
12	1	125.70	172	3	81
13	1	52.58	175	3	82
14	1	360.82	176	3	83
15	1	137.22	161	3	84
\.


--
-- Data for Name: recepciones_detallerecepcionextra; Type: TABLE DATA; Schema: public; Owner: madmin
--

COPY public.recepciones_detallerecepcionextra (id, tipo, lote, cantidad_lote, serie, detalle_recepcion_id, almacen_id, producto_id, fecha_creacion) FROM stdin;
1	serie	\N	0		1	2	174	2026-05-27 12:26:19.552241-06
2	serie	\N	0		2	2	52	2026-05-27 12:26:49.78543-06
3	serie	\N	0		3	2	117	2026-05-27 12:26:49.791835-06
4	serie	\N	0		4	2	8	2026-05-27 12:26:49.796218-06
5	serie	\N	0		5	2	54	2026-05-27 12:27:02.644439-06
6	serie	\N	0		6	2	57	2026-05-27 12:27:02.650417-06
7	serie	\N	0		7	2	169	2026-05-27 12:27:02.655495-06
8	serie	\N	0		8	2	170	2026-05-27 12:27:02.660033-06
9	serie	\N	0		9	2	171	2026-05-27 12:27:02.664769-06
10	serie	\N	0		10	2	68	2026-05-27 12:27:02.669497-06
11	serie	\N	0		11	2	3	2026-05-27 12:27:02.674067-06
12	serie	\N	0		12	2	172	2026-05-27 12:27:02.678854-06
13	serie	\N	0		13	2	175	2026-05-27 12:27:02.683061-06
14	serie	\N	0		14	2	176	2026-05-27 12:27:02.687107-06
\.


--
-- Data for Name: recepciones_recepcion; Type: TABLE DATA; Schema: public; Owner: madmin
--

COPY public.recepciones_recepcion (id, fecha, factura, estado, creado_en, almacen_id, orden_compra_id, aduana, fecha_pedimento, pedimento, importe_aduana, empresa_id, moneda_id, tipo_cambio, sucursal_id, fecha_comprobante) FROM stdin;
1	2026-05-27		completada	2026-05-27 12:26:19.542287-06	2	8	\N	\N	\N	0.00	1	1	1.0000	1	2026-05-27
2	2026-05-27		completada	2026-05-27 12:26:49.76314-06	2	7	\N	\N	\N	0.00	1	1	1.0000	1	2026-05-27
3	2026-05-27		completada	2026-05-27 12:27:02.604365-06	2	6	\N	\N	\N	0.00	1	2	17.7000	1	2026-05-27
\.


--
-- Data for Name: recursos_humanos_beneficiario; Type: TABLE DATA; Schema: public; Owner: madmin
--

COPY public.recursos_humanos_beneficiario (id, rfc, nombre_razon_social, registro_patronal, calle, num_ext, num_int, entre_calle, y_calle, colonia, cp, municipio_alcaldia, entidad_federativa, correo, telefono, fecha_registro, empresa_id, sucursal_id, clave) FROM stdin;
\.


--
-- Data for Name: recursos_humanos_contratista; Type: TABLE DATA; Schema: public; Owner: madmin
--

COPY public.recursos_humanos_contratista (id, rfc, nombre_razon_social, correo, telefono, registro_patronal, calle, num_ext, num_int, entre_calle, y_calle, colonia, cp, municipio_alcaldia, entidad_federativa, representante_legal, administrador_unico, num_escritura, nombre_notario_publico, num_notario_publico, fecha_escritura_publica, folio_mercantil, numero_stps, fecha_registro, empresa_id, sucursal_id, clave, regimen) FROM stdin;
\.


--
-- Data for Name: recursos_humanos_contrato; Type: TABLE DATA; Schema: public; Owner: madmin
--

COPY public.recursos_humanos_contrato (id, fecha_inicio, fecha_fin, tipo_contrato, estado, notas, fecha_registro, empresa_id, folio, monto_contrato, num_estimado_trabajadores, objeto_contrato, vigencia_contrato, contratista_id, beneficiario_id, sucursal_id) FROM stdin;
\.


--
-- Data for Name: recursos_humanos_contrato_empleados; Type: TABLE DATA; Schema: public; Owner: madmin
--

COPY public.recursos_humanos_contrato_empleados (id, contrato_id, empleado_id) FROM stdin;
\.


--
-- Data for Name: recursos_humanos_empleado; Type: TABLE DATA; Schema: public; Owner: madmin
--

COPY public.recursos_humanos_empleado (id, nombre, puesto, fecha_ingreso, empresa_id, apellido_materno, apellido_paterno, banco_nombre, caja_ahorro, calle, ciudad, clabe, clave_percepcion_sat, colonia, correo_personal, cp, curp, departamento, estado, estado_civil, estado_dir, fecha_antiguedad, fecha_baja, fecha_expiracion, fecha_nacimiento, fecha_registro, fondo_ahorro, forma_pago, genero, id_oficial, jornada, motivo_baja, nacionalidad, nss, num_cuenta, num_empleado, num_ext, num_fonacot, num_infonavit, num_int, num_tarjeta, porcentaje_fondo, registro_patronal, rfc, riesgo_trabajo, salario_diario_ordinario, sbc, sdi, supervisor, tarjeta_nomina, telefono_fijo, telefono_movil, tipo_contrato, tipo_cuenta, tipo_salario, tipo_trabajador, unidad_monetaria, sucursal_id, beneficiario_id, contratista_id, clave_ubicacion, notas, antiguedad_sat, periodicidad_pago_sat, tipo_regimen_sat, jornada_sat) FROM stdin;
\.


--
-- Data for Name: recursos_humanos_importacionsua; Type: TABLE DATA; Schema: public; Owner: madmin
--

COPY public.recursos_humanos_importacionsua (id, registro_patronal, rfc_empresa, nombre_razon_social, actividad, domicilio, cp, entidad, area_geografica, delegacion_imss, subdelegacion_imss, municipio_alcaldia, prima_rt, periodo, fecha_importacion, empresa_id, sucursal_id, tipo) FROM stdin;
\.


--
-- Data for Name: recursos_humanos_nomina; Type: TABLE DATA; Schema: public; Owner: madmin
--

COPY public.recursos_humanos_nomina (id, periodo, uso_cfdi, uuid, tipo_nomina, serie, folio, fecha_emision, fecha_certificacion, fecha_pago, fecha_inicial_pago, fecha_final_pago, dias_pagados, rfc, curp, nss, nombre, rfc_contratista, sdi, sbc, vacaciones_exento, vacaciones_dignas_exento, aguinaldo_exento, sueldo_gravado, vacaciones_gravado, vacaciones_dignas_gravado, aguinaldo_gravado, empleado_id, empresa_id, sucursal_id) FROM stdin;
\.


--
-- Data for Name: recursos_humanos_trabajadorsua; Type: TABLE DATA; Schema: public; Owner: madmin
--

COPY public.recursos_humanos_trabajadorsua (id, nss, nombre, rfc_curp, clave_ubicacion, clave_mov, fecha_mov, dias, sdi, patronal, obrera, subtotal, baja_fecha, importacion_id, amortizacion, aportacion_patronal, ausentismos, baja_clave, cred_vivienda, fecha_mov_credito, incapacidades, licencias, retiro, suma_infonavit, tipo_mov_credito, total_general, tipo_valor_infonavit, cuota_fija, excedente_obrera, excedente_patronal, gastos_medicos_obrera, gastos_medicos_patronal, guarderias_ps, imss_obrera, imss_patronal, imss_subtotal, invalidez_vida_obrera, invalidez_vida_patronal, prestaciones_dinero_obrera, prestaciones_dinero_patronal, riesgo_trabajo_cuota) FROM stdin;
\.


--
-- Data for Name: solicitudcompras_detallesolicitudcompra; Type: TABLE DATA; Schema: public; Owner: madmin
--

COPY public.solicitudcompras_detallesolicitudcompra (id, cantidad_solicitada, detalle_pedido_origen_id, producto_id, solicitud_id, almacen_id, costo_unitario, proveedor_id, moneda_id, sucursal_id, lista_id) FROM stdin;
1	1	1	1	1	4	800.00	\N	\N	\N	\N
9	1	\N	37	3	\N	18808.01	\N	1	\N	\N
10	1	\N	70	2	\N	43878.28	\N	1	\N	\N
11	1	16	1	4	4	800.00	\N	\N	\N	\N
27	1	\N	54	6	2	302.06	1	2	2	\N
28	1	\N	57	6	2	159.75	1	2	2	\N
29	1	\N	169	6	2	595.88	1	2	2	\N
30	1	\N	170	6	2	279.18	1	2	2	\N
31	1	\N	171	6	2	61.54	1	2	2	\N
32	1	\N	68	6	2	102.06	1	2	2	\N
33	1	\N	52	6	2	1200.00	1	1	2	\N
34	1	\N	117	6	2	18900.00	1	1	2	\N
43	1	\N	3	5	2	104.12	1	2	2	\N
44	1	\N	172	5	2	125.70	1	2	2	\N
45	1	\N	175	5	2	52.58	1	2	2	\N
46	1	\N	176	5	2	360.82	1	2	2	\N
47	1	\N	161	5	2	137.22	1	2	2	\N
48	1	\N	8	5	2	799.00	1	1	2	\N
49	1	\N	174	5	2	813.92	1	1	3	\N
50	1	\N	174	7	2	813.92	1	1	3	\N
\.


--
-- Data for Name: solicitudcompras_solicitudcompra; Type: TABLE DATA; Schema: public; Owner: madmin
--

COPY public.solicitudcompras_solicitudcompra (id, fecha_creacion, fecha_envio, estado, notas, empresa_id, pedido_origen_id, solicitante_id, sucursal_id) FROM stdin;
1	2026-05-20 21:17:38.267353-06	\N	borrador	Solicitud Global Generada Automáticamente	2	1	4	3
3	2026-05-23 11:55:15.044745-06	\N	cancelada	Solicitud Global Generada Automáticamente	1	3	3	1
2	2026-05-22 17:07:26.537316-06	\N	cancelada		1	2	3	1
4	2026-05-26 13:06:50.299373-06	\N	cancelada	Solicitud Global Generada Automáticamente	2	15	4	3
6	2026-05-26 14:43:06.83812-06	\N	atendida	Solicitud Global Generada Automáticamente	1	2	3	1
5	2026-05-26 14:42:47.781864-06	\N	atendida	Solicitud Global Generada Automáticamente	1	3	3	1
7	2026-05-27 11:34:17.124988-06	\N	atendida		1	\N	3	1
\.


--
-- Data for Name: tesoreria_cajabanco; Type: TABLE DATA; Schema: public; Owner: madmin
--

COPY public.tesoreria_cajabanco (id, tipo, nombre, banco_nombre, cuenta, clabe, fecha_creacion, activo, empresa_id, moneda_id, sucursal_id) FROM stdin;
1	banco	Banco Bbva	Bbva			2026-05-20 10:52:02.578045-06	t	1	2	\N
\.


--
-- Data for Name: tesoreria_egreso; Type: TABLE DATA; Schema: public; Owner: madmin
--

COPY public.tesoreria_egreso (id, fecha, concepto, monto, tipo_cambio, monto_mxn, forma_pago, referencia, estado, fecha_registro, caja_banco_id, empresa_id, moneda_id, pago_compra_id, motivo_cancelacion, sucursal_id) FROM stdin;
1	2026-05-27	Pago de Orden de Compra OC-0006 - TECHSMART	2645.86	1.0000	2645.86	transferencia	TRANSFERENCIA	aplicado	2026-05-27 11:28:34.427698-06	1	1	1	1	\N	1
2	2026-05-27	Pago de Orden de Compra OC-0007 - TECHSMART	24010.84	1.0000	24010.84	transferencia	TRANSFERENCIA	aplicado	2026-05-27 11:29:13.450736-06	1	1	1	2	\N	1
3	2026-05-27	Pago de Orden de Compra OC-0008 - TECHSMART	887.97	1.0000	887.97	transferencia	TRANSFERENCIA	aplicado	2026-05-27 11:36:20.17683-06	1	1	1	3	\N	1
\.


--
-- Data for Name: tesoreria_ingreso; Type: TABLE DATA; Schema: public; Owner: madmin
--

COPY public.tesoreria_ingreso (id, fecha, concepto, monto, tipo_cambio, monto_mxn, forma_pago, referencia, fecha_registro, caja_banco_id, empresa_id, moneda_id, pago_pedido_id, estado, motivo_cancelacion, sucursal_id) FROM stdin;
1	2026-05-22	Pago de Pedido PED-0002 - Armando Gonzalez García	62000.00	1.0000	62000.00	tarjeta_credito	PAGO CLIP	2026-05-22 16:57:51.879782-06	1	1	1	1	aplicado	\N	1
2	2026-05-22	Pago de Pedido PED-0002 - Armando Gonzalez García	0.01	1.0000	0.01	tarjeta_credito		2026-05-22 17:06:39.422732-06	1	1	1	2	aplicado	\N	1
3	2026-05-23	Pago de Pedido PED-0003 - Carlos Dueñas	25600.01	1.0000	25600.01	transferencia	TRANSFERENCIA	2026-05-23 11:53:45.669499-06	1	1	1	3	aplicado	\N	1
4	2026-05-26	Pago de Pedido PED-0014 - Carlos Dueñas	33625.15	1.0000	33625.15	transferencia	TRANSFERENCIA	2026-05-26 11:00:31.22295-06	1	1	1	4	aplicado	\N	1
5	2026-05-26	Pago de Pedido PED-0014 - Carlos Dueñas	0.00	1.0000	0.00	transferencia		2026-05-26 11:01:09.268347-06	1	1	1	5	aplicado	\N	1
6	2026-05-26	Pago de Pedido PED-0014 - Carlos Dueñas	0.00	1.0000	0.00	transferencia	TRANSFERENCIA	2026-05-26 11:01:27.381328-06	1	1	1	6	aplicado	\N	1
7	2026-05-26	Pago de Pedido PED-0014 - Carlos Dueñas	0.00	1.0000	0.00	transferencia	TRANSFERENCIA	2026-05-26 11:01:58.37472-06	1	1	1	7	aplicado	\N	1
8	2026-05-26	Pago de Pedido PED-0013 - Armando Gonzalez García	63047.16	1.0000	63047.16	transferencia	TRANSFERENCIA	2026-05-26 11:02:31.727445-06	1	1	1	8	aplicado	\N	1
9	2026-05-26	Pago de Pedido PED-0014 - Carlos Dueñas	0.00	1.0000	0.00	tarjeta_credito	TRANSFERENCIA	2026-05-26 11:03:52.105913-06	1	1	1	9	aplicado	\N	1
\.


--
-- Data for Name: tesoreria_pagocompra; Type: TABLE DATA; Schema: public; Owner: madmin
--

COPY public.tesoreria_pagocompra (id, fecha_pago, forma_pago, referencia, tipo_cambio, monto, monto_mxn, fecha_registro, caja_banco_id, empresa_id, moneda_id, orden_compra_id, estado, motivo_cancelacion, sucursal_id) FROM stdin;
1	2026-05-27	transferencia	TRANSFERENCIA	1.0000	2645.86	2645.86	2026-05-27 11:28:34.423296-06	1	1	1	6	aplicado	\N	1
2	2026-05-27	transferencia	TRANSFERENCIA	1.0000	24010.84	24010.84	2026-05-27 11:29:13.448218-06	1	1	1	7	aplicado	\N	1
3	2026-05-27	transferencia	TRANSFERENCIA	1.0000	887.97	887.97	2026-05-27 11:36:20.174839-06	1	1	1	8	aplicado	\N	1
\.


--
-- Data for Name: tesoreria_pagopedido; Type: TABLE DATA; Schema: public; Owner: madmin
--

COPY public.tesoreria_pagopedido (id, fecha_pago, forma_pago, referencia, tipo_cambio, monto, monto_mxn, fecha_registro, caja_banco_id, empresa_id, moneda_id, pedido_id, estado, motivo_cancelacion, sucursal_id) FROM stdin;
1	2026-05-22	tarjeta_credito	PAGO CLIP	1.0000	62000.00	62000.00	2026-05-22 16:57:51.874939-06	1	1	1	2	aplicado	\N	1
2	2026-05-22	tarjeta_credito		1.0000	0.01	0.01	2026-05-22 17:06:39.420431-06	1	1	1	2	aplicado	\N	1
3	2026-05-23	transferencia	TRANSFERENCIA	1.0000	25600.01	25600.01	2026-05-23 11:53:45.660882-06	1	1	1	3	aplicado	\N	1
4	2026-05-26	transferencia	TRANSFERENCIA	1.0000	33625.15	33625.15	2026-05-26 11:00:31.214307-06	1	1	1	14	aplicado	\N	1
5	2026-05-26	transferencia		1.0000	0.00	0.00	2026-05-26 11:01:09.26551-06	1	1	1	14	aplicado	\N	1
6	2026-05-26	transferencia	TRANSFERENCIA	1.0000	0.00	0.00	2026-05-26 11:01:27.377713-06	1	1	1	14	aplicado	\N	1
7	2026-05-26	transferencia	TRANSFERENCIA	1.0000	0.00	0.00	2026-05-26 11:01:58.371521-06	1	1	1	14	aplicado	\N	1
8	2026-05-26	transferencia	TRANSFERENCIA	1.0000	63047.16	63047.16	2026-05-26 11:02:31.72393-06	1	1	1	13	aplicado	\N	1
9	2026-05-26	tarjeta_credito	TRANSFERENCIA	1.0000	0.00	0.00	2026-05-26 11:03:52.101334-06	1	1	1	14	aplicado	\N	1
\.


--
-- Data for Name: ventas_detalleordenventa; Type: TABLE DATA; Schema: public; Owner: madmin
--

COPY public.ventas_detalleordenventa (id, cantidad, precio_unitario, producto_id, orden_venta_id) FROM stdin;
\.


--
-- Data for Name: ventas_ordenventa; Type: TABLE DATA; Schema: public; Owner: madmin
--

COPY public.ventas_ordenventa (id, fecha_creacion, fecha_surtido, estado, direccion_envio, contacto_envio, notas_envio, cliente_id, empresa_id, pedido_origen_id, vendedor_id, guia, quien_recibe, telefono_recibe, almacen_id, estado_entrega, parent_orden_id, secuencia, sucursal_id) FROM stdin;
\.


--
-- Name: actividades_actividad_id_seq; Type: SEQUENCE SET; Schema: public; Owner: madmin
--

SELECT pg_catalog.setval('public.actividades_actividad_id_seq', 1, false);


--
-- Name: almacenes_almacen_id_seq; Type: SEQUENCE SET; Schema: public; Owner: madmin
--

SELECT pg_catalog.setval('public.almacenes_almacen_id_seq', 4, true);


--
-- Name: almacenes_inventario_id_seq; Type: SEQUENCE SET; Schema: public; Owner: madmin
--

SELECT pg_catalog.setval('public.almacenes_inventario_id_seq', 30, true);


--
-- Name: almacenes_kardex_id_seq; Type: SEQUENCE SET; Schema: public; Owner: madmin
--

SELECT pg_catalog.setval('public.almacenes_kardex_id_seq', 45, true);


--
-- Name: auth_group_id_seq; Type: SEQUENCE SET; Schema: public; Owner: madmin
--

SELECT pg_catalog.setval('public.auth_group_id_seq', 1, false);


--
-- Name: auth_group_permissions_id_seq; Type: SEQUENCE SET; Schema: public; Owner: madmin
--

SELECT pg_catalog.setval('public.auth_group_permissions_id_seq', 1, false);


--
-- Name: auth_permission_id_seq; Type: SEQUENCE SET; Schema: public; Owner: madmin
--

SELECT pg_catalog.setval('public.auth_permission_id_seq', 268, true);


--
-- Name: auth_user_groups_id_seq; Type: SEQUENCE SET; Schema: public; Owner: madmin
--

SELECT pg_catalog.setval('public.auth_user_groups_id_seq', 1, false);


--
-- Name: auth_user_id_seq; Type: SEQUENCE SET; Schema: public; Owner: madmin
--

SELECT pg_catalog.setval('public.auth_user_id_seq', 11, true);


--
-- Name: auth_user_user_permissions_id_seq; Type: SEQUENCE SET; Schema: public; Owner: madmin
--

SELECT pg_catalog.setval('public.auth_user_user_permissions_id_seq', 1, false);


--
-- Name: categorias_categoria_id_seq; Type: SEQUENCE SET; Schema: public; Owner: madmin
--

SELECT pg_catalog.setval('public.categorias_categoria_id_seq', 11, true);


--
-- Name: categorias_listapreciocosto_id_seq; Type: SEQUENCE SET; Schema: public; Owner: madmin
--

SELECT pg_catalog.setval('public.categorias_listapreciocosto_id_seq', 1, false);


--
-- Name: categorias_subcategoria_id_seq; Type: SEQUENCE SET; Schema: public; Owner: madmin
--

SELECT pg_catalog.setval('public.categorias_subcategoria_id_seq', 1, false);


--
-- Name: clientes_cliente_id_seq; Type: SEQUENCE SET; Schema: public; Owner: madmin
--

SELECT pg_catalog.setval('public.clientes_cliente_id_seq', 22, true);


--
-- Name: clientes_contactocliente_id_seq; Type: SEQUENCE SET; Schema: public; Owner: madmin
--

SELECT pg_catalog.setval('public.clientes_contactocliente_id_seq', 1, false);


--
-- Name: compras_detallecompra_id_seq; Type: SEQUENCE SET; Schema: public; Owner: madmin
--

SELECT pg_catalog.setval('public.compras_detallecompra_id_seq', 89, true);


--
-- Name: compras_ordencompra_id_seq; Type: SEQUENCE SET; Schema: public; Owner: madmin
--

SELECT pg_catalog.setval('public.compras_ordencompra_id_seq', 8, true);


--
-- Name: core_categoria_id_seq; Type: SEQUENCE SET; Schema: public; Owner: madmin
--

SELECT pg_catalog.setval('public.core_categoria_id_seq', 1, false);


--
-- Name: core_detallereceta_id_seq; Type: SEQUENCE SET; Schema: public; Owner: madmin
--

SELECT pg_catalog.setval('public.core_detallereceta_id_seq', 29, true);


--
-- Name: core_producto_id_seq; Type: SEQUENCE SET; Schema: public; Owner: madmin
--

SELECT pg_catalog.setval('public.core_producto_id_seq', 176, true);


--
-- Name: core_transaccion_id_seq; Type: SEQUENCE SET; Schema: public; Owner: madmin
--

SELECT pg_catalog.setval('public.core_transaccion_id_seq', 1, false);


--
-- Name: costeos_comercioadquisicion_id_seq; Type: SEQUENCE SET; Schema: public; Owner: madmin
--

SELECT pg_catalog.setval('public.costeos_comercioadquisicion_id_seq', 1, false);


--
-- Name: costeos_costeo_id_seq; Type: SEQUENCE SET; Schema: public; Owner: madmin
--

SELECT pg_catalog.setval('public.costeos_costeo_id_seq', 1, false);


--
-- Name: costeos_manufacturagastoindirecto_id_seq; Type: SEQUENCE SET; Schema: public; Owner: madmin
--

SELECT pg_catalog.setval('public.costeos_manufacturagastoindirecto_id_seq', 1, false);


--
-- Name: costeos_manufacturamanoobra_id_seq; Type: SEQUENCE SET; Schema: public; Owner: madmin
--

SELECT pg_catalog.setval('public.costeos_manufacturamanoobra_id_seq', 1, false);


--
-- Name: costeos_manufacturamateriaprima_id_seq; Type: SEQUENCE SET; Schema: public; Owner: madmin
--

SELECT pg_catalog.setval('public.costeos_manufacturamateriaprima_id_seq', 1, false);


--
-- Name: costeos_serviciomaterial_id_seq; Type: SEQUENCE SET; Schema: public; Owner: madmin
--

SELECT pg_catalog.setval('public.costeos_serviciomaterial_id_seq', 1, false);


--
-- Name: costeos_serviciopersonal_id_seq; Type: SEQUENCE SET; Schema: public; Owner: madmin
--

SELECT pg_catalog.setval('public.costeos_serviciopersonal_id_seq', 1, false);


--
-- Name: cotizaciones_cotizacion_id_seq; Type: SEQUENCE SET; Schema: public; Owner: madmin
--

SELECT pg_catalog.setval('public.cotizaciones_cotizacion_id_seq', 15, true);


--
-- Name: cotizaciones_detallecotizacion_id_seq; Type: SEQUENCE SET; Schema: public; Owner: madmin
--

SELECT pg_catalog.setval('public.cotizaciones_detallecotizacion_id_seq', 27, true);


--
-- Name: django_admin_log_id_seq; Type: SEQUENCE SET; Schema: public; Owner: madmin
--

SELECT pg_catalog.setval('public.django_admin_log_id_seq', 3, true);


--
-- Name: django_content_type_id_seq; Type: SEQUENCE SET; Schema: public; Owner: madmin
--

SELECT pg_catalog.setval('public.django_content_type_id_seq', 67, true);


--
-- Name: django_migrations_id_seq; Type: SEQUENCE SET; Schema: public; Owner: madmin
--

SELECT pg_catalog.setval('public.django_migrations_id_seq', 163, true);


--
-- Name: notificaciones_notificacion_id_seq; Type: SEQUENCE SET; Schema: public; Owner: madmin
--

SELECT pg_catalog.setval('public.notificaciones_notificacion_id_seq', 67, true);


--
-- Name: panel_empresa_id_seq; Type: SEQUENCE SET; Schema: public; Owner: madmin
--

SELECT pg_catalog.setval('public.panel_empresa_id_seq', 2, true);


--
-- Name: pedidos_detallepedido_id_seq; Type: SEQUENCE SET; Schema: public; Owner: madmin
--

SELECT pg_catalog.setval('public.pedidos_detallepedido_id_seq', 16, true);


--
-- Name: pedidos_pedido_id_seq; Type: SEQUENCE SET; Schema: public; Owner: madmin
--

SELECT pg_catalog.setval('public.pedidos_pedido_id_seq', 15, true);


--
-- Name: preferencias_asignacionrolusuario_id_seq; Type: SEQUENCE SET; Schema: public; Owner: madmin
--

SELECT pg_catalog.setval('public.preferencias_asignacionrolusuario_id_seq', 1, true);


--
-- Name: preferencias_moneda_id_seq; Type: SEQUENCE SET; Schema: public; Owner: madmin
--

SELECT pg_catalog.setval('public.preferencias_moneda_id_seq', 2, true);


--
-- Name: preferencias_permisorolaccion_id_seq; Type: SEQUENCE SET; Schema: public; Owner: madmin
--

SELECT pg_catalog.setval('public.preferencias_permisorolaccion_id_seq', 98, true);


--
-- Name: preferencias_permisorolmodulo_id_seq; Type: SEQUENCE SET; Schema: public; Owner: madmin
--

SELECT pg_catalog.setval('public.preferencias_permisorolmodulo_id_seq', 1, true);


--
-- Name: preferencias_rol_id_seq; Type: SEQUENCE SET; Schema: public; Owner: madmin
--

SELECT pg_catalog.setval('public.preferencias_rol_id_seq', 1, true);


--
-- Name: preferencias_sucursal_id_seq; Type: SEQUENCE SET; Schema: public; Owner: madmin
--

SELECT pg_catalog.setval('public.preferencias_sucursal_id_seq', 3, true);


--
-- Name: produccion_detalleordenproduccion_id_seq; Type: SEQUENCE SET; Schema: public; Owner: madmin
--

SELECT pg_catalog.setval('public.produccion_detalleordenproduccion_id_seq', 15, true);


--
-- Name: produccion_itemtest_id_seq; Type: SEQUENCE SET; Schema: public; Owner: madmin
--

SELECT pg_catalog.setval('public.produccion_itemtest_id_seq', 1, false);


--
-- Name: produccion_ordenproduccion_id_seq; Type: SEQUENCE SET; Schema: public; Owner: madmin
--

SELECT pg_catalog.setval('public.produccion_ordenproduccion_id_seq', 2, true);


--
-- Name: produccion_resultadotestop_id_seq; Type: SEQUENCE SET; Schema: public; Owner: madmin
--

SELECT pg_catalog.setval('public.produccion_resultadotestop_id_seq', 1, false);


--
-- Name: produccion_test_id_seq; Type: SEQUENCE SET; Schema: public; Owner: madmin
--

SELECT pg_catalog.setval('public.produccion_test_id_seq', 1, false);


--
-- Name: proveedores_proveedor_id_seq; Type: SEQUENCE SET; Schema: public; Owner: madmin
--

SELECT pg_catalog.setval('public.proveedores_proveedor_id_seq', 1, true);


--
-- Name: proveedores_sucursalproveedor_id_seq; Type: SEQUENCE SET; Schema: public; Owner: madmin
--

SELECT pg_catalog.setval('public.proveedores_sucursalproveedor_id_seq', 3, true);


--
-- Name: recepciones_detallerecepcion_id_seq; Type: SEQUENCE SET; Schema: public; Owner: madmin
--

SELECT pg_catalog.setval('public.recepciones_detallerecepcion_id_seq', 15, true);


--
-- Name: recepciones_detallerecepcionextra_id_seq; Type: SEQUENCE SET; Schema: public; Owner: madmin
--

SELECT pg_catalog.setval('public.recepciones_detallerecepcionextra_id_seq', 14, true);


--
-- Name: recepciones_recepcion_id_seq; Type: SEQUENCE SET; Schema: public; Owner: madmin
--

SELECT pg_catalog.setval('public.recepciones_recepcion_id_seq', 3, true);


--
-- Name: recursos_humanos_beneficiario_id_seq; Type: SEQUENCE SET; Schema: public; Owner: madmin
--

SELECT pg_catalog.setval('public.recursos_humanos_beneficiario_id_seq', 1, false);


--
-- Name: recursos_humanos_contratista_id_seq; Type: SEQUENCE SET; Schema: public; Owner: madmin
--

SELECT pg_catalog.setval('public.recursos_humanos_contratista_id_seq', 1, true);


--
-- Name: recursos_humanos_contrato_empleados_id_seq; Type: SEQUENCE SET; Schema: public; Owner: madmin
--

SELECT pg_catalog.setval('public.recursos_humanos_contrato_empleados_id_seq', 1, false);


--
-- Name: recursos_humanos_contrato_id_seq; Type: SEQUENCE SET; Schema: public; Owner: madmin
--

SELECT pg_catalog.setval('public.recursos_humanos_contrato_id_seq', 1, false);


--
-- Name: recursos_humanos_empleado_id_seq; Type: SEQUENCE SET; Schema: public; Owner: madmin
--

SELECT pg_catalog.setval('public.recursos_humanos_empleado_id_seq', 54, true);


--
-- Name: recursos_humanos_importacionsua_id_seq; Type: SEQUENCE SET; Schema: public; Owner: madmin
--

SELECT pg_catalog.setval('public.recursos_humanos_importacionsua_id_seq', 24, true);


--
-- Name: recursos_humanos_nomina_id_seq; Type: SEQUENCE SET; Schema: public; Owner: madmin
--

SELECT pg_catalog.setval('public.recursos_humanos_nomina_id_seq', 1, false);


--
-- Name: recursos_humanos_trabajadorsua_id_seq; Type: SEQUENCE SET; Schema: public; Owner: madmin
--

SELECT pg_catalog.setval('public.recursos_humanos_trabajadorsua_id_seq', 1082, true);


--
-- Name: solicitudcompras_detallesolicitudcompra_id_seq; Type: SEQUENCE SET; Schema: public; Owner: madmin
--

SELECT pg_catalog.setval('public.solicitudcompras_detallesolicitudcompra_id_seq', 50, true);


--
-- Name: solicitudcompras_solicitudcompra_id_seq; Type: SEQUENCE SET; Schema: public; Owner: madmin
--

SELECT pg_catalog.setval('public.solicitudcompras_solicitudcompra_id_seq', 7, true);


--
-- Name: tesoreria_cajabanco_id_seq; Type: SEQUENCE SET; Schema: public; Owner: madmin
--

SELECT pg_catalog.setval('public.tesoreria_cajabanco_id_seq', 1, true);


--
-- Name: tesoreria_egreso_id_seq; Type: SEQUENCE SET; Schema: public; Owner: madmin
--

SELECT pg_catalog.setval('public.tesoreria_egreso_id_seq', 3, true);


--
-- Name: tesoreria_ingreso_id_seq; Type: SEQUENCE SET; Schema: public; Owner: madmin
--

SELECT pg_catalog.setval('public.tesoreria_ingreso_id_seq', 9, true);


--
-- Name: tesoreria_pagocompra_id_seq; Type: SEQUENCE SET; Schema: public; Owner: madmin
--

SELECT pg_catalog.setval('public.tesoreria_pagocompra_id_seq', 3, true);


--
-- Name: tesoreria_pagopedido_id_seq; Type: SEQUENCE SET; Schema: public; Owner: madmin
--

SELECT pg_catalog.setval('public.tesoreria_pagopedido_id_seq', 9, true);


--
-- Name: ventas_detalleordenventa_id_seq; Type: SEQUENCE SET; Schema: public; Owner: madmin
--

SELECT pg_catalog.setval('public.ventas_detalleordenventa_id_seq', 1, false);


--
-- Name: ventas_ordenventa_id_seq; Type: SEQUENCE SET; Schema: public; Owner: madmin
--

SELECT pg_catalog.setval('public.ventas_ordenventa_id_seq', 1, false);


--
-- Name: actividades_actividad actividades_actividad_pkey; Type: CONSTRAINT; Schema: public; Owner: madmin
--

ALTER TABLE ONLY public.actividades_actividad
    ADD CONSTRAINT actividades_actividad_pkey PRIMARY KEY (id);


--
-- Name: almacenes_almacen almacenes_almacen_pkey; Type: CONSTRAINT; Schema: public; Owner: madmin
--

ALTER TABLE ONLY public.almacenes_almacen
    ADD CONSTRAINT almacenes_almacen_pkey PRIMARY KEY (id);


--
-- Name: almacenes_inventario almacenes_inventario_pkey; Type: CONSTRAINT; Schema: public; Owner: madmin
--

ALTER TABLE ONLY public.almacenes_inventario
    ADD CONSTRAINT almacenes_inventario_pkey PRIMARY KEY (id);


--
-- Name: almacenes_inventario almacenes_inventario_producto_id_almacen_id_e56defa1_uniq; Type: CONSTRAINT; Schema: public; Owner: madmin
--

ALTER TABLE ONLY public.almacenes_inventario
    ADD CONSTRAINT almacenes_inventario_producto_id_almacen_id_e56defa1_uniq UNIQUE (producto_id, almacen_id);


--
-- Name: almacenes_kardex almacenes_kardex_pkey; Type: CONSTRAINT; Schema: public; Owner: madmin
--

ALTER TABLE ONLY public.almacenes_kardex
    ADD CONSTRAINT almacenes_kardex_pkey PRIMARY KEY (id);


--
-- Name: auth_group auth_group_name_key; Type: CONSTRAINT; Schema: public; Owner: madmin
--

ALTER TABLE ONLY public.auth_group
    ADD CONSTRAINT auth_group_name_key UNIQUE (name);


--
-- Name: auth_group_permissions auth_group_permissions_group_id_permission_id_0cd325b0_uniq; Type: CONSTRAINT; Schema: public; Owner: madmin
--

ALTER TABLE ONLY public.auth_group_permissions
    ADD CONSTRAINT auth_group_permissions_group_id_permission_id_0cd325b0_uniq UNIQUE (group_id, permission_id);


--
-- Name: auth_group_permissions auth_group_permissions_pkey; Type: CONSTRAINT; Schema: public; Owner: madmin
--

ALTER TABLE ONLY public.auth_group_permissions
    ADD CONSTRAINT auth_group_permissions_pkey PRIMARY KEY (id);


--
-- Name: auth_group auth_group_pkey; Type: CONSTRAINT; Schema: public; Owner: madmin
--

ALTER TABLE ONLY public.auth_group
    ADD CONSTRAINT auth_group_pkey PRIMARY KEY (id);


--
-- Name: auth_permission auth_permission_content_type_id_codename_01ab375a_uniq; Type: CONSTRAINT; Schema: public; Owner: madmin
--

ALTER TABLE ONLY public.auth_permission
    ADD CONSTRAINT auth_permission_content_type_id_codename_01ab375a_uniq UNIQUE (content_type_id, codename);


--
-- Name: auth_permission auth_permission_pkey; Type: CONSTRAINT; Schema: public; Owner: madmin
--

ALTER TABLE ONLY public.auth_permission
    ADD CONSTRAINT auth_permission_pkey PRIMARY KEY (id);


--
-- Name: auth_user_groups auth_user_groups_pkey; Type: CONSTRAINT; Schema: public; Owner: madmin
--

ALTER TABLE ONLY public.auth_user_groups
    ADD CONSTRAINT auth_user_groups_pkey PRIMARY KEY (id);


--
-- Name: auth_user_groups auth_user_groups_user_id_group_id_94350c0c_uniq; Type: CONSTRAINT; Schema: public; Owner: madmin
--

ALTER TABLE ONLY public.auth_user_groups
    ADD CONSTRAINT auth_user_groups_user_id_group_id_94350c0c_uniq UNIQUE (user_id, group_id);


--
-- Name: auth_user auth_user_pkey; Type: CONSTRAINT; Schema: public; Owner: madmin
--

ALTER TABLE ONLY public.auth_user
    ADD CONSTRAINT auth_user_pkey PRIMARY KEY (id);


--
-- Name: auth_user_user_permissions auth_user_user_permissions_pkey; Type: CONSTRAINT; Schema: public; Owner: madmin
--

ALTER TABLE ONLY public.auth_user_user_permissions
    ADD CONSTRAINT auth_user_user_permissions_pkey PRIMARY KEY (id);


--
-- Name: auth_user_user_permissions auth_user_user_permissions_user_id_permission_id_14a6b632_uniq; Type: CONSTRAINT; Schema: public; Owner: madmin
--

ALTER TABLE ONLY public.auth_user_user_permissions
    ADD CONSTRAINT auth_user_user_permissions_user_id_permission_id_14a6b632_uniq UNIQUE (user_id, permission_id);


--
-- Name: auth_user auth_user_username_key; Type: CONSTRAINT; Schema: public; Owner: madmin
--

ALTER TABLE ONLY public.auth_user
    ADD CONSTRAINT auth_user_username_key UNIQUE (username);


--
-- Name: categorias_categoria categorias_categoria_pkey; Type: CONSTRAINT; Schema: public; Owner: madmin
--

ALTER TABLE ONLY public.categorias_categoria
    ADD CONSTRAINT categorias_categoria_pkey PRIMARY KEY (id);


--
-- Name: categorias_listapreciocosto categorias_listapreciocosto_pkey; Type: CONSTRAINT; Schema: public; Owner: madmin
--

ALTER TABLE ONLY public.categorias_listapreciocosto
    ADD CONSTRAINT categorias_listapreciocosto_pkey PRIMARY KEY (id);


--
-- Name: categorias_subcategoria categorias_subcategoria_pkey; Type: CONSTRAINT; Schema: public; Owner: madmin
--

ALTER TABLE ONLY public.categorias_subcategoria
    ADD CONSTRAINT categorias_subcategoria_pkey PRIMARY KEY (id);


--
-- Name: clientes_cliente clientes_cliente_pkey; Type: CONSTRAINT; Schema: public; Owner: madmin
--

ALTER TABLE ONLY public.clientes_cliente
    ADD CONSTRAINT clientes_cliente_pkey PRIMARY KEY (id);


--
-- Name: clientes_contactocliente clientes_contactocliente_pkey; Type: CONSTRAINT; Schema: public; Owner: madmin
--

ALTER TABLE ONLY public.clientes_contactocliente
    ADD CONSTRAINT clientes_contactocliente_pkey PRIMARY KEY (id);


--
-- Name: compras_detallecompra compras_detallecompra_pkey; Type: CONSTRAINT; Schema: public; Owner: madmin
--

ALTER TABLE ONLY public.compras_detallecompra
    ADD CONSTRAINT compras_detallecompra_pkey PRIMARY KEY (id);


--
-- Name: compras_ordencompra compras_ordencompra_pkey; Type: CONSTRAINT; Schema: public; Owner: madmin
--

ALTER TABLE ONLY public.compras_ordencompra
    ADD CONSTRAINT compras_ordencompra_pkey PRIMARY KEY (id);


--
-- Name: core_categoria core_categoria_pkey; Type: CONSTRAINT; Schema: public; Owner: madmin
--

ALTER TABLE ONLY public.core_categoria
    ADD CONSTRAINT core_categoria_pkey PRIMARY KEY (id);


--
-- Name: core_detallereceta core_detallereceta_pkey; Type: CONSTRAINT; Schema: public; Owner: madmin
--

ALTER TABLE ONLY public.core_detallereceta
    ADD CONSTRAINT core_detallereceta_pkey PRIMARY KEY (id);


--
-- Name: core_detallereceta core_detallereceta_producto_padre_id_compon_5dc325bf_uniq; Type: CONSTRAINT; Schema: public; Owner: madmin
--

ALTER TABLE ONLY public.core_detallereceta
    ADD CONSTRAINT core_detallereceta_producto_padre_id_compon_5dc325bf_uniq UNIQUE (producto_padre_id, componente_id);


--
-- Name: core_producto core_producto_pkey; Type: CONSTRAINT; Schema: public; Owner: madmin
--

ALTER TABLE ONLY public.core_producto
    ADD CONSTRAINT core_producto_pkey PRIMARY KEY (id);


--
-- Name: core_transaccion core_transaccion_pkey; Type: CONSTRAINT; Schema: public; Owner: madmin
--

ALTER TABLE ONLY public.core_transaccion
    ADD CONSTRAINT core_transaccion_pkey PRIMARY KEY (id);


--
-- Name: costeos_comercioadquisicion costeos_comercioadquisicion_pkey; Type: CONSTRAINT; Schema: public; Owner: madmin
--

ALTER TABLE ONLY public.costeos_comercioadquisicion
    ADD CONSTRAINT costeos_comercioadquisicion_pkey PRIMARY KEY (id);


--
-- Name: costeos_costeo costeos_costeo_pkey; Type: CONSTRAINT; Schema: public; Owner: madmin
--

ALTER TABLE ONLY public.costeos_costeo
    ADD CONSTRAINT costeos_costeo_pkey PRIMARY KEY (id);


--
-- Name: costeos_manufacturagastoindirecto costeos_manufacturagastoindirecto_pkey; Type: CONSTRAINT; Schema: public; Owner: madmin
--

ALTER TABLE ONLY public.costeos_manufacturagastoindirecto
    ADD CONSTRAINT costeos_manufacturagastoindirecto_pkey PRIMARY KEY (id);


--
-- Name: costeos_manufacturamanoobra costeos_manufacturamanoobra_pkey; Type: CONSTRAINT; Schema: public; Owner: madmin
--

ALTER TABLE ONLY public.costeos_manufacturamanoobra
    ADD CONSTRAINT costeos_manufacturamanoobra_pkey PRIMARY KEY (id);


--
-- Name: costeos_manufacturamateriaprima costeos_manufacturamateriaprima_pkey; Type: CONSTRAINT; Schema: public; Owner: madmin
--

ALTER TABLE ONLY public.costeos_manufacturamateriaprima
    ADD CONSTRAINT costeos_manufacturamateriaprima_pkey PRIMARY KEY (id);


--
-- Name: costeos_serviciomaterial costeos_serviciomaterial_pkey; Type: CONSTRAINT; Schema: public; Owner: madmin
--

ALTER TABLE ONLY public.costeos_serviciomaterial
    ADD CONSTRAINT costeos_serviciomaterial_pkey PRIMARY KEY (id);


--
-- Name: costeos_serviciopersonal costeos_serviciopersonal_pkey; Type: CONSTRAINT; Schema: public; Owner: madmin
--

ALTER TABLE ONLY public.costeos_serviciopersonal
    ADD CONSTRAINT costeos_serviciopersonal_pkey PRIMARY KEY (id);


--
-- Name: cotizaciones_cotizacion cotizaciones_cotizacion_pkey; Type: CONSTRAINT; Schema: public; Owner: madmin
--

ALTER TABLE ONLY public.cotizaciones_cotizacion
    ADD CONSTRAINT cotizaciones_cotizacion_pkey PRIMARY KEY (id);


--
-- Name: cotizaciones_detallecotizacion cotizaciones_detallecotizacion_pkey; Type: CONSTRAINT; Schema: public; Owner: madmin
--

ALTER TABLE ONLY public.cotizaciones_detallecotizacion
    ADD CONSTRAINT cotizaciones_detallecotizacion_pkey PRIMARY KEY (id);


--
-- Name: django_admin_log django_admin_log_pkey; Type: CONSTRAINT; Schema: public; Owner: madmin
--

ALTER TABLE ONLY public.django_admin_log
    ADD CONSTRAINT django_admin_log_pkey PRIMARY KEY (id);


--
-- Name: django_content_type django_content_type_app_label_model_76bd3d3b_uniq; Type: CONSTRAINT; Schema: public; Owner: madmin
--

ALTER TABLE ONLY public.django_content_type
    ADD CONSTRAINT django_content_type_app_label_model_76bd3d3b_uniq UNIQUE (app_label, model);


--
-- Name: django_content_type django_content_type_pkey; Type: CONSTRAINT; Schema: public; Owner: madmin
--

ALTER TABLE ONLY public.django_content_type
    ADD CONSTRAINT django_content_type_pkey PRIMARY KEY (id);


--
-- Name: django_migrations django_migrations_pkey; Type: CONSTRAINT; Schema: public; Owner: madmin
--

ALTER TABLE ONLY public.django_migrations
    ADD CONSTRAINT django_migrations_pkey PRIMARY KEY (id);


--
-- Name: django_session django_session_pkey; Type: CONSTRAINT; Schema: public; Owner: madmin
--

ALTER TABLE ONLY public.django_session
    ADD CONSTRAINT django_session_pkey PRIMARY KEY (session_key);


--
-- Name: notificaciones_notificacion notificaciones_notificacion_pkey; Type: CONSTRAINT; Schema: public; Owner: madmin
--

ALTER TABLE ONLY public.notificaciones_notificacion
    ADD CONSTRAINT notificaciones_notificacion_pkey PRIMARY KEY (id);


--
-- Name: panel_empresa panel_empresa_pkey; Type: CONSTRAINT; Schema: public; Owner: madmin
--

ALTER TABLE ONLY public.panel_empresa
    ADD CONSTRAINT panel_empresa_pkey PRIMARY KEY (id);


--
-- Name: panel_empresa panel_empresa_subdominio_key; Type: CONSTRAINT; Schema: public; Owner: madmin
--

ALTER TABLE ONLY public.panel_empresa
    ADD CONSTRAINT panel_empresa_subdominio_key UNIQUE (subdominio);


--
-- Name: pedidos_detallepedido pedidos_detallepedido_pkey; Type: CONSTRAINT; Schema: public; Owner: madmin
--

ALTER TABLE ONLY public.pedidos_detallepedido
    ADD CONSTRAINT pedidos_detallepedido_pkey PRIMARY KEY (id);


--
-- Name: pedidos_pedido pedidos_pedido_pkey; Type: CONSTRAINT; Schema: public; Owner: madmin
--

ALTER TABLE ONLY public.pedidos_pedido
    ADD CONSTRAINT pedidos_pedido_pkey PRIMARY KEY (id);


--
-- Name: preferencias_asignacionrolusuario preferencias_asignacionr_usuario_id_empresa_id_0b622f37_uniq; Type: CONSTRAINT; Schema: public; Owner: madmin
--

ALTER TABLE ONLY public.preferencias_asignacionrolusuario
    ADD CONSTRAINT preferencias_asignacionr_usuario_id_empresa_id_0b622f37_uniq UNIQUE (usuario_id, empresa_id);


--
-- Name: preferencias_asignacionrolusuario preferencias_asignacionrolusuario_pkey; Type: CONSTRAINT; Schema: public; Owner: madmin
--

ALTER TABLE ONLY public.preferencias_asignacionrolusuario
    ADD CONSTRAINT preferencias_asignacionrolusuario_pkey PRIMARY KEY (id);


--
-- Name: preferencias_moneda preferencias_moneda_pkey; Type: CONSTRAINT; Schema: public; Owner: madmin
--

ALTER TABLE ONLY public.preferencias_moneda
    ADD CONSTRAINT preferencias_moneda_pkey PRIMARY KEY (id);


--
-- Name: preferencias_permisorolaccion preferencias_permisorola_rol_id_area_submodulo_ac_c6500df2_uniq; Type: CONSTRAINT; Schema: public; Owner: madmin
--

ALTER TABLE ONLY public.preferencias_permisorolaccion
    ADD CONSTRAINT preferencias_permisorola_rol_id_area_submodulo_ac_c6500df2_uniq UNIQUE (rol_id, area, submodulo, accion);


--
-- Name: preferencias_permisorolaccion preferencias_permisorolaccion_pkey; Type: CONSTRAINT; Schema: public; Owner: madmin
--

ALTER TABLE ONLY public.preferencias_permisorolaccion
    ADD CONSTRAINT preferencias_permisorolaccion_pkey PRIMARY KEY (id);


--
-- Name: preferencias_permisorolmodulo preferencias_permisorolmodulo_pkey; Type: CONSTRAINT; Schema: public; Owner: madmin
--

ALTER TABLE ONLY public.preferencias_permisorolmodulo
    ADD CONSTRAINT preferencias_permisorolmodulo_pkey PRIMARY KEY (id);


--
-- Name: preferencias_permisorolmodulo preferencias_permisorolmodulo_rol_id_modulo_9e139082_uniq; Type: CONSTRAINT; Schema: public; Owner: madmin
--

ALTER TABLE ONLY public.preferencias_permisorolmodulo
    ADD CONSTRAINT preferencias_permisorolmodulo_rol_id_modulo_9e139082_uniq UNIQUE (rol_id, modulo);


--
-- Name: preferencias_rol preferencias_rol_empresa_id_nombre_8f615756_uniq; Type: CONSTRAINT; Schema: public; Owner: madmin
--

ALTER TABLE ONLY public.preferencias_rol
    ADD CONSTRAINT preferencias_rol_empresa_id_nombre_8f615756_uniq UNIQUE (empresa_id, nombre);


--
-- Name: preferencias_rol preferencias_rol_pkey; Type: CONSTRAINT; Schema: public; Owner: madmin
--

ALTER TABLE ONLY public.preferencias_rol
    ADD CONSTRAINT preferencias_rol_pkey PRIMARY KEY (id);


--
-- Name: preferencias_sucursal preferencias_sucursal_pkey; Type: CONSTRAINT; Schema: public; Owner: madmin
--

ALTER TABLE ONLY public.preferencias_sucursal
    ADD CONSTRAINT preferencias_sucursal_pkey PRIMARY KEY (id);


--
-- Name: produccion_detalleordenproduccion produccion_detalleordenproduccion_pkey; Type: CONSTRAINT; Schema: public; Owner: madmin
--

ALTER TABLE ONLY public.produccion_detalleordenproduccion
    ADD CONSTRAINT produccion_detalleordenproduccion_pkey PRIMARY KEY (id);


--
-- Name: produccion_itemtest produccion_itemtest_pkey; Type: CONSTRAINT; Schema: public; Owner: madmin
--

ALTER TABLE ONLY public.produccion_itemtest
    ADD CONSTRAINT produccion_itemtest_pkey PRIMARY KEY (id);


--
-- Name: produccion_ordenproduccion produccion_ordenproduccion_pkey; Type: CONSTRAINT; Schema: public; Owner: madmin
--

ALTER TABLE ONLY public.produccion_ordenproduccion
    ADD CONSTRAINT produccion_ordenproduccion_pkey PRIMARY KEY (id);


--
-- Name: produccion_resultadotestop produccion_resultadotest_orden_produccion_id_item_ea555aa8_uniq; Type: CONSTRAINT; Schema: public; Owner: madmin
--

ALTER TABLE ONLY public.produccion_resultadotestop
    ADD CONSTRAINT produccion_resultadotest_orden_produccion_id_item_ea555aa8_uniq UNIQUE (orden_produccion_id, item_test_id);


--
-- Name: produccion_resultadotestop produccion_resultadotestop_pkey; Type: CONSTRAINT; Schema: public; Owner: madmin
--

ALTER TABLE ONLY public.produccion_resultadotestop
    ADD CONSTRAINT produccion_resultadotestop_pkey PRIMARY KEY (id);


--
-- Name: produccion_test produccion_test_pkey; Type: CONSTRAINT; Schema: public; Owner: madmin
--

ALTER TABLE ONLY public.produccion_test
    ADD CONSTRAINT produccion_test_pkey PRIMARY KEY (id);


--
-- Name: proveedores_proveedor proveedores_proveedor_pkey; Type: CONSTRAINT; Schema: public; Owner: madmin
--

ALTER TABLE ONLY public.proveedores_proveedor
    ADD CONSTRAINT proveedores_proveedor_pkey PRIMARY KEY (id);


--
-- Name: proveedores_proveedor proveedores_proveedor_rfc_key; Type: CONSTRAINT; Schema: public; Owner: madmin
--

ALTER TABLE ONLY public.proveedores_proveedor
    ADD CONSTRAINT proveedores_proveedor_rfc_key UNIQUE (rfc);


--
-- Name: proveedores_sucursalproveedor proveedores_sucursalproveedor_pkey; Type: CONSTRAINT; Schema: public; Owner: madmin
--

ALTER TABLE ONLY public.proveedores_sucursalproveedor
    ADD CONSTRAINT proveedores_sucursalproveedor_pkey PRIMARY KEY (id);


--
-- Name: recepciones_detallerecepcion recepciones_detallerecepcion_pkey; Type: CONSTRAINT; Schema: public; Owner: madmin
--

ALTER TABLE ONLY public.recepciones_detallerecepcion
    ADD CONSTRAINT recepciones_detallerecepcion_pkey PRIMARY KEY (id);


--
-- Name: recepciones_detallerecepcionextra recepciones_detallerecepcionextra_pkey; Type: CONSTRAINT; Schema: public; Owner: madmin
--

ALTER TABLE ONLY public.recepciones_detallerecepcionextra
    ADD CONSTRAINT recepciones_detallerecepcionextra_pkey PRIMARY KEY (id);


--
-- Name: recepciones_recepcion recepciones_recepcion_pkey; Type: CONSTRAINT; Schema: public; Owner: madmin
--

ALTER TABLE ONLY public.recepciones_recepcion
    ADD CONSTRAINT recepciones_recepcion_pkey PRIMARY KEY (id);


--
-- Name: recursos_humanos_beneficiario recursos_humanos_beneficiario_pkey; Type: CONSTRAINT; Schema: public; Owner: madmin
--

ALTER TABLE ONLY public.recursos_humanos_beneficiario
    ADD CONSTRAINT recursos_humanos_beneficiario_pkey PRIMARY KEY (id);


--
-- Name: recursos_humanos_contrato_empleados recursos_humanos_contrat_contrato_id_empleado_id_67407afc_uniq; Type: CONSTRAINT; Schema: public; Owner: madmin
--

ALTER TABLE ONLY public.recursos_humanos_contrato_empleados
    ADD CONSTRAINT recursos_humanos_contrat_contrato_id_empleado_id_67407afc_uniq UNIQUE (contrato_id, empleado_id);


--
-- Name: recursos_humanos_contratista recursos_humanos_contratista_pkey; Type: CONSTRAINT; Schema: public; Owner: madmin
--

ALTER TABLE ONLY public.recursos_humanos_contratista
    ADD CONSTRAINT recursos_humanos_contratista_pkey PRIMARY KEY (id);


--
-- Name: recursos_humanos_contrato_empleados recursos_humanos_contrato_empleados_pkey; Type: CONSTRAINT; Schema: public; Owner: madmin
--

ALTER TABLE ONLY public.recursos_humanos_contrato_empleados
    ADD CONSTRAINT recursos_humanos_contrato_empleados_pkey PRIMARY KEY (id);


--
-- Name: recursos_humanos_contrato recursos_humanos_contrato_pkey; Type: CONSTRAINT; Schema: public; Owner: madmin
--

ALTER TABLE ONLY public.recursos_humanos_contrato
    ADD CONSTRAINT recursos_humanos_contrato_pkey PRIMARY KEY (id);


--
-- Name: recursos_humanos_empleado recursos_humanos_empleado_pkey; Type: CONSTRAINT; Schema: public; Owner: madmin
--

ALTER TABLE ONLY public.recursos_humanos_empleado
    ADD CONSTRAINT recursos_humanos_empleado_pkey PRIMARY KEY (id);


--
-- Name: recursos_humanos_importacionsua recursos_humanos_importacionsua_pkey; Type: CONSTRAINT; Schema: public; Owner: madmin
--

ALTER TABLE ONLY public.recursos_humanos_importacionsua
    ADD CONSTRAINT recursos_humanos_importacionsua_pkey PRIMARY KEY (id);


--
-- Name: recursos_humanos_nomina recursos_humanos_nomina_pkey; Type: CONSTRAINT; Schema: public; Owner: madmin
--

ALTER TABLE ONLY public.recursos_humanos_nomina
    ADD CONSTRAINT recursos_humanos_nomina_pkey PRIMARY KEY (id);


--
-- Name: recursos_humanos_trabajadorsua recursos_humanos_trabajadorsua_pkey; Type: CONSTRAINT; Schema: public; Owner: madmin
--

ALTER TABLE ONLY public.recursos_humanos_trabajadorsua
    ADD CONSTRAINT recursos_humanos_trabajadorsua_pkey PRIMARY KEY (id);


--
-- Name: solicitudcompras_detallesolicitudcompra solicitudcompras_detallesolicitudcompra_pkey; Type: CONSTRAINT; Schema: public; Owner: madmin
--

ALTER TABLE ONLY public.solicitudcompras_detallesolicitudcompra
    ADD CONSTRAINT solicitudcompras_detallesolicitudcompra_pkey PRIMARY KEY (id);


--
-- Name: solicitudcompras_solicitudcompra solicitudcompras_solicitudcompra_pkey; Type: CONSTRAINT; Schema: public; Owner: madmin
--

ALTER TABLE ONLY public.solicitudcompras_solicitudcompra
    ADD CONSTRAINT solicitudcompras_solicitudcompra_pkey PRIMARY KEY (id);


--
-- Name: tesoreria_cajabanco tesoreria_cajabanco_pkey; Type: CONSTRAINT; Schema: public; Owner: madmin
--

ALTER TABLE ONLY public.tesoreria_cajabanco
    ADD CONSTRAINT tesoreria_cajabanco_pkey PRIMARY KEY (id);


--
-- Name: tesoreria_egreso tesoreria_egreso_pago_compra_id_key; Type: CONSTRAINT; Schema: public; Owner: madmin
--

ALTER TABLE ONLY public.tesoreria_egreso
    ADD CONSTRAINT tesoreria_egreso_pago_compra_id_key UNIQUE (pago_compra_id);


--
-- Name: tesoreria_egreso tesoreria_egreso_pkey; Type: CONSTRAINT; Schema: public; Owner: madmin
--

ALTER TABLE ONLY public.tesoreria_egreso
    ADD CONSTRAINT tesoreria_egreso_pkey PRIMARY KEY (id);


--
-- Name: tesoreria_ingreso tesoreria_ingreso_pago_pedido_id_key; Type: CONSTRAINT; Schema: public; Owner: madmin
--

ALTER TABLE ONLY public.tesoreria_ingreso
    ADD CONSTRAINT tesoreria_ingreso_pago_pedido_id_key UNIQUE (pago_pedido_id);


--
-- Name: tesoreria_ingreso tesoreria_ingreso_pkey; Type: CONSTRAINT; Schema: public; Owner: madmin
--

ALTER TABLE ONLY public.tesoreria_ingreso
    ADD CONSTRAINT tesoreria_ingreso_pkey PRIMARY KEY (id);


--
-- Name: tesoreria_pagocompra tesoreria_pagocompra_pkey; Type: CONSTRAINT; Schema: public; Owner: madmin
--

ALTER TABLE ONLY public.tesoreria_pagocompra
    ADD CONSTRAINT tesoreria_pagocompra_pkey PRIMARY KEY (id);


--
-- Name: tesoreria_pagopedido tesoreria_pagopedido_pkey; Type: CONSTRAINT; Schema: public; Owner: madmin
--

ALTER TABLE ONLY public.tesoreria_pagopedido
    ADD CONSTRAINT tesoreria_pagopedido_pkey PRIMARY KEY (id);


--
-- Name: ventas_detalleordenventa ventas_detalleordenventa_pkey; Type: CONSTRAINT; Schema: public; Owner: madmin
--

ALTER TABLE ONLY public.ventas_detalleordenventa
    ADD CONSTRAINT ventas_detalleordenventa_pkey PRIMARY KEY (id);


--
-- Name: ventas_ordenventa ventas_ordenventa_pkey; Type: CONSTRAINT; Schema: public; Owner: madmin
--

ALTER TABLE ONLY public.ventas_ordenventa
    ADD CONSTRAINT ventas_ordenventa_pkey PRIMARY KEY (id);


--
-- Name: actividades_actividad_cliente_id_31dd4638; Type: INDEX; Schema: public; Owner: madmin
--

CREATE INDEX actividades_actividad_cliente_id_31dd4638 ON public.actividades_actividad USING btree (cliente_id);


--
-- Name: actividades_actividad_contacto_id_d0291271; Type: INDEX; Schema: public; Owner: madmin
--

CREATE INDEX actividades_actividad_contacto_id_d0291271 ON public.actividades_actividad USING btree (contacto_id);


--
-- Name: actividades_actividad_cotizacion_id_f6475c97; Type: INDEX; Schema: public; Owner: madmin
--

CREATE INDEX actividades_actividad_cotizacion_id_f6475c97 ON public.actividades_actividad USING btree (cotizacion_id);


--
-- Name: actividades_actividad_empresa_id_d6c1b71a; Type: INDEX; Schema: public; Owner: madmin
--

CREATE INDEX actividades_actividad_empresa_id_d6c1b71a ON public.actividades_actividad USING btree (empresa_id);


--
-- Name: actividades_actividad_sucursal_id_514349f7; Type: INDEX; Schema: public; Owner: madmin
--

CREATE INDEX actividades_actividad_sucursal_id_514349f7 ON public.actividades_actividad USING btree (sucursal_id);


--
-- Name: almacenes_almacen_empresa_id_5b652cc0; Type: INDEX; Schema: public; Owner: madmin
--

CREATE INDEX almacenes_almacen_empresa_id_5b652cc0 ON public.almacenes_almacen USING btree (empresa_id);


--
-- Name: almacenes_almacen_sucursal_id_93d395bc; Type: INDEX; Schema: public; Owner: madmin
--

CREATE INDEX almacenes_almacen_sucursal_id_93d395bc ON public.almacenes_almacen USING btree (sucursal_id);


--
-- Name: almacenes_inventario_almacen_id_c69f237c; Type: INDEX; Schema: public; Owner: madmin
--

CREATE INDEX almacenes_inventario_almacen_id_c69f237c ON public.almacenes_inventario USING btree (almacen_id);


--
-- Name: almacenes_inventario_empresa_id_06242eac; Type: INDEX; Schema: public; Owner: madmin
--

CREATE INDEX almacenes_inventario_empresa_id_06242eac ON public.almacenes_inventario USING btree (empresa_id);


--
-- Name: almacenes_inventario_producto_id_c2b420e0; Type: INDEX; Schema: public; Owner: madmin
--

CREATE INDEX almacenes_inventario_producto_id_c2b420e0 ON public.almacenes_inventario USING btree (producto_id);


--
-- Name: almacenes_inventario_sucursal_id_ced5111b; Type: INDEX; Schema: public; Owner: madmin
--

CREATE INDEX almacenes_inventario_sucursal_id_ced5111b ON public.almacenes_inventario USING btree (sucursal_id);


--
-- Name: almacenes_kardex_almacen_id_7d839ce9; Type: INDEX; Schema: public; Owner: madmin
--

CREATE INDEX almacenes_kardex_almacen_id_7d839ce9 ON public.almacenes_kardex USING btree (almacen_id);


--
-- Name: almacenes_kardex_empresa_id_8a87d26f; Type: INDEX; Schema: public; Owner: madmin
--

CREATE INDEX almacenes_kardex_empresa_id_8a87d26f ON public.almacenes_kardex USING btree (empresa_id);


--
-- Name: almacenes_kardex_producto_id_df4332ce; Type: INDEX; Schema: public; Owner: madmin
--

CREATE INDEX almacenes_kardex_producto_id_df4332ce ON public.almacenes_kardex USING btree (producto_id);


--
-- Name: almacenes_kardex_sucursal_id_bcea0fc6; Type: INDEX; Schema: public; Owner: madmin
--

CREATE INDEX almacenes_kardex_sucursal_id_bcea0fc6 ON public.almacenes_kardex USING btree (sucursal_id);


--
-- Name: almacenes_kardex_usuario_id_9c0bc3a1; Type: INDEX; Schema: public; Owner: madmin
--

CREATE INDEX almacenes_kardex_usuario_id_9c0bc3a1 ON public.almacenes_kardex USING btree (usuario_id);


--
-- Name: auth_group_name_a6ea08ec_like; Type: INDEX; Schema: public; Owner: madmin
--

CREATE INDEX auth_group_name_a6ea08ec_like ON public.auth_group USING btree (name varchar_pattern_ops);


--
-- Name: auth_group_permissions_group_id_b120cbf9; Type: INDEX; Schema: public; Owner: madmin
--

CREATE INDEX auth_group_permissions_group_id_b120cbf9 ON public.auth_group_permissions USING btree (group_id);


--
-- Name: auth_group_permissions_permission_id_84c5c92e; Type: INDEX; Schema: public; Owner: madmin
--

CREATE INDEX auth_group_permissions_permission_id_84c5c92e ON public.auth_group_permissions USING btree (permission_id);


--
-- Name: auth_permission_content_type_id_2f476e4b; Type: INDEX; Schema: public; Owner: madmin
--

CREATE INDEX auth_permission_content_type_id_2f476e4b ON public.auth_permission USING btree (content_type_id);


--
-- Name: auth_user_groups_group_id_97559544; Type: INDEX; Schema: public; Owner: madmin
--

CREATE INDEX auth_user_groups_group_id_97559544 ON public.auth_user_groups USING btree (group_id);


--
-- Name: auth_user_groups_user_id_6a12ed8b; Type: INDEX; Schema: public; Owner: madmin
--

CREATE INDEX auth_user_groups_user_id_6a12ed8b ON public.auth_user_groups USING btree (user_id);


--
-- Name: auth_user_user_permissions_permission_id_1fbb5f2c; Type: INDEX; Schema: public; Owner: madmin
--

CREATE INDEX auth_user_user_permissions_permission_id_1fbb5f2c ON public.auth_user_user_permissions USING btree (permission_id);


--
-- Name: auth_user_user_permissions_user_id_a95ead1b; Type: INDEX; Schema: public; Owner: madmin
--

CREATE INDEX auth_user_user_permissions_user_id_a95ead1b ON public.auth_user_user_permissions USING btree (user_id);


--
-- Name: auth_user_username_6821ab7c_like; Type: INDEX; Schema: public; Owner: madmin
--

CREATE INDEX auth_user_username_6821ab7c_like ON public.auth_user USING btree (username varchar_pattern_ops);


--
-- Name: categorias_categoria_empresa_id_f67784ba; Type: INDEX; Schema: public; Owner: madmin
--

CREATE INDEX categorias_categoria_empresa_id_f67784ba ON public.categorias_categoria USING btree (empresa_id);


--
-- Name: categorias_listapreciocosto_empresa_id_be6b0b37; Type: INDEX; Schema: public; Owner: madmin
--

CREATE INDEX categorias_listapreciocosto_empresa_id_be6b0b37 ON public.categorias_listapreciocosto USING btree (empresa_id);


--
-- Name: categorias_subcategoria_categoria_id_ff5e0ea4; Type: INDEX; Schema: public; Owner: madmin
--

CREATE INDEX categorias_subcategoria_categoria_id_ff5e0ea4 ON public.categorias_subcategoria USING btree (categoria_id);


--
-- Name: categorias_subcategoria_empresa_id_10304328; Type: INDEX; Schema: public; Owner: madmin
--

CREATE INDEX categorias_subcategoria_empresa_id_10304328 ON public.categorias_subcategoria USING btree (empresa_id);


--
-- Name: clientes_cliente_empresa_id_6e2597e2; Type: INDEX; Schema: public; Owner: madmin
--

CREATE INDEX clientes_cliente_empresa_id_6e2597e2 ON public.clientes_cliente USING btree (empresa_id);


--
-- Name: clientes_contactocliente_cliente_id_3e846666; Type: INDEX; Schema: public; Owner: madmin
--

CREATE INDEX clientes_contactocliente_cliente_id_3e846666 ON public.clientes_contactocliente USING btree (cliente_id);


--
-- Name: compras_detallecompra_detalle_pedido_origen_id_1c1ae1bb; Type: INDEX; Schema: public; Owner: madmin
--

CREATE INDEX compras_detallecompra_detalle_pedido_origen_id_1c1ae1bb ON public.compras_detallecompra USING btree (detalle_pedido_origen_id);


--
-- Name: compras_detallecompra_orden_compra_id_c71cd0a9; Type: INDEX; Schema: public; Owner: madmin
--

CREATE INDEX compras_detallecompra_orden_compra_id_c71cd0a9 ON public.compras_detallecompra USING btree (orden_compra_id);


--
-- Name: compras_detallecompra_producto_id_38c7f9c4; Type: INDEX; Schema: public; Owner: madmin
--

CREATE INDEX compras_detallecompra_producto_id_38c7f9c4 ON public.compras_detallecompra USING btree (producto_id);


--
-- Name: compras_ordencompra_almacen_destino_id_af61e399; Type: INDEX; Schema: public; Owner: madmin
--

CREATE INDEX compras_ordencompra_almacen_destino_id_af61e399 ON public.compras_ordencompra USING btree (almacen_destino_id);


--
-- Name: compras_ordencompra_empresa_id_5c4630d8; Type: INDEX; Schema: public; Owner: madmin
--

CREATE INDEX compras_ordencompra_empresa_id_5c4630d8 ON public.compras_ordencompra USING btree (empresa_id);


--
-- Name: compras_ordencompra_moneda_id_30388668; Type: INDEX; Schema: public; Owner: madmin
--

CREATE INDEX compras_ordencompra_moneda_id_30388668 ON public.compras_ordencompra USING btree (moneda_id);


--
-- Name: compras_ordencompra_proveedor_id_c42e35e1; Type: INDEX; Schema: public; Owner: madmin
--

CREATE INDEX compras_ordencompra_proveedor_id_c42e35e1 ON public.compras_ordencompra USING btree (proveedor_id);


--
-- Name: compras_ordencompra_solicitud_origen_id_d32bb95e; Type: INDEX; Schema: public; Owner: madmin
--

CREATE INDEX compras_ordencompra_solicitud_origen_id_d32bb95e ON public.compras_ordencompra USING btree (solicitud_origen_id);


--
-- Name: compras_ordencompra_sucursal_empresa_id_4299d49a; Type: INDEX; Schema: public; Owner: madmin
--

CREATE INDEX compras_ordencompra_sucursal_empresa_id_4299d49a ON public.compras_ordencompra USING btree (sucursal_empresa_id);


--
-- Name: compras_ordencompra_sucursal_id_06005950; Type: INDEX; Schema: public; Owner: madmin
--

CREATE INDEX compras_ordencompra_sucursal_id_06005950 ON public.compras_ordencompra USING btree (sucursal_id);


--
-- Name: compras_ordencompra_usuario_id_a2084c63; Type: INDEX; Schema: public; Owner: madmin
--

CREATE INDEX compras_ordencompra_usuario_id_a2084c63 ON public.compras_ordencompra USING btree (usuario_id);


--
-- Name: core_categoria_empresa_id_44437a59; Type: INDEX; Schema: public; Owner: madmin
--

CREATE INDEX core_categoria_empresa_id_44437a59 ON public.core_categoria USING btree (empresa_id);


--
-- Name: core_detallereceta_componente_id_ba974177; Type: INDEX; Schema: public; Owner: madmin
--

CREATE INDEX core_detallereceta_componente_id_ba974177 ON public.core_detallereceta USING btree (componente_id);


--
-- Name: core_detallereceta_producto_padre_id_3a9c3cfd; Type: INDEX; Schema: public; Owner: madmin
--

CREATE INDEX core_detallereceta_producto_padre_id_3a9c3cfd ON public.core_detallereceta USING btree (producto_padre_id);


--
-- Name: core_producto_empresa_id_efa7546e; Type: INDEX; Schema: public; Owner: madmin
--

CREATE INDEX core_producto_empresa_id_efa7546e ON public.core_producto USING btree (empresa_id);


--
-- Name: core_producto_test_calidad_id_29569fed; Type: INDEX; Schema: public; Owner: madmin
--

CREATE INDEX core_producto_test_calidad_id_29569fed ON public.core_producto USING btree (test_calidad_id);


--
-- Name: core_transaccion_almacen_id_0ccca5c8; Type: INDEX; Schema: public; Owner: madmin
--

CREATE INDEX core_transaccion_almacen_id_0ccca5c8 ON public.core_transaccion USING btree (almacen_id);


--
-- Name: core_transaccion_empresa_id_fdeef44c; Type: INDEX; Schema: public; Owner: madmin
--

CREATE INDEX core_transaccion_empresa_id_fdeef44c ON public.core_transaccion USING btree (empresa_id);


--
-- Name: core_transaccion_producto_id_3c4d4be3; Type: INDEX; Schema: public; Owner: madmin
--

CREATE INDEX core_transaccion_producto_id_3c4d4be3 ON public.core_transaccion USING btree (producto_id);


--
-- Name: core_transaccion_proveedor_id_6c6254bb; Type: INDEX; Schema: public; Owner: madmin
--

CREATE INDEX core_transaccion_proveedor_id_6c6254bb ON public.core_transaccion USING btree (proveedor_id);


--
-- Name: costeos_comercioadquisicion_costeo_id_95b4726f; Type: INDEX; Schema: public; Owner: madmin
--

CREATE INDEX costeos_comercioadquisicion_costeo_id_95b4726f ON public.costeos_comercioadquisicion USING btree (costeo_id);


--
-- Name: costeos_comercioadquisicion_moneda_id_f34384eb; Type: INDEX; Schema: public; Owner: madmin
--

CREATE INDEX costeos_comercioadquisicion_moneda_id_f34384eb ON public.costeos_comercioadquisicion USING btree (moneda_id);


--
-- Name: costeos_costeo_duplicado_de_id_9a997f85; Type: INDEX; Schema: public; Owner: madmin
--

CREATE INDEX costeos_costeo_duplicado_de_id_9a997f85 ON public.costeos_costeo USING btree (duplicado_de_id);


--
-- Name: costeos_costeo_empresa_id_1e438914; Type: INDEX; Schema: public; Owner: madmin
--

CREATE INDEX costeos_costeo_empresa_id_1e438914 ON public.costeos_costeo USING btree (empresa_id);


--
-- Name: costeos_costeo_sucursal_id_b7dd6c96; Type: INDEX; Schema: public; Owner: madmin
--

CREATE INDEX costeos_costeo_sucursal_id_b7dd6c96 ON public.costeos_costeo USING btree (sucursal_id);


--
-- Name: costeos_costeo_vendedor_id_7f898050; Type: INDEX; Schema: public; Owner: madmin
--

CREATE INDEX costeos_costeo_vendedor_id_7f898050 ON public.costeos_costeo USING btree (vendedor_id);


--
-- Name: costeos_manufacturagastoindirecto_costeo_id_6e8f5bd1; Type: INDEX; Schema: public; Owner: madmin
--

CREATE INDEX costeos_manufacturagastoindirecto_costeo_id_6e8f5bd1 ON public.costeos_manufacturagastoindirecto USING btree (costeo_id);


--
-- Name: costeos_manufacturagastoindirecto_moneda_id_3b62953e; Type: INDEX; Schema: public; Owner: madmin
--

CREATE INDEX costeos_manufacturagastoindirecto_moneda_id_3b62953e ON public.costeos_manufacturagastoindirecto USING btree (moneda_id);


--
-- Name: costeos_manufacturamanoobra_costeo_id_430ced81; Type: INDEX; Schema: public; Owner: madmin
--

CREATE INDEX costeos_manufacturamanoobra_costeo_id_430ced81 ON public.costeos_manufacturamanoobra USING btree (costeo_id);


--
-- Name: costeos_manufacturamanoobra_moneda_id_8737b8e0; Type: INDEX; Schema: public; Owner: madmin
--

CREATE INDEX costeos_manufacturamanoobra_moneda_id_8737b8e0 ON public.costeos_manufacturamanoobra USING btree (moneda_id);


--
-- Name: costeos_manufacturamateriaprima_costeo_id_f832c0c2; Type: INDEX; Schema: public; Owner: madmin
--

CREATE INDEX costeos_manufacturamateriaprima_costeo_id_f832c0c2 ON public.costeos_manufacturamateriaprima USING btree (costeo_id);


--
-- Name: costeos_manufacturamateriaprima_moneda_id_a87d8b0e; Type: INDEX; Schema: public; Owner: madmin
--

CREATE INDEX costeos_manufacturamateriaprima_moneda_id_a87d8b0e ON public.costeos_manufacturamateriaprima USING btree (moneda_id);


--
-- Name: costeos_serviciomaterial_costeo_id_e283311f; Type: INDEX; Schema: public; Owner: madmin
--

CREATE INDEX costeos_serviciomaterial_costeo_id_e283311f ON public.costeos_serviciomaterial USING btree (costeo_id);


--
-- Name: costeos_serviciomaterial_moneda_id_7d8796c9; Type: INDEX; Schema: public; Owner: madmin
--

CREATE INDEX costeos_serviciomaterial_moneda_id_7d8796c9 ON public.costeos_serviciomaterial USING btree (moneda_id);


--
-- Name: costeos_serviciopersonal_costeo_id_1d3b42c9; Type: INDEX; Schema: public; Owner: madmin
--

CREATE INDEX costeos_serviciopersonal_costeo_id_1d3b42c9 ON public.costeos_serviciopersonal USING btree (costeo_id);


--
-- Name: costeos_serviciopersonal_moneda_id_d9ce650a; Type: INDEX; Schema: public; Owner: madmin
--

CREATE INDEX costeos_serviciopersonal_moneda_id_d9ce650a ON public.costeos_serviciopersonal USING btree (moneda_id);


--
-- Name: cotizaciones_cotizacion_cliente_id_c6e3d6c6; Type: INDEX; Schema: public; Owner: madmin
--

CREATE INDEX cotizaciones_cotizacion_cliente_id_c6e3d6c6 ON public.cotizaciones_cotizacion USING btree (cliente_id);


--
-- Name: cotizaciones_cotizacion_contacto_id_1bca6174; Type: INDEX; Schema: public; Owner: madmin
--

CREATE INDEX cotizaciones_cotizacion_contacto_id_1bca6174 ON public.cotizaciones_cotizacion USING btree (contacto_id);


--
-- Name: cotizaciones_cotizacion_empresa_id_1c525708; Type: INDEX; Schema: public; Owner: madmin
--

CREATE INDEX cotizaciones_cotizacion_empresa_id_1c525708 ON public.cotizaciones_cotizacion USING btree (empresa_id);


--
-- Name: cotizaciones_cotizacion_parent_quote_id_701a433a; Type: INDEX; Schema: public; Owner: madmin
--

CREATE INDEX cotizaciones_cotizacion_parent_quote_id_701a433a ON public.cotizaciones_cotizacion USING btree (parent_quote_id);


--
-- Name: cotizaciones_cotizacion_sucursal_id_d9e37007; Type: INDEX; Schema: public; Owner: madmin
--

CREATE INDEX cotizaciones_cotizacion_sucursal_id_d9e37007 ON public.cotizaciones_cotizacion USING btree (sucursal_id);


--
-- Name: cotizaciones_cotizacion_vendedor_id_3685810f; Type: INDEX; Schema: public; Owner: madmin
--

CREATE INDEX cotizaciones_cotizacion_vendedor_id_3685810f ON public.cotizaciones_cotizacion USING btree (vendedor_id);


--
-- Name: cotizaciones_detallecotizacion_cotizacion_id_f5669320; Type: INDEX; Schema: public; Owner: madmin
--

CREATE INDEX cotizaciones_detallecotizacion_cotizacion_id_f5669320 ON public.cotizaciones_detallecotizacion USING btree (cotizacion_id);


--
-- Name: cotizaciones_detallecotizacion_producto_id_3b92b18b; Type: INDEX; Schema: public; Owner: madmin
--

CREATE INDEX cotizaciones_detallecotizacion_producto_id_3b92b18b ON public.cotizaciones_detallecotizacion USING btree (producto_id);


--
-- Name: django_admin_log_content_type_id_c4bce8eb; Type: INDEX; Schema: public; Owner: madmin
--

CREATE INDEX django_admin_log_content_type_id_c4bce8eb ON public.django_admin_log USING btree (content_type_id);


--
-- Name: django_admin_log_user_id_c564eba6; Type: INDEX; Schema: public; Owner: madmin
--

CREATE INDEX django_admin_log_user_id_c564eba6 ON public.django_admin_log USING btree (user_id);


--
-- Name: django_session_expire_date_a5c62663; Type: INDEX; Schema: public; Owner: madmin
--

CREATE INDEX django_session_expire_date_a5c62663 ON public.django_session USING btree (expire_date);


--
-- Name: django_session_session_key_c0390e0f_like; Type: INDEX; Schema: public; Owner: madmin
--

CREATE INDEX django_session_session_key_c0390e0f_like ON public.django_session USING btree (session_key varchar_pattern_ops);


--
-- Name: notificaciones_notificacion_actor_id_abf217ac; Type: INDEX; Schema: public; Owner: madmin
--

CREATE INDEX notificaciones_notificacion_actor_id_abf217ac ON public.notificaciones_notificacion USING btree (actor_id);


--
-- Name: notificaciones_notificacion_empresa_id_b40213dd; Type: INDEX; Schema: public; Owner: madmin
--

CREATE INDEX notificaciones_notificacion_empresa_id_b40213dd ON public.notificaciones_notificacion USING btree (empresa_id);


--
-- Name: notificaciones_notificacion_propietario_recurso_id_6a494a51; Type: INDEX; Schema: public; Owner: madmin
--

CREATE INDEX notificaciones_notificacion_propietario_recurso_id_6a494a51 ON public.notificaciones_notificacion USING btree (propietario_recurso_id);


--
-- Name: panel_empresa_subdominio_110b5b55_like; Type: INDEX; Schema: public; Owner: madmin
--

CREATE INDEX panel_empresa_subdominio_110b5b55_like ON public.panel_empresa USING btree (subdominio varchar_pattern_ops);


--
-- Name: pedidos_detallepedido_parent_line_id_469a0736; Type: INDEX; Schema: public; Owner: madmin
--

CREATE INDEX pedidos_detallepedido_parent_line_id_469a0736 ON public.pedidos_detallepedido USING btree (parent_line_id);


--
-- Name: pedidos_detallepedido_pedido_id_37ae55c6; Type: INDEX; Schema: public; Owner: madmin
--

CREATE INDEX pedidos_detallepedido_pedido_id_37ae55c6 ON public.pedidos_detallepedido USING btree (pedido_id);


--
-- Name: pedidos_detallepedido_producto_id_fb78018a; Type: INDEX; Schema: public; Owner: madmin
--

CREATE INDEX pedidos_detallepedido_producto_id_fb78018a ON public.pedidos_detallepedido USING btree (producto_id);


--
-- Name: pedidos_pedido_cliente_id_84f4fc73; Type: INDEX; Schema: public; Owner: madmin
--

CREATE INDEX pedidos_pedido_cliente_id_84f4fc73 ON public.pedidos_pedido USING btree (cliente_id);


--
-- Name: pedidos_pedido_contacto_id_2bf2a836; Type: INDEX; Schema: public; Owner: madmin
--

CREATE INDEX pedidos_pedido_contacto_id_2bf2a836 ON public.pedidos_pedido USING btree (contacto_id);


--
-- Name: pedidos_pedido_empresa_id_88ea251a; Type: INDEX; Schema: public; Owner: madmin
--

CREATE INDEX pedidos_pedido_empresa_id_88ea251a ON public.pedidos_pedido USING btree (empresa_id);


--
-- Name: pedidos_pedido_sucursal_id_83721f54; Type: INDEX; Schema: public; Owner: madmin
--

CREATE INDEX pedidos_pedido_sucursal_id_83721f54 ON public.pedidos_pedido USING btree (sucursal_id);


--
-- Name: pedidos_pedido_vendedor_id_1ab7404e; Type: INDEX; Schema: public; Owner: madmin
--

CREATE INDEX pedidos_pedido_vendedor_id_1ab7404e ON public.pedidos_pedido USING btree (vendedor_id);


--
-- Name: preferencias_asignacionrolusuario_empresa_id_903c4207; Type: INDEX; Schema: public; Owner: madmin
--

CREATE INDEX preferencias_asignacionrolusuario_empresa_id_903c4207 ON public.preferencias_asignacionrolusuario USING btree (empresa_id);


--
-- Name: preferencias_asignacionrolusuario_rol_id_37360050; Type: INDEX; Schema: public; Owner: madmin
--

CREATE INDEX preferencias_asignacionrolusuario_rol_id_37360050 ON public.preferencias_asignacionrolusuario USING btree (rol_id);


--
-- Name: preferencias_asignacionrolusuario_usuario_id_179e878b; Type: INDEX; Schema: public; Owner: madmin
--

CREATE INDEX preferencias_asignacionrolusuario_usuario_id_179e878b ON public.preferencias_asignacionrolusuario USING btree (usuario_id);


--
-- Name: preferencias_moneda_empresa_id_c30b6373; Type: INDEX; Schema: public; Owner: madmin
--

CREATE INDEX preferencias_moneda_empresa_id_c30b6373 ON public.preferencias_moneda USING btree (empresa_id);


--
-- Name: preferencias_moneda_responsable_id_4769389d; Type: INDEX; Schema: public; Owner: madmin
--

CREATE INDEX preferencias_moneda_responsable_id_4769389d ON public.preferencias_moneda USING btree (responsable_id);


--
-- Name: preferencias_permisorolaccion_rol_id_b14b8335; Type: INDEX; Schema: public; Owner: madmin
--

CREATE INDEX preferencias_permisorolaccion_rol_id_b14b8335 ON public.preferencias_permisorolaccion USING btree (rol_id);


--
-- Name: preferencias_permisorolmodulo_rol_id_581817ed; Type: INDEX; Schema: public; Owner: madmin
--

CREATE INDEX preferencias_permisorolmodulo_rol_id_581817ed ON public.preferencias_permisorolmodulo USING btree (rol_id);


--
-- Name: preferencias_rol_empresa_id_8c18f71d; Type: INDEX; Schema: public; Owner: madmin
--

CREATE INDEX preferencias_rol_empresa_id_8c18f71d ON public.preferencias_rol USING btree (empresa_id);


--
-- Name: preferencias_sucursal_empresa_id_ea1ff3e6; Type: INDEX; Schema: public; Owner: madmin
--

CREATE INDEX preferencias_sucursal_empresa_id_ea1ff3e6 ON public.preferencias_sucursal USING btree (empresa_id);


--
-- Name: produccion_detalleordenproduccion_orden_produccion_id_4d4b1050; Type: INDEX; Schema: public; Owner: madmin
--

CREATE INDEX produccion_detalleordenproduccion_orden_produccion_id_4d4b1050 ON public.produccion_detalleordenproduccion USING btree (orden_produccion_id);


--
-- Name: produccion_detalleordenproduccion_producto_id_8e507fa7; Type: INDEX; Schema: public; Owner: madmin
--

CREATE INDEX produccion_detalleordenproduccion_producto_id_8e507fa7 ON public.produccion_detalleordenproduccion USING btree (producto_id);


--
-- Name: produccion_itemtest_test_id_022b2c4b; Type: INDEX; Schema: public; Owner: madmin
--

CREATE INDEX produccion_itemtest_test_id_022b2c4b ON public.produccion_itemtest USING btree (test_id);


--
-- Name: produccion_ordenproduccion_almacen_id_b0ba0f18; Type: INDEX; Schema: public; Owner: madmin
--

CREATE INDEX produccion_ordenproduccion_almacen_id_b0ba0f18 ON public.produccion_ordenproduccion USING btree (almacen_id);


--
-- Name: produccion_ordenproduccion_almacen_materia_prima_id_9877dad2; Type: INDEX; Schema: public; Owner: madmin
--

CREATE INDEX produccion_ordenproduccion_almacen_materia_prima_id_9877dad2 ON public.produccion_ordenproduccion USING btree (almacen_materia_prima_id);


--
-- Name: produccion_ordenproduccion_cliente_id_8e2275d5; Type: INDEX; Schema: public; Owner: madmin
--

CREATE INDEX produccion_ordenproduccion_cliente_id_8e2275d5 ON public.produccion_ordenproduccion USING btree (cliente_id);


--
-- Name: produccion_ordenproduccion_empresa_id_1b09322c; Type: INDEX; Schema: public; Owner: madmin
--

CREATE INDEX produccion_ordenproduccion_empresa_id_1b09322c ON public.produccion_ordenproduccion USING btree (empresa_id);


--
-- Name: produccion_ordenproduccion_pedido_origen_id_a0f9a632; Type: INDEX; Schema: public; Owner: madmin
--

CREATE INDEX produccion_ordenproduccion_pedido_origen_id_a0f9a632 ON public.produccion_ordenproduccion USING btree (pedido_origen_id);


--
-- Name: produccion_ordenproduccion_producto_id_70da30a8; Type: INDEX; Schema: public; Owner: madmin
--

CREATE INDEX produccion_ordenproduccion_producto_id_70da30a8 ON public.produccion_ordenproduccion USING btree (producto_id);


--
-- Name: produccion_ordenproduccion_responsable_id_b3dcbd3c; Type: INDEX; Schema: public; Owner: madmin
--

CREATE INDEX produccion_ordenproduccion_responsable_id_b3dcbd3c ON public.produccion_ordenproduccion USING btree (responsable_id);


--
-- Name: produccion_ordenproduccion_solicitante_id_d8f9f349; Type: INDEX; Schema: public; Owner: madmin
--

CREATE INDEX produccion_ordenproduccion_solicitante_id_d8f9f349 ON public.produccion_ordenproduccion USING btree (solicitante_id);


--
-- Name: produccion_ordenproduccion_sucursal_id_22e7c2b1; Type: INDEX; Schema: public; Owner: madmin
--

CREATE INDEX produccion_ordenproduccion_sucursal_id_22e7c2b1 ON public.produccion_ordenproduccion USING btree (sucursal_id);


--
-- Name: produccion_resultadotestop_item_test_id_2a99e7ac; Type: INDEX; Schema: public; Owner: madmin
--

CREATE INDEX produccion_resultadotestop_item_test_id_2a99e7ac ON public.produccion_resultadotestop USING btree (item_test_id);


--
-- Name: produccion_resultadotestop_orden_produccion_id_6a55d2fe; Type: INDEX; Schema: public; Owner: madmin
--

CREATE INDEX produccion_resultadotestop_orden_produccion_id_6a55d2fe ON public.produccion_resultadotestop USING btree (orden_produccion_id);


--
-- Name: produccion_resultadotestop_usuario_verifico_id_6931f481; Type: INDEX; Schema: public; Owner: madmin
--

CREATE INDEX produccion_resultadotestop_usuario_verifico_id_6931f481 ON public.produccion_resultadotestop USING btree (usuario_verifico_id);


--
-- Name: produccion_test_empresa_id_8e75f775; Type: INDEX; Schema: public; Owner: madmin
--

CREATE INDEX produccion_test_empresa_id_8e75f775 ON public.produccion_test USING btree (empresa_id);


--
-- Name: proveedores_proveedor_empresa_id_f8402474; Type: INDEX; Schema: public; Owner: madmin
--

CREATE INDEX proveedores_proveedor_empresa_id_f8402474 ON public.proveedores_proveedor USING btree (empresa_id);


--
-- Name: proveedores_proveedor_rfc_6f6fdfaf_like; Type: INDEX; Schema: public; Owner: madmin
--

CREATE INDEX proveedores_proveedor_rfc_6f6fdfaf_like ON public.proveedores_proveedor USING btree (rfc varchar_pattern_ops);


--
-- Name: proveedores_sucursalproveedor_proveedor_id_83a644e4; Type: INDEX; Schema: public; Owner: madmin
--

CREATE INDEX proveedores_sucursalproveedor_proveedor_id_83a644e4 ON public.proveedores_sucursalproveedor USING btree (proveedor_id);


--
-- Name: recepciones_detallerecepcion_detalle_compra_id_5f0d3b82; Type: INDEX; Schema: public; Owner: madmin
--

CREATE INDEX recepciones_detallerecepcion_detalle_compra_id_5f0d3b82 ON public.recepciones_detallerecepcion USING btree (detalle_compra_id);


--
-- Name: recepciones_detallerecepcion_producto_id_a30887f4; Type: INDEX; Schema: public; Owner: madmin
--

CREATE INDEX recepciones_detallerecepcion_producto_id_a30887f4 ON public.recepciones_detallerecepcion USING btree (producto_id);


--
-- Name: recepciones_detallerecepcion_recepcion_id_f1911239; Type: INDEX; Schema: public; Owner: madmin
--

CREATE INDEX recepciones_detallerecepcion_recepcion_id_f1911239 ON public.recepciones_detallerecepcion USING btree (recepcion_id);


--
-- Name: recepciones_detallerecepcionextra_almacen_id_ee42ded1; Type: INDEX; Schema: public; Owner: madmin
--

CREATE INDEX recepciones_detallerecepcionextra_almacen_id_ee42ded1 ON public.recepciones_detallerecepcionextra USING btree (almacen_id);


--
-- Name: recepciones_detallerecepcionextra_detalle_recepcion_id_b821e96a; Type: INDEX; Schema: public; Owner: madmin
--

CREATE INDEX recepciones_detallerecepcionextra_detalle_recepcion_id_b821e96a ON public.recepciones_detallerecepcionextra USING btree (detalle_recepcion_id);


--
-- Name: recepciones_detallerecepcionextra_producto_id_35fdcbf8; Type: INDEX; Schema: public; Owner: madmin
--

CREATE INDEX recepciones_detallerecepcionextra_producto_id_35fdcbf8 ON public.recepciones_detallerecepcionextra USING btree (producto_id);


--
-- Name: recepciones_recepcion_almacen_id_44991b19; Type: INDEX; Schema: public; Owner: madmin
--

CREATE INDEX recepciones_recepcion_almacen_id_44991b19 ON public.recepciones_recepcion USING btree (almacen_id);


--
-- Name: recepciones_recepcion_empresa_id_26608cc9; Type: INDEX; Schema: public; Owner: madmin
--

CREATE INDEX recepciones_recepcion_empresa_id_26608cc9 ON public.recepciones_recepcion USING btree (empresa_id);


--
-- Name: recepciones_recepcion_moneda_id_fa7eecf8; Type: INDEX; Schema: public; Owner: madmin
--

CREATE INDEX recepciones_recepcion_moneda_id_fa7eecf8 ON public.recepciones_recepcion USING btree (moneda_id);


--
-- Name: recepciones_recepcion_orden_compra_id_d361724c; Type: INDEX; Schema: public; Owner: madmin
--

CREATE INDEX recepciones_recepcion_orden_compra_id_d361724c ON public.recepciones_recepcion USING btree (orden_compra_id);


--
-- Name: recepciones_recepcion_sucursal_id_f571c37c; Type: INDEX; Schema: public; Owner: madmin
--

CREATE INDEX recepciones_recepcion_sucursal_id_f571c37c ON public.recepciones_recepcion USING btree (sucursal_id);


--
-- Name: recursos_humanos_beneficiario_empresa_id_a3e2e461; Type: INDEX; Schema: public; Owner: madmin
--

CREATE INDEX recursos_humanos_beneficiario_empresa_id_a3e2e461 ON public.recursos_humanos_beneficiario USING btree (empresa_id);


--
-- Name: recursos_humanos_beneficiario_sucursal_id_c1713656; Type: INDEX; Schema: public; Owner: madmin
--

CREATE INDEX recursos_humanos_beneficiario_sucursal_id_c1713656 ON public.recursos_humanos_beneficiario USING btree (sucursal_id);


--
-- Name: recursos_humanos_contratista_empresa_id_51f1e60d; Type: INDEX; Schema: public; Owner: madmin
--

CREATE INDEX recursos_humanos_contratista_empresa_id_51f1e60d ON public.recursos_humanos_contratista USING btree (empresa_id);


--
-- Name: recursos_humanos_contratista_sucursal_id_8e963931; Type: INDEX; Schema: public; Owner: madmin
--

CREATE INDEX recursos_humanos_contratista_sucursal_id_8e963931 ON public.recursos_humanos_contratista USING btree (sucursal_id);


--
-- Name: recursos_humanos_contrato_beneficiario_id_85fed8bc; Type: INDEX; Schema: public; Owner: madmin
--

CREATE INDEX recursos_humanos_contrato_beneficiario_id_85fed8bc ON public.recursos_humanos_contrato USING btree (beneficiario_id);


--
-- Name: recursos_humanos_contrato_contratista_id_e028a5d8; Type: INDEX; Schema: public; Owner: madmin
--

CREATE INDEX recursos_humanos_contrato_contratista_id_e028a5d8 ON public.recursos_humanos_contrato USING btree (contratista_id);


--
-- Name: recursos_humanos_contrato_empleados_contrato_id_e3bfb733; Type: INDEX; Schema: public; Owner: madmin
--

CREATE INDEX recursos_humanos_contrato_empleados_contrato_id_e3bfb733 ON public.recursos_humanos_contrato_empleados USING btree (contrato_id);


--
-- Name: recursos_humanos_contrato_empleados_empleado_id_410d1806; Type: INDEX; Schema: public; Owner: madmin
--

CREATE INDEX recursos_humanos_contrato_empleados_empleado_id_410d1806 ON public.recursos_humanos_contrato_empleados USING btree (empleado_id);


--
-- Name: recursos_humanos_contrato_empresa_id_e2bee0b6; Type: INDEX; Schema: public; Owner: madmin
--

CREATE INDEX recursos_humanos_contrato_empresa_id_e2bee0b6 ON public.recursos_humanos_contrato USING btree (empresa_id);


--
-- Name: recursos_humanos_contrato_sucursal_id_d22d7cac; Type: INDEX; Schema: public; Owner: madmin
--

CREATE INDEX recursos_humanos_contrato_sucursal_id_d22d7cac ON public.recursos_humanos_contrato USING btree (sucursal_id);


--
-- Name: recursos_humanos_empleado_beneficiario_id_18222efd; Type: INDEX; Schema: public; Owner: madmin
--

CREATE INDEX recursos_humanos_empleado_beneficiario_id_18222efd ON public.recursos_humanos_empleado USING btree (beneficiario_id);


--
-- Name: recursos_humanos_empleado_contratista_id_f703e65c; Type: INDEX; Schema: public; Owner: madmin
--

CREATE INDEX recursos_humanos_empleado_contratista_id_f703e65c ON public.recursos_humanos_empleado USING btree (contratista_id);


--
-- Name: recursos_humanos_empleado_empresa_id_16fd396e; Type: INDEX; Schema: public; Owner: madmin
--

CREATE INDEX recursos_humanos_empleado_empresa_id_16fd396e ON public.recursos_humanos_empleado USING btree (empresa_id);


--
-- Name: recursos_humanos_empleado_sucursal_id_917b2c81; Type: INDEX; Schema: public; Owner: madmin
--

CREATE INDEX recursos_humanos_empleado_sucursal_id_917b2c81 ON public.recursos_humanos_empleado USING btree (sucursal_id);


--
-- Name: recursos_humanos_importacionsua_empresa_id_76189fbb; Type: INDEX; Schema: public; Owner: madmin
--

CREATE INDEX recursos_humanos_importacionsua_empresa_id_76189fbb ON public.recursos_humanos_importacionsua USING btree (empresa_id);


--
-- Name: recursos_humanos_importacionsua_sucursal_id_7fce5a70; Type: INDEX; Schema: public; Owner: madmin
--

CREATE INDEX recursos_humanos_importacionsua_sucursal_id_7fce5a70 ON public.recursos_humanos_importacionsua USING btree (sucursal_id);


--
-- Name: recursos_humanos_nomina_empleado_id_d3e6646f; Type: INDEX; Schema: public; Owner: madmin
--

CREATE INDEX recursos_humanos_nomina_empleado_id_d3e6646f ON public.recursos_humanos_nomina USING btree (empleado_id);


--
-- Name: recursos_humanos_nomina_empresa_id_521c2f36; Type: INDEX; Schema: public; Owner: madmin
--

CREATE INDEX recursos_humanos_nomina_empresa_id_521c2f36 ON public.recursos_humanos_nomina USING btree (empresa_id);


--
-- Name: recursos_humanos_nomina_sucursal_id_41c7dcdd; Type: INDEX; Schema: public; Owner: madmin
--

CREATE INDEX recursos_humanos_nomina_sucursal_id_41c7dcdd ON public.recursos_humanos_nomina USING btree (sucursal_id);


--
-- Name: recursos_humanos_trabajadorsua_importacion_id_28691274; Type: INDEX; Schema: public; Owner: madmin
--

CREATE INDEX recursos_humanos_trabajadorsua_importacion_id_28691274 ON public.recursos_humanos_trabajadorsua USING btree (importacion_id);


--
-- Name: solicitudcompras_detalleso_detalle_pedido_origen_id_1aa6dac5; Type: INDEX; Schema: public; Owner: madmin
--

CREATE INDEX solicitudcompras_detalleso_detalle_pedido_origen_id_1aa6dac5 ON public.solicitudcompras_detallesolicitudcompra USING btree (detalle_pedido_origen_id);


--
-- Name: solicitudcompras_detallesolicitudcompra_almacen_id_9bfc7009; Type: INDEX; Schema: public; Owner: madmin
--

CREATE INDEX solicitudcompras_detallesolicitudcompra_almacen_id_9bfc7009 ON public.solicitudcompras_detallesolicitudcompra USING btree (almacen_id);


--
-- Name: solicitudcompras_detallesolicitudcompra_lista_id_4dee9864; Type: INDEX; Schema: public; Owner: madmin
--

CREATE INDEX solicitudcompras_detallesolicitudcompra_lista_id_4dee9864 ON public.solicitudcompras_detallesolicitudcompra USING btree (lista_id);


--
-- Name: solicitudcompras_detallesolicitudcompra_moneda_id_4afc8a32; Type: INDEX; Schema: public; Owner: madmin
--

CREATE INDEX solicitudcompras_detallesolicitudcompra_moneda_id_4afc8a32 ON public.solicitudcompras_detallesolicitudcompra USING btree (moneda_id);


--
-- Name: solicitudcompras_detallesolicitudcompra_producto_id_da45d513; Type: INDEX; Schema: public; Owner: madmin
--

CREATE INDEX solicitudcompras_detallesolicitudcompra_producto_id_da45d513 ON public.solicitudcompras_detallesolicitudcompra USING btree (producto_id);


--
-- Name: solicitudcompras_detallesolicitudcompra_proveedor_id_486012fa; Type: INDEX; Schema: public; Owner: madmin
--

CREATE INDEX solicitudcompras_detallesolicitudcompra_proveedor_id_486012fa ON public.solicitudcompras_detallesolicitudcompra USING btree (proveedor_id);


--
-- Name: solicitudcompras_detallesolicitudcompra_solicitud_id_d5ebb2ca; Type: INDEX; Schema: public; Owner: madmin
--

CREATE INDEX solicitudcompras_detallesolicitudcompra_solicitud_id_d5ebb2ca ON public.solicitudcompras_detallesolicitudcompra USING btree (solicitud_id);


--
-- Name: solicitudcompras_detallesolicitudcompra_sucursal_id_0db7d68f; Type: INDEX; Schema: public; Owner: madmin
--

CREATE INDEX solicitudcompras_detallesolicitudcompra_sucursal_id_0db7d68f ON public.solicitudcompras_detallesolicitudcompra USING btree (sucursal_id);


--
-- Name: solicitudcompras_solicitudcompra_empresa_id_1a2e52ef; Type: INDEX; Schema: public; Owner: madmin
--

CREATE INDEX solicitudcompras_solicitudcompra_empresa_id_1a2e52ef ON public.solicitudcompras_solicitudcompra USING btree (empresa_id);


--
-- Name: solicitudcompras_solicitudcompra_pedido_origen_id_1a25cbb1; Type: INDEX; Schema: public; Owner: madmin
--

CREATE INDEX solicitudcompras_solicitudcompra_pedido_origen_id_1a25cbb1 ON public.solicitudcompras_solicitudcompra USING btree (pedido_origen_id);


--
-- Name: solicitudcompras_solicitudcompra_solicitante_id_b0c98987; Type: INDEX; Schema: public; Owner: madmin
--

CREATE INDEX solicitudcompras_solicitudcompra_solicitante_id_b0c98987 ON public.solicitudcompras_solicitudcompra USING btree (solicitante_id);


--
-- Name: solicitudcompras_solicitudcompra_sucursal_id_6ffc068e; Type: INDEX; Schema: public; Owner: madmin
--

CREATE INDEX solicitudcompras_solicitudcompra_sucursal_id_6ffc068e ON public.solicitudcompras_solicitudcompra USING btree (sucursal_id);


--
-- Name: tesoreria_cajabanco_empresa_id_2011dc82; Type: INDEX; Schema: public; Owner: madmin
--

CREATE INDEX tesoreria_cajabanco_empresa_id_2011dc82 ON public.tesoreria_cajabanco USING btree (empresa_id);


--
-- Name: tesoreria_cajabanco_moneda_id_68e091d7; Type: INDEX; Schema: public; Owner: madmin
--

CREATE INDEX tesoreria_cajabanco_moneda_id_68e091d7 ON public.tesoreria_cajabanco USING btree (moneda_id);


--
-- Name: tesoreria_cajabanco_sucursal_id_5c31a139; Type: INDEX; Schema: public; Owner: madmin
--

CREATE INDEX tesoreria_cajabanco_sucursal_id_5c31a139 ON public.tesoreria_cajabanco USING btree (sucursal_id);


--
-- Name: tesoreria_egreso_caja_banco_id_badd26d0; Type: INDEX; Schema: public; Owner: madmin
--

CREATE INDEX tesoreria_egreso_caja_banco_id_badd26d0 ON public.tesoreria_egreso USING btree (caja_banco_id);


--
-- Name: tesoreria_egreso_empresa_id_bce47c13; Type: INDEX; Schema: public; Owner: madmin
--

CREATE INDEX tesoreria_egreso_empresa_id_bce47c13 ON public.tesoreria_egreso USING btree (empresa_id);


--
-- Name: tesoreria_egreso_moneda_id_83bdbfdf; Type: INDEX; Schema: public; Owner: madmin
--

CREATE INDEX tesoreria_egreso_moneda_id_83bdbfdf ON public.tesoreria_egreso USING btree (moneda_id);


--
-- Name: tesoreria_egreso_sucursal_id_604e67d1; Type: INDEX; Schema: public; Owner: madmin
--

CREATE INDEX tesoreria_egreso_sucursal_id_604e67d1 ON public.tesoreria_egreso USING btree (sucursal_id);


--
-- Name: tesoreria_ingreso_caja_banco_id_ca7e9018; Type: INDEX; Schema: public; Owner: madmin
--

CREATE INDEX tesoreria_ingreso_caja_banco_id_ca7e9018 ON public.tesoreria_ingreso USING btree (caja_banco_id);


--
-- Name: tesoreria_ingreso_empresa_id_9dad1036; Type: INDEX; Schema: public; Owner: madmin
--

CREATE INDEX tesoreria_ingreso_empresa_id_9dad1036 ON public.tesoreria_ingreso USING btree (empresa_id);


--
-- Name: tesoreria_ingreso_moneda_id_ed2389c9; Type: INDEX; Schema: public; Owner: madmin
--

CREATE INDEX tesoreria_ingreso_moneda_id_ed2389c9 ON public.tesoreria_ingreso USING btree (moneda_id);


--
-- Name: tesoreria_ingreso_sucursal_id_6b893572; Type: INDEX; Schema: public; Owner: madmin
--

CREATE INDEX tesoreria_ingreso_sucursal_id_6b893572 ON public.tesoreria_ingreso USING btree (sucursal_id);


--
-- Name: tesoreria_pagocompra_caja_banco_id_bbea5526; Type: INDEX; Schema: public; Owner: madmin
--

CREATE INDEX tesoreria_pagocompra_caja_banco_id_bbea5526 ON public.tesoreria_pagocompra USING btree (caja_banco_id);


--
-- Name: tesoreria_pagocompra_empresa_id_67829c90; Type: INDEX; Schema: public; Owner: madmin
--

CREATE INDEX tesoreria_pagocompra_empresa_id_67829c90 ON public.tesoreria_pagocompra USING btree (empresa_id);


--
-- Name: tesoreria_pagocompra_moneda_id_5a46a304; Type: INDEX; Schema: public; Owner: madmin
--

CREATE INDEX tesoreria_pagocompra_moneda_id_5a46a304 ON public.tesoreria_pagocompra USING btree (moneda_id);


--
-- Name: tesoreria_pagocompra_orden_compra_id_4e10451f; Type: INDEX; Schema: public; Owner: madmin
--

CREATE INDEX tesoreria_pagocompra_orden_compra_id_4e10451f ON public.tesoreria_pagocompra USING btree (orden_compra_id);


--
-- Name: tesoreria_pagocompra_sucursal_id_88c2b429; Type: INDEX; Schema: public; Owner: madmin
--

CREATE INDEX tesoreria_pagocompra_sucursal_id_88c2b429 ON public.tesoreria_pagocompra USING btree (sucursal_id);


--
-- Name: tesoreria_pagopedido_caja_banco_id_df36876e; Type: INDEX; Schema: public; Owner: madmin
--

CREATE INDEX tesoreria_pagopedido_caja_banco_id_df36876e ON public.tesoreria_pagopedido USING btree (caja_banco_id);


--
-- Name: tesoreria_pagopedido_empresa_id_97b48e5f; Type: INDEX; Schema: public; Owner: madmin
--

CREATE INDEX tesoreria_pagopedido_empresa_id_97b48e5f ON public.tesoreria_pagopedido USING btree (empresa_id);


--
-- Name: tesoreria_pagopedido_moneda_id_72f8b340; Type: INDEX; Schema: public; Owner: madmin
--

CREATE INDEX tesoreria_pagopedido_moneda_id_72f8b340 ON public.tesoreria_pagopedido USING btree (moneda_id);


--
-- Name: tesoreria_pagopedido_pedido_id_828dccf5; Type: INDEX; Schema: public; Owner: madmin
--

CREATE INDEX tesoreria_pagopedido_pedido_id_828dccf5 ON public.tesoreria_pagopedido USING btree (pedido_id);


--
-- Name: tesoreria_pagopedido_sucursal_id_24d3256a; Type: INDEX; Schema: public; Owner: madmin
--

CREATE INDEX tesoreria_pagopedido_sucursal_id_24d3256a ON public.tesoreria_pagopedido USING btree (sucursal_id);


--
-- Name: ventas_detalleordenventa_orden_venta_id_28f11661; Type: INDEX; Schema: public; Owner: madmin
--

CREATE INDEX ventas_detalleordenventa_orden_venta_id_28f11661 ON public.ventas_detalleordenventa USING btree (orden_venta_id);


--
-- Name: ventas_detalleordenventa_producto_id_ef240449; Type: INDEX; Schema: public; Owner: madmin
--

CREATE INDEX ventas_detalleordenventa_producto_id_ef240449 ON public.ventas_detalleordenventa USING btree (producto_id);


--
-- Name: ventas_ordenventa_almacen_id_a3c31ad1; Type: INDEX; Schema: public; Owner: madmin
--

CREATE INDEX ventas_ordenventa_almacen_id_a3c31ad1 ON public.ventas_ordenventa USING btree (almacen_id);


--
-- Name: ventas_ordenventa_cliente_id_fc8eed4a; Type: INDEX; Schema: public; Owner: madmin
--

CREATE INDEX ventas_ordenventa_cliente_id_fc8eed4a ON public.ventas_ordenventa USING btree (cliente_id);


--
-- Name: ventas_ordenventa_empresa_id_cccf5f3d; Type: INDEX; Schema: public; Owner: madmin
--

CREATE INDEX ventas_ordenventa_empresa_id_cccf5f3d ON public.ventas_ordenventa USING btree (empresa_id);


--
-- Name: ventas_ordenventa_parent_orden_id_06f86c7f; Type: INDEX; Schema: public; Owner: madmin
--

CREATE INDEX ventas_ordenventa_parent_orden_id_06f86c7f ON public.ventas_ordenventa USING btree (parent_orden_id);


--
-- Name: ventas_ordenventa_pedido_origen_id_12fc79cd; Type: INDEX; Schema: public; Owner: madmin
--

CREATE INDEX ventas_ordenventa_pedido_origen_id_12fc79cd ON public.ventas_ordenventa USING btree (pedido_origen_id);


--
-- Name: ventas_ordenventa_sucursal_id_59ae853d; Type: INDEX; Schema: public; Owner: madmin
--

CREATE INDEX ventas_ordenventa_sucursal_id_59ae853d ON public.ventas_ordenventa USING btree (sucursal_id);


--
-- Name: ventas_ordenventa_vendedor_id_058de01d; Type: INDEX; Schema: public; Owner: madmin
--

CREATE INDEX ventas_ordenventa_vendedor_id_058de01d ON public.ventas_ordenventa USING btree (vendedor_id);


--
-- Name: actividades_actividad actividades_activida_cliente_id_31dd4638_fk_clientes_; Type: FK CONSTRAINT; Schema: public; Owner: madmin
--

ALTER TABLE ONLY public.actividades_actividad
    ADD CONSTRAINT actividades_activida_cliente_id_31dd4638_fk_clientes_ FOREIGN KEY (cliente_id) REFERENCES public.clientes_cliente(id) DEFERRABLE INITIALLY DEFERRED;


--
-- Name: actividades_actividad actividades_activida_contacto_id_d0291271_fk_clientes_; Type: FK CONSTRAINT; Schema: public; Owner: madmin
--

ALTER TABLE ONLY public.actividades_actividad
    ADD CONSTRAINT actividades_activida_contacto_id_d0291271_fk_clientes_ FOREIGN KEY (contacto_id) REFERENCES public.clientes_contactocliente(id) DEFERRABLE INITIALLY DEFERRED;


--
-- Name: actividades_actividad actividades_activida_cotizacion_id_f6475c97_fk_cotizacio; Type: FK CONSTRAINT; Schema: public; Owner: madmin
--

ALTER TABLE ONLY public.actividades_actividad
    ADD CONSTRAINT actividades_activida_cotizacion_id_f6475c97_fk_cotizacio FOREIGN KEY (cotizacion_id) REFERENCES public.cotizaciones_cotizacion(id) DEFERRABLE INITIALLY DEFERRED;


--
-- Name: actividades_actividad actividades_activida_sucursal_id_514349f7_fk_preferenc; Type: FK CONSTRAINT; Schema: public; Owner: madmin
--

ALTER TABLE ONLY public.actividades_actividad
    ADD CONSTRAINT actividades_activida_sucursal_id_514349f7_fk_preferenc FOREIGN KEY (sucursal_id) REFERENCES public.preferencias_sucursal(id) DEFERRABLE INITIALLY DEFERRED;


--
-- Name: actividades_actividad actividades_actividad_empresa_id_d6c1b71a_fk_panel_empresa_id; Type: FK CONSTRAINT; Schema: public; Owner: madmin
--

ALTER TABLE ONLY public.actividades_actividad
    ADD CONSTRAINT actividades_actividad_empresa_id_d6c1b71a_fk_panel_empresa_id FOREIGN KEY (empresa_id) REFERENCES public.panel_empresa(id) DEFERRABLE INITIALLY DEFERRED;


--
-- Name: almacenes_almacen almacenes_almacen_empresa_id_5b652cc0_fk_panel_empresa_id; Type: FK CONSTRAINT; Schema: public; Owner: madmin
--

ALTER TABLE ONLY public.almacenes_almacen
    ADD CONSTRAINT almacenes_almacen_empresa_id_5b652cc0_fk_panel_empresa_id FOREIGN KEY (empresa_id) REFERENCES public.panel_empresa(id) DEFERRABLE INITIALLY DEFERRED;


--
-- Name: almacenes_almacen almacenes_almacen_sucursal_id_93d395bc_fk_preferenc; Type: FK CONSTRAINT; Schema: public; Owner: madmin
--

ALTER TABLE ONLY public.almacenes_almacen
    ADD CONSTRAINT almacenes_almacen_sucursal_id_93d395bc_fk_preferenc FOREIGN KEY (sucursal_id) REFERENCES public.preferencias_sucursal(id) DEFERRABLE INITIALLY DEFERRED;


--
-- Name: almacenes_inventario almacenes_inventario_almacen_id_c69f237c_fk_almacenes; Type: FK CONSTRAINT; Schema: public; Owner: madmin
--

ALTER TABLE ONLY public.almacenes_inventario
    ADD CONSTRAINT almacenes_inventario_almacen_id_c69f237c_fk_almacenes FOREIGN KEY (almacen_id) REFERENCES public.almacenes_almacen(id) DEFERRABLE INITIALLY DEFERRED;


--
-- Name: almacenes_inventario almacenes_inventario_empresa_id_06242eac_fk_panel_empresa_id; Type: FK CONSTRAINT; Schema: public; Owner: madmin
--

ALTER TABLE ONLY public.almacenes_inventario
    ADD CONSTRAINT almacenes_inventario_empresa_id_06242eac_fk_panel_empresa_id FOREIGN KEY (empresa_id) REFERENCES public.panel_empresa(id) DEFERRABLE INITIALLY DEFERRED;


--
-- Name: almacenes_inventario almacenes_inventario_producto_id_c2b420e0_fk_core_producto_id; Type: FK CONSTRAINT; Schema: public; Owner: madmin
--

ALTER TABLE ONLY public.almacenes_inventario
    ADD CONSTRAINT almacenes_inventario_producto_id_c2b420e0_fk_core_producto_id FOREIGN KEY (producto_id) REFERENCES public.core_producto(id) DEFERRABLE INITIALLY DEFERRED;


--
-- Name: almacenes_inventario almacenes_inventario_sucursal_id_ced5111b_fk_preferenc; Type: FK CONSTRAINT; Schema: public; Owner: madmin
--

ALTER TABLE ONLY public.almacenes_inventario
    ADD CONSTRAINT almacenes_inventario_sucursal_id_ced5111b_fk_preferenc FOREIGN KEY (sucursal_id) REFERENCES public.preferencias_sucursal(id) DEFERRABLE INITIALLY DEFERRED;


--
-- Name: almacenes_kardex almacenes_kardex_almacen_id_7d839ce9_fk_almacenes_almacen_id; Type: FK CONSTRAINT; Schema: public; Owner: madmin
--

ALTER TABLE ONLY public.almacenes_kardex
    ADD CONSTRAINT almacenes_kardex_almacen_id_7d839ce9_fk_almacenes_almacen_id FOREIGN KEY (almacen_id) REFERENCES public.almacenes_almacen(id) DEFERRABLE INITIALLY DEFERRED;


--
-- Name: almacenes_kardex almacenes_kardex_empresa_id_8a87d26f_fk_panel_empresa_id; Type: FK CONSTRAINT; Schema: public; Owner: madmin
--

ALTER TABLE ONLY public.almacenes_kardex
    ADD CONSTRAINT almacenes_kardex_empresa_id_8a87d26f_fk_panel_empresa_id FOREIGN KEY (empresa_id) REFERENCES public.panel_empresa(id) DEFERRABLE INITIALLY DEFERRED;


--
-- Name: almacenes_kardex almacenes_kardex_producto_id_df4332ce_fk_core_producto_id; Type: FK CONSTRAINT; Schema: public; Owner: madmin
--

ALTER TABLE ONLY public.almacenes_kardex
    ADD CONSTRAINT almacenes_kardex_producto_id_df4332ce_fk_core_producto_id FOREIGN KEY (producto_id) REFERENCES public.core_producto(id) DEFERRABLE INITIALLY DEFERRED;


--
-- Name: almacenes_kardex almacenes_kardex_sucursal_id_bcea0fc6_fk_preferenc; Type: FK CONSTRAINT; Schema: public; Owner: madmin
--

ALTER TABLE ONLY public.almacenes_kardex
    ADD CONSTRAINT almacenes_kardex_sucursal_id_bcea0fc6_fk_preferenc FOREIGN KEY (sucursal_id) REFERENCES public.preferencias_sucursal(id) DEFERRABLE INITIALLY DEFERRED;


--
-- Name: almacenes_kardex almacenes_kardex_usuario_id_9c0bc3a1_fk_auth_user_id; Type: FK CONSTRAINT; Schema: public; Owner: madmin
--

ALTER TABLE ONLY public.almacenes_kardex
    ADD CONSTRAINT almacenes_kardex_usuario_id_9c0bc3a1_fk_auth_user_id FOREIGN KEY (usuario_id) REFERENCES public.auth_user(id) DEFERRABLE INITIALLY DEFERRED;


--
-- Name: auth_group_permissions auth_group_permissio_permission_id_84c5c92e_fk_auth_perm; Type: FK CONSTRAINT; Schema: public; Owner: madmin
--

ALTER TABLE ONLY public.auth_group_permissions
    ADD CONSTRAINT auth_group_permissio_permission_id_84c5c92e_fk_auth_perm FOREIGN KEY (permission_id) REFERENCES public.auth_permission(id) DEFERRABLE INITIALLY DEFERRED;


--
-- Name: auth_group_permissions auth_group_permissions_group_id_b120cbf9_fk_auth_group_id; Type: FK CONSTRAINT; Schema: public; Owner: madmin
--

ALTER TABLE ONLY public.auth_group_permissions
    ADD CONSTRAINT auth_group_permissions_group_id_b120cbf9_fk_auth_group_id FOREIGN KEY (group_id) REFERENCES public.auth_group(id) DEFERRABLE INITIALLY DEFERRED;


--
-- Name: auth_permission auth_permission_content_type_id_2f476e4b_fk_django_co; Type: FK CONSTRAINT; Schema: public; Owner: madmin
--

ALTER TABLE ONLY public.auth_permission
    ADD CONSTRAINT auth_permission_content_type_id_2f476e4b_fk_django_co FOREIGN KEY (content_type_id) REFERENCES public.django_content_type(id) DEFERRABLE INITIALLY DEFERRED;


--
-- Name: auth_user_groups auth_user_groups_group_id_97559544_fk_auth_group_id; Type: FK CONSTRAINT; Schema: public; Owner: madmin
--

ALTER TABLE ONLY public.auth_user_groups
    ADD CONSTRAINT auth_user_groups_group_id_97559544_fk_auth_group_id FOREIGN KEY (group_id) REFERENCES public.auth_group(id) DEFERRABLE INITIALLY DEFERRED;


--
-- Name: auth_user_groups auth_user_groups_user_id_6a12ed8b_fk_auth_user_id; Type: FK CONSTRAINT; Schema: public; Owner: madmin
--

ALTER TABLE ONLY public.auth_user_groups
    ADD CONSTRAINT auth_user_groups_user_id_6a12ed8b_fk_auth_user_id FOREIGN KEY (user_id) REFERENCES public.auth_user(id) DEFERRABLE INITIALLY DEFERRED;


--
-- Name: auth_user_user_permissions auth_user_user_permi_permission_id_1fbb5f2c_fk_auth_perm; Type: FK CONSTRAINT; Schema: public; Owner: madmin
--

ALTER TABLE ONLY public.auth_user_user_permissions
    ADD CONSTRAINT auth_user_user_permi_permission_id_1fbb5f2c_fk_auth_perm FOREIGN KEY (permission_id) REFERENCES public.auth_permission(id) DEFERRABLE INITIALLY DEFERRED;


--
-- Name: auth_user_user_permissions auth_user_user_permissions_user_id_a95ead1b_fk_auth_user_id; Type: FK CONSTRAINT; Schema: public; Owner: madmin
--

ALTER TABLE ONLY public.auth_user_user_permissions
    ADD CONSTRAINT auth_user_user_permissions_user_id_a95ead1b_fk_auth_user_id FOREIGN KEY (user_id) REFERENCES public.auth_user(id) DEFERRABLE INITIALLY DEFERRED;


--
-- Name: categorias_categoria categorias_categoria_empresa_id_f67784ba_fk_panel_empresa_id; Type: FK CONSTRAINT; Schema: public; Owner: madmin
--

ALTER TABLE ONLY public.categorias_categoria
    ADD CONSTRAINT categorias_categoria_empresa_id_f67784ba_fk_panel_empresa_id FOREIGN KEY (empresa_id) REFERENCES public.panel_empresa(id) DEFERRABLE INITIALLY DEFERRED;


--
-- Name: categorias_listapreciocosto categorias_listaprec_empresa_id_be6b0b37_fk_panel_emp; Type: FK CONSTRAINT; Schema: public; Owner: madmin
--

ALTER TABLE ONLY public.categorias_listapreciocosto
    ADD CONSTRAINT categorias_listaprec_empresa_id_be6b0b37_fk_panel_emp FOREIGN KEY (empresa_id) REFERENCES public.panel_empresa(id) DEFERRABLE INITIALLY DEFERRED;


--
-- Name: categorias_subcategoria categorias_subcatego_categoria_id_ff5e0ea4_fk_categoria; Type: FK CONSTRAINT; Schema: public; Owner: madmin
--

ALTER TABLE ONLY public.categorias_subcategoria
    ADD CONSTRAINT categorias_subcatego_categoria_id_ff5e0ea4_fk_categoria FOREIGN KEY (categoria_id) REFERENCES public.categorias_categoria(id) DEFERRABLE INITIALLY DEFERRED;


--
-- Name: categorias_subcategoria categorias_subcategoria_empresa_id_10304328_fk_panel_empresa_id; Type: FK CONSTRAINT; Schema: public; Owner: madmin
--

ALTER TABLE ONLY public.categorias_subcategoria
    ADD CONSTRAINT categorias_subcategoria_empresa_id_10304328_fk_panel_empresa_id FOREIGN KEY (empresa_id) REFERENCES public.panel_empresa(id) DEFERRABLE INITIALLY DEFERRED;


--
-- Name: clientes_cliente clientes_cliente_empresa_id_6e2597e2_fk_panel_empresa_id; Type: FK CONSTRAINT; Schema: public; Owner: madmin
--

ALTER TABLE ONLY public.clientes_cliente
    ADD CONSTRAINT clientes_cliente_empresa_id_6e2597e2_fk_panel_empresa_id FOREIGN KEY (empresa_id) REFERENCES public.panel_empresa(id) DEFERRABLE INITIALLY DEFERRED;


--
-- Name: clientes_contactocliente clientes_contactocli_cliente_id_3e846666_fk_clientes_; Type: FK CONSTRAINT; Schema: public; Owner: madmin
--

ALTER TABLE ONLY public.clientes_contactocliente
    ADD CONSTRAINT clientes_contactocli_cliente_id_3e846666_fk_clientes_ FOREIGN KEY (cliente_id) REFERENCES public.clientes_cliente(id) DEFERRABLE INITIALLY DEFERRED;


--
-- Name: compras_detallecompra compras_detallecompr_detalle_pedido_orige_1c1ae1bb_fk_pedidos_d; Type: FK CONSTRAINT; Schema: public; Owner: madmin
--

ALTER TABLE ONLY public.compras_detallecompra
    ADD CONSTRAINT compras_detallecompr_detalle_pedido_orige_1c1ae1bb_fk_pedidos_d FOREIGN KEY (detalle_pedido_origen_id) REFERENCES public.pedidos_detallepedido(id) DEFERRABLE INITIALLY DEFERRED;


--
-- Name: compras_detallecompra compras_detallecompr_orden_compra_id_c71cd0a9_fk_compras_o; Type: FK CONSTRAINT; Schema: public; Owner: madmin
--

ALTER TABLE ONLY public.compras_detallecompra
    ADD CONSTRAINT compras_detallecompr_orden_compra_id_c71cd0a9_fk_compras_o FOREIGN KEY (orden_compra_id) REFERENCES public.compras_ordencompra(id) DEFERRABLE INITIALLY DEFERRED;


--
-- Name: compras_detallecompra compras_detallecompra_producto_id_38c7f9c4_fk_core_producto_id; Type: FK CONSTRAINT; Schema: public; Owner: madmin
--

ALTER TABLE ONLY public.compras_detallecompra
    ADD CONSTRAINT compras_detallecompra_producto_id_38c7f9c4_fk_core_producto_id FOREIGN KEY (producto_id) REFERENCES public.core_producto(id) DEFERRABLE INITIALLY DEFERRED;


--
-- Name: compras_ordencompra compras_ordencompra_almacen_destino_id_af61e399_fk_almacenes; Type: FK CONSTRAINT; Schema: public; Owner: madmin
--

ALTER TABLE ONLY public.compras_ordencompra
    ADD CONSTRAINT compras_ordencompra_almacen_destino_id_af61e399_fk_almacenes FOREIGN KEY (almacen_destino_id) REFERENCES public.almacenes_almacen(id) DEFERRABLE INITIALLY DEFERRED;


--
-- Name: compras_ordencompra compras_ordencompra_empresa_id_5c4630d8_fk_panel_empresa_id; Type: FK CONSTRAINT; Schema: public; Owner: madmin
--

ALTER TABLE ONLY public.compras_ordencompra
    ADD CONSTRAINT compras_ordencompra_empresa_id_5c4630d8_fk_panel_empresa_id FOREIGN KEY (empresa_id) REFERENCES public.panel_empresa(id) DEFERRABLE INITIALLY DEFERRED;


--
-- Name: compras_ordencompra compras_ordencompra_moneda_id_30388668_fk_preferenc; Type: FK CONSTRAINT; Schema: public; Owner: madmin
--

ALTER TABLE ONLY public.compras_ordencompra
    ADD CONSTRAINT compras_ordencompra_moneda_id_30388668_fk_preferenc FOREIGN KEY (moneda_id) REFERENCES public.preferencias_moneda(id) DEFERRABLE INITIALLY DEFERRED;


--
-- Name: compras_ordencompra compras_ordencompra_proveedor_id_c42e35e1_fk_proveedor; Type: FK CONSTRAINT; Schema: public; Owner: madmin
--

ALTER TABLE ONLY public.compras_ordencompra
    ADD CONSTRAINT compras_ordencompra_proveedor_id_c42e35e1_fk_proveedor FOREIGN KEY (proveedor_id) REFERENCES public.proveedores_proveedor(id) DEFERRABLE INITIALLY DEFERRED;


--
-- Name: compras_ordencompra compras_ordencompra_solicitud_origen_id_d32bb95e_fk_solicitud; Type: FK CONSTRAINT; Schema: public; Owner: madmin
--

ALTER TABLE ONLY public.compras_ordencompra
    ADD CONSTRAINT compras_ordencompra_solicitud_origen_id_d32bb95e_fk_solicitud FOREIGN KEY (solicitud_origen_id) REFERENCES public.solicitudcompras_solicitudcompra(id) DEFERRABLE INITIALLY DEFERRED;


--
-- Name: compras_ordencompra compras_ordencompra_sucursal_empresa_id_4299d49a_fk_preferenc; Type: FK CONSTRAINT; Schema: public; Owner: madmin
--

ALTER TABLE ONLY public.compras_ordencompra
    ADD CONSTRAINT compras_ordencompra_sucursal_empresa_id_4299d49a_fk_preferenc FOREIGN KEY (sucursal_empresa_id) REFERENCES public.preferencias_sucursal(id) DEFERRABLE INITIALLY DEFERRED;


--
-- Name: compras_ordencompra compras_ordencompra_sucursal_id_06005950_fk_proveedor; Type: FK CONSTRAINT; Schema: public; Owner: madmin
--

ALTER TABLE ONLY public.compras_ordencompra
    ADD CONSTRAINT compras_ordencompra_sucursal_id_06005950_fk_proveedor FOREIGN KEY (sucursal_id) REFERENCES public.proveedores_sucursalproveedor(id) DEFERRABLE INITIALLY DEFERRED;


--
-- Name: compras_ordencompra compras_ordencompra_usuario_id_a2084c63_fk_auth_user_id; Type: FK CONSTRAINT; Schema: public; Owner: madmin
--

ALTER TABLE ONLY public.compras_ordencompra
    ADD CONSTRAINT compras_ordencompra_usuario_id_a2084c63_fk_auth_user_id FOREIGN KEY (usuario_id) REFERENCES public.auth_user(id) DEFERRABLE INITIALLY DEFERRED;


--
-- Name: core_categoria core_categoria_empresa_id_44437a59_fk_panel_empresa_id; Type: FK CONSTRAINT; Schema: public; Owner: madmin
--

ALTER TABLE ONLY public.core_categoria
    ADD CONSTRAINT core_categoria_empresa_id_44437a59_fk_panel_empresa_id FOREIGN KEY (empresa_id) REFERENCES public.panel_empresa(id) DEFERRABLE INITIALLY DEFERRED;


--
-- Name: core_detallereceta core_detallereceta_componente_id_ba974177_fk_core_producto_id; Type: FK CONSTRAINT; Schema: public; Owner: madmin
--

ALTER TABLE ONLY public.core_detallereceta
    ADD CONSTRAINT core_detallereceta_componente_id_ba974177_fk_core_producto_id FOREIGN KEY (componente_id) REFERENCES public.core_producto(id) DEFERRABLE INITIALLY DEFERRED;


--
-- Name: core_detallereceta core_detallereceta_producto_padre_id_3a9c3cfd_fk_core_prod; Type: FK CONSTRAINT; Schema: public; Owner: madmin
--

ALTER TABLE ONLY public.core_detallereceta
    ADD CONSTRAINT core_detallereceta_producto_padre_id_3a9c3cfd_fk_core_prod FOREIGN KEY (producto_padre_id) REFERENCES public.core_producto(id) DEFERRABLE INITIALLY DEFERRED;


--
-- Name: core_producto core_producto_empresa_id_efa7546e_fk_panel_empresa_id; Type: FK CONSTRAINT; Schema: public; Owner: madmin
--

ALTER TABLE ONLY public.core_producto
    ADD CONSTRAINT core_producto_empresa_id_efa7546e_fk_panel_empresa_id FOREIGN KEY (empresa_id) REFERENCES public.panel_empresa(id) DEFERRABLE INITIALLY DEFERRED;


--
-- Name: core_producto core_producto_test_calidad_id_29569fed_fk_produccion_test_id; Type: FK CONSTRAINT; Schema: public; Owner: madmin
--

ALTER TABLE ONLY public.core_producto
    ADD CONSTRAINT core_producto_test_calidad_id_29569fed_fk_produccion_test_id FOREIGN KEY (test_calidad_id) REFERENCES public.produccion_test(id) DEFERRABLE INITIALLY DEFERRED;


--
-- Name: core_transaccion core_transaccion_almacen_id_0ccca5c8_fk_almacenes_almacen_id; Type: FK CONSTRAINT; Schema: public; Owner: madmin
--

ALTER TABLE ONLY public.core_transaccion
    ADD CONSTRAINT core_transaccion_almacen_id_0ccca5c8_fk_almacenes_almacen_id FOREIGN KEY (almacen_id) REFERENCES public.almacenes_almacen(id) DEFERRABLE INITIALLY DEFERRED;


--
-- Name: core_transaccion core_transaccion_empresa_id_fdeef44c_fk_panel_empresa_id; Type: FK CONSTRAINT; Schema: public; Owner: madmin
--

ALTER TABLE ONLY public.core_transaccion
    ADD CONSTRAINT core_transaccion_empresa_id_fdeef44c_fk_panel_empresa_id FOREIGN KEY (empresa_id) REFERENCES public.panel_empresa(id) DEFERRABLE INITIALLY DEFERRED;


--
-- Name: core_transaccion core_transaccion_producto_id_3c4d4be3_fk_core_producto_id; Type: FK CONSTRAINT; Schema: public; Owner: madmin
--

ALTER TABLE ONLY public.core_transaccion
    ADD CONSTRAINT core_transaccion_producto_id_3c4d4be3_fk_core_producto_id FOREIGN KEY (producto_id) REFERENCES public.core_producto(id) DEFERRABLE INITIALLY DEFERRED;


--
-- Name: core_transaccion core_transaccion_proveedor_id_6c6254bb_fk_proveedor; Type: FK CONSTRAINT; Schema: public; Owner: madmin
--

ALTER TABLE ONLY public.core_transaccion
    ADD CONSTRAINT core_transaccion_proveedor_id_6c6254bb_fk_proveedor FOREIGN KEY (proveedor_id) REFERENCES public.proveedores_proveedor(id) DEFERRABLE INITIALLY DEFERRED;


--
-- Name: costeos_comercioadquisicion costeos_comercioadqu_costeo_id_95b4726f_fk_costeos_c; Type: FK CONSTRAINT; Schema: public; Owner: madmin
--

ALTER TABLE ONLY public.costeos_comercioadquisicion
    ADD CONSTRAINT costeos_comercioadqu_costeo_id_95b4726f_fk_costeos_c FOREIGN KEY (costeo_id) REFERENCES public.costeos_costeo(id) DEFERRABLE INITIALLY DEFERRED;


--
-- Name: costeos_comercioadquisicion costeos_comercioadqu_moneda_id_f34384eb_fk_preferenc; Type: FK CONSTRAINT; Schema: public; Owner: madmin
--

ALTER TABLE ONLY public.costeos_comercioadquisicion
    ADD CONSTRAINT costeos_comercioadqu_moneda_id_f34384eb_fk_preferenc FOREIGN KEY (moneda_id) REFERENCES public.preferencias_moneda(id) DEFERRABLE INITIALLY DEFERRED;


--
-- Name: costeos_costeo costeos_costeo_duplicado_de_id_9a997f85_fk_costeos_costeo_id; Type: FK CONSTRAINT; Schema: public; Owner: madmin
--

ALTER TABLE ONLY public.costeos_costeo
    ADD CONSTRAINT costeos_costeo_duplicado_de_id_9a997f85_fk_costeos_costeo_id FOREIGN KEY (duplicado_de_id) REFERENCES public.costeos_costeo(id) DEFERRABLE INITIALLY DEFERRED;


--
-- Name: costeos_costeo costeos_costeo_empresa_id_1e438914_fk_panel_empresa_id; Type: FK CONSTRAINT; Schema: public; Owner: madmin
--

ALTER TABLE ONLY public.costeos_costeo
    ADD CONSTRAINT costeos_costeo_empresa_id_1e438914_fk_panel_empresa_id FOREIGN KEY (empresa_id) REFERENCES public.panel_empresa(id) DEFERRABLE INITIALLY DEFERRED;


--
-- Name: costeos_costeo costeos_costeo_sucursal_id_b7dd6c96_fk_preferencias_sucursal_id; Type: FK CONSTRAINT; Schema: public; Owner: madmin
--

ALTER TABLE ONLY public.costeos_costeo
    ADD CONSTRAINT costeos_costeo_sucursal_id_b7dd6c96_fk_preferencias_sucursal_id FOREIGN KEY (sucursal_id) REFERENCES public.preferencias_sucursal(id) DEFERRABLE INITIALLY DEFERRED;


--
-- Name: costeos_costeo costeos_costeo_vendedor_id_7f898050_fk_auth_user_id; Type: FK CONSTRAINT; Schema: public; Owner: madmin
--

ALTER TABLE ONLY public.costeos_costeo
    ADD CONSTRAINT costeos_costeo_vendedor_id_7f898050_fk_auth_user_id FOREIGN KEY (vendedor_id) REFERENCES public.auth_user(id) DEFERRABLE INITIALLY DEFERRED;


--
-- Name: costeos_manufacturagastoindirecto costeos_manufacturag_costeo_id_6e8f5bd1_fk_costeos_c; Type: FK CONSTRAINT; Schema: public; Owner: madmin
--

ALTER TABLE ONLY public.costeos_manufacturagastoindirecto
    ADD CONSTRAINT costeos_manufacturag_costeo_id_6e8f5bd1_fk_costeos_c FOREIGN KEY (costeo_id) REFERENCES public.costeos_costeo(id) DEFERRABLE INITIALLY DEFERRED;


--
-- Name: costeos_manufacturagastoindirecto costeos_manufacturag_moneda_id_3b62953e_fk_preferenc; Type: FK CONSTRAINT; Schema: public; Owner: madmin
--

ALTER TABLE ONLY public.costeos_manufacturagastoindirecto
    ADD CONSTRAINT costeos_manufacturag_moneda_id_3b62953e_fk_preferenc FOREIGN KEY (moneda_id) REFERENCES public.preferencias_moneda(id) DEFERRABLE INITIALLY DEFERRED;


--
-- Name: costeos_manufacturamanoobra costeos_manufacturam_costeo_id_430ced81_fk_costeos_c; Type: FK CONSTRAINT; Schema: public; Owner: madmin
--

ALTER TABLE ONLY public.costeos_manufacturamanoobra
    ADD CONSTRAINT costeos_manufacturam_costeo_id_430ced81_fk_costeos_c FOREIGN KEY (costeo_id) REFERENCES public.costeos_costeo(id) DEFERRABLE INITIALLY DEFERRED;


--
-- Name: costeos_manufacturamateriaprima costeos_manufacturam_costeo_id_f832c0c2_fk_costeos_c; Type: FK CONSTRAINT; Schema: public; Owner: madmin
--

ALTER TABLE ONLY public.costeos_manufacturamateriaprima
    ADD CONSTRAINT costeos_manufacturam_costeo_id_f832c0c2_fk_costeos_c FOREIGN KEY (costeo_id) REFERENCES public.costeos_costeo(id) DEFERRABLE INITIALLY DEFERRED;


--
-- Name: costeos_manufacturamanoobra costeos_manufacturam_moneda_id_8737b8e0_fk_preferenc; Type: FK CONSTRAINT; Schema: public; Owner: madmin
--

ALTER TABLE ONLY public.costeos_manufacturamanoobra
    ADD CONSTRAINT costeos_manufacturam_moneda_id_8737b8e0_fk_preferenc FOREIGN KEY (moneda_id) REFERENCES public.preferencias_moneda(id) DEFERRABLE INITIALLY DEFERRED;


--
-- Name: costeos_manufacturamateriaprima costeos_manufacturam_moneda_id_a87d8b0e_fk_preferenc; Type: FK CONSTRAINT; Schema: public; Owner: madmin
--

ALTER TABLE ONLY public.costeos_manufacturamateriaprima
    ADD CONSTRAINT costeos_manufacturam_moneda_id_a87d8b0e_fk_preferenc FOREIGN KEY (moneda_id) REFERENCES public.preferencias_moneda(id) DEFERRABLE INITIALLY DEFERRED;


--
-- Name: costeos_serviciomaterial costeos_serviciomate_costeo_id_e283311f_fk_costeos_c; Type: FK CONSTRAINT; Schema: public; Owner: madmin
--

ALTER TABLE ONLY public.costeos_serviciomaterial
    ADD CONSTRAINT costeos_serviciomate_costeo_id_e283311f_fk_costeos_c FOREIGN KEY (costeo_id) REFERENCES public.costeos_costeo(id) DEFERRABLE INITIALLY DEFERRED;


--
-- Name: costeos_serviciomaterial costeos_serviciomate_moneda_id_7d8796c9_fk_preferenc; Type: FK CONSTRAINT; Schema: public; Owner: madmin
--

ALTER TABLE ONLY public.costeos_serviciomaterial
    ADD CONSTRAINT costeos_serviciomate_moneda_id_7d8796c9_fk_preferenc FOREIGN KEY (moneda_id) REFERENCES public.preferencias_moneda(id) DEFERRABLE INITIALLY DEFERRED;


--
-- Name: costeos_serviciopersonal costeos_serviciopers_costeo_id_1d3b42c9_fk_costeos_c; Type: FK CONSTRAINT; Schema: public; Owner: madmin
--

ALTER TABLE ONLY public.costeos_serviciopersonal
    ADD CONSTRAINT costeos_serviciopers_costeo_id_1d3b42c9_fk_costeos_c FOREIGN KEY (costeo_id) REFERENCES public.costeos_costeo(id) DEFERRABLE INITIALLY DEFERRED;


--
-- Name: costeos_serviciopersonal costeos_serviciopers_moneda_id_d9ce650a_fk_preferenc; Type: FK CONSTRAINT; Schema: public; Owner: madmin
--

ALTER TABLE ONLY public.costeos_serviciopersonal
    ADD CONSTRAINT costeos_serviciopers_moneda_id_d9ce650a_fk_preferenc FOREIGN KEY (moneda_id) REFERENCES public.preferencias_moneda(id) DEFERRABLE INITIALLY DEFERRED;


--
-- Name: cotizaciones_cotizacion cotizaciones_cotizac_cliente_id_c6e3d6c6_fk_clientes_; Type: FK CONSTRAINT; Schema: public; Owner: madmin
--

ALTER TABLE ONLY public.cotizaciones_cotizacion
    ADD CONSTRAINT cotizaciones_cotizac_cliente_id_c6e3d6c6_fk_clientes_ FOREIGN KEY (cliente_id) REFERENCES public.clientes_cliente(id) DEFERRABLE INITIALLY DEFERRED;


--
-- Name: cotizaciones_cotizacion cotizaciones_cotizac_contacto_id_1bca6174_fk_clientes_; Type: FK CONSTRAINT; Schema: public; Owner: madmin
--

ALTER TABLE ONLY public.cotizaciones_cotizacion
    ADD CONSTRAINT cotizaciones_cotizac_contacto_id_1bca6174_fk_clientes_ FOREIGN KEY (contacto_id) REFERENCES public.clientes_contactocliente(id) DEFERRABLE INITIALLY DEFERRED;


--
-- Name: cotizaciones_cotizacion cotizaciones_cotizac_parent_quote_id_701a433a_fk_cotizacio; Type: FK CONSTRAINT; Schema: public; Owner: madmin
--

ALTER TABLE ONLY public.cotizaciones_cotizacion
    ADD CONSTRAINT cotizaciones_cotizac_parent_quote_id_701a433a_fk_cotizacio FOREIGN KEY (parent_quote_id) REFERENCES public.cotizaciones_cotizacion(id) DEFERRABLE INITIALLY DEFERRED;


--
-- Name: cotizaciones_cotizacion cotizaciones_cotizac_sucursal_id_d9e37007_fk_preferenc; Type: FK CONSTRAINT; Schema: public; Owner: madmin
--

ALTER TABLE ONLY public.cotizaciones_cotizacion
    ADD CONSTRAINT cotizaciones_cotizac_sucursal_id_d9e37007_fk_preferenc FOREIGN KEY (sucursal_id) REFERENCES public.preferencias_sucursal(id) DEFERRABLE INITIALLY DEFERRED;


--
-- Name: cotizaciones_cotizacion cotizaciones_cotizacion_empresa_id_1c525708_fk_panel_empresa_id; Type: FK CONSTRAINT; Schema: public; Owner: madmin
--

ALTER TABLE ONLY public.cotizaciones_cotizacion
    ADD CONSTRAINT cotizaciones_cotizacion_empresa_id_1c525708_fk_panel_empresa_id FOREIGN KEY (empresa_id) REFERENCES public.panel_empresa(id) DEFERRABLE INITIALLY DEFERRED;


--
-- Name: cotizaciones_cotizacion cotizaciones_cotizacion_vendedor_id_3685810f_fk_auth_user_id; Type: FK CONSTRAINT; Schema: public; Owner: madmin
--

ALTER TABLE ONLY public.cotizaciones_cotizacion
    ADD CONSTRAINT cotizaciones_cotizacion_vendedor_id_3685810f_fk_auth_user_id FOREIGN KEY (vendedor_id) REFERENCES public.auth_user(id) DEFERRABLE INITIALLY DEFERRED;


--
-- Name: cotizaciones_detallecotizacion cotizaciones_detalle_cotizacion_id_f5669320_fk_cotizacio; Type: FK CONSTRAINT; Schema: public; Owner: madmin
--

ALTER TABLE ONLY public.cotizaciones_detallecotizacion
    ADD CONSTRAINT cotizaciones_detalle_cotizacion_id_f5669320_fk_cotizacio FOREIGN KEY (cotizacion_id) REFERENCES public.cotizaciones_cotizacion(id) DEFERRABLE INITIALLY DEFERRED;


--
-- Name: cotizaciones_detallecotizacion cotizaciones_detalle_producto_id_3b92b18b_fk_core_prod; Type: FK CONSTRAINT; Schema: public; Owner: madmin
--

ALTER TABLE ONLY public.cotizaciones_detallecotizacion
    ADD CONSTRAINT cotizaciones_detalle_producto_id_3b92b18b_fk_core_prod FOREIGN KEY (producto_id) REFERENCES public.core_producto(id) DEFERRABLE INITIALLY DEFERRED;


--
-- Name: django_admin_log django_admin_log_content_type_id_c4bce8eb_fk_django_co; Type: FK CONSTRAINT; Schema: public; Owner: madmin
--

ALTER TABLE ONLY public.django_admin_log
    ADD CONSTRAINT django_admin_log_content_type_id_c4bce8eb_fk_django_co FOREIGN KEY (content_type_id) REFERENCES public.django_content_type(id) DEFERRABLE INITIALLY DEFERRED;


--
-- Name: django_admin_log django_admin_log_user_id_c564eba6_fk_auth_user_id; Type: FK CONSTRAINT; Schema: public; Owner: madmin
--

ALTER TABLE ONLY public.django_admin_log
    ADD CONSTRAINT django_admin_log_user_id_c564eba6_fk_auth_user_id FOREIGN KEY (user_id) REFERENCES public.auth_user(id) DEFERRABLE INITIALLY DEFERRED;


--
-- Name: notificaciones_notificacion notificaciones_notif_empresa_id_b40213dd_fk_panel_emp; Type: FK CONSTRAINT; Schema: public; Owner: madmin
--

ALTER TABLE ONLY public.notificaciones_notificacion
    ADD CONSTRAINT notificaciones_notif_empresa_id_b40213dd_fk_panel_emp FOREIGN KEY (empresa_id) REFERENCES public.panel_empresa(id) DEFERRABLE INITIALLY DEFERRED;


--
-- Name: notificaciones_notificacion notificaciones_notif_propietario_recurso__6a494a51_fk_auth_user; Type: FK CONSTRAINT; Schema: public; Owner: madmin
--

ALTER TABLE ONLY public.notificaciones_notificacion
    ADD CONSTRAINT notificaciones_notif_propietario_recurso__6a494a51_fk_auth_user FOREIGN KEY (propietario_recurso_id) REFERENCES public.auth_user(id) DEFERRABLE INITIALLY DEFERRED;


--
-- Name: notificaciones_notificacion notificaciones_notificacion_actor_id_abf217ac_fk_auth_user_id; Type: FK CONSTRAINT; Schema: public; Owner: madmin
--

ALTER TABLE ONLY public.notificaciones_notificacion
    ADD CONSTRAINT notificaciones_notificacion_actor_id_abf217ac_fk_auth_user_id FOREIGN KEY (actor_id) REFERENCES public.auth_user(id) DEFERRABLE INITIALLY DEFERRED;


--
-- Name: pedidos_detallepedido pedidos_detallepedid_parent_line_id_469a0736_fk_pedidos_d; Type: FK CONSTRAINT; Schema: public; Owner: madmin
--

ALTER TABLE ONLY public.pedidos_detallepedido
    ADD CONSTRAINT pedidos_detallepedid_parent_line_id_469a0736_fk_pedidos_d FOREIGN KEY (parent_line_id) REFERENCES public.pedidos_detallepedido(id) DEFERRABLE INITIALLY DEFERRED;


--
-- Name: pedidos_detallepedido pedidos_detallepedido_pedido_id_37ae55c6_fk_pedidos_pedido_id; Type: FK CONSTRAINT; Schema: public; Owner: madmin
--

ALTER TABLE ONLY public.pedidos_detallepedido
    ADD CONSTRAINT pedidos_detallepedido_pedido_id_37ae55c6_fk_pedidos_pedido_id FOREIGN KEY (pedido_id) REFERENCES public.pedidos_pedido(id) DEFERRABLE INITIALLY DEFERRED;


--
-- Name: pedidos_detallepedido pedidos_detallepedido_producto_id_fb78018a_fk_core_producto_id; Type: FK CONSTRAINT; Schema: public; Owner: madmin
--

ALTER TABLE ONLY public.pedidos_detallepedido
    ADD CONSTRAINT pedidos_detallepedido_producto_id_fb78018a_fk_core_producto_id FOREIGN KEY (producto_id) REFERENCES public.core_producto(id) DEFERRABLE INITIALLY DEFERRED;


--
-- Name: pedidos_pedido pedidos_pedido_cliente_id_84f4fc73_fk_clientes_cliente_id; Type: FK CONSTRAINT; Schema: public; Owner: madmin
--

ALTER TABLE ONLY public.pedidos_pedido
    ADD CONSTRAINT pedidos_pedido_cliente_id_84f4fc73_fk_clientes_cliente_id FOREIGN KEY (cliente_id) REFERENCES public.clientes_cliente(id) DEFERRABLE INITIALLY DEFERRED;


--
-- Name: pedidos_pedido pedidos_pedido_contacto_id_2bf2a836_fk_clientes_; Type: FK CONSTRAINT; Schema: public; Owner: madmin
--

ALTER TABLE ONLY public.pedidos_pedido
    ADD CONSTRAINT pedidos_pedido_contacto_id_2bf2a836_fk_clientes_ FOREIGN KEY (contacto_id) REFERENCES public.clientes_contactocliente(id) DEFERRABLE INITIALLY DEFERRED;


--
-- Name: pedidos_pedido pedidos_pedido_empresa_id_88ea251a_fk_panel_empresa_id; Type: FK CONSTRAINT; Schema: public; Owner: madmin
--

ALTER TABLE ONLY public.pedidos_pedido
    ADD CONSTRAINT pedidos_pedido_empresa_id_88ea251a_fk_panel_empresa_id FOREIGN KEY (empresa_id) REFERENCES public.panel_empresa(id) DEFERRABLE INITIALLY DEFERRED;


--
-- Name: pedidos_pedido pedidos_pedido_sucursal_id_83721f54_fk_preferencias_sucursal_id; Type: FK CONSTRAINT; Schema: public; Owner: madmin
--

ALTER TABLE ONLY public.pedidos_pedido
    ADD CONSTRAINT pedidos_pedido_sucursal_id_83721f54_fk_preferencias_sucursal_id FOREIGN KEY (sucursal_id) REFERENCES public.preferencias_sucursal(id) DEFERRABLE INITIALLY DEFERRED;


--
-- Name: pedidos_pedido pedidos_pedido_vendedor_id_1ab7404e_fk_auth_user_id; Type: FK CONSTRAINT; Schema: public; Owner: madmin
--

ALTER TABLE ONLY public.pedidos_pedido
    ADD CONSTRAINT pedidos_pedido_vendedor_id_1ab7404e_fk_auth_user_id FOREIGN KEY (vendedor_id) REFERENCES public.auth_user(id) DEFERRABLE INITIALLY DEFERRED;


--
-- Name: preferencias_asignacionrolusuario preferencias_asignac_empresa_id_903c4207_fk_panel_emp; Type: FK CONSTRAINT; Schema: public; Owner: madmin
--

ALTER TABLE ONLY public.preferencias_asignacionrolusuario
    ADD CONSTRAINT preferencias_asignac_empresa_id_903c4207_fk_panel_emp FOREIGN KEY (empresa_id) REFERENCES public.panel_empresa(id) DEFERRABLE INITIALLY DEFERRED;


--
-- Name: preferencias_asignacionrolusuario preferencias_asignac_rol_id_37360050_fk_preferenc; Type: FK CONSTRAINT; Schema: public; Owner: madmin
--

ALTER TABLE ONLY public.preferencias_asignacionrolusuario
    ADD CONSTRAINT preferencias_asignac_rol_id_37360050_fk_preferenc FOREIGN KEY (rol_id) REFERENCES public.preferencias_rol(id) DEFERRABLE INITIALLY DEFERRED;


--
-- Name: preferencias_asignacionrolusuario preferencias_asignac_usuario_id_179e878b_fk_auth_user; Type: FK CONSTRAINT; Schema: public; Owner: madmin
--

ALTER TABLE ONLY public.preferencias_asignacionrolusuario
    ADD CONSTRAINT preferencias_asignac_usuario_id_179e878b_fk_auth_user FOREIGN KEY (usuario_id) REFERENCES public.auth_user(id) DEFERRABLE INITIALLY DEFERRED;


--
-- Name: preferencias_moneda preferencias_moneda_empresa_id_c30b6373_fk_panel_empresa_id; Type: FK CONSTRAINT; Schema: public; Owner: madmin
--

ALTER TABLE ONLY public.preferencias_moneda
    ADD CONSTRAINT preferencias_moneda_empresa_id_c30b6373_fk_panel_empresa_id FOREIGN KEY (empresa_id) REFERENCES public.panel_empresa(id) DEFERRABLE INITIALLY DEFERRED;


--
-- Name: preferencias_moneda preferencias_moneda_responsable_id_4769389d_fk_auth_user_id; Type: FK CONSTRAINT; Schema: public; Owner: madmin
--

ALTER TABLE ONLY public.preferencias_moneda
    ADD CONSTRAINT preferencias_moneda_responsable_id_4769389d_fk_auth_user_id FOREIGN KEY (responsable_id) REFERENCES public.auth_user(id) DEFERRABLE INITIALLY DEFERRED;


--
-- Name: preferencias_permisorolmodulo preferencias_permiso_rol_id_581817ed_fk_preferenc; Type: FK CONSTRAINT; Schema: public; Owner: madmin
--

ALTER TABLE ONLY public.preferencias_permisorolmodulo
    ADD CONSTRAINT preferencias_permiso_rol_id_581817ed_fk_preferenc FOREIGN KEY (rol_id) REFERENCES public.preferencias_rol(id) DEFERRABLE INITIALLY DEFERRED;


--
-- Name: preferencias_permisorolaccion preferencias_permiso_rol_id_b14b8335_fk_preferenc; Type: FK CONSTRAINT; Schema: public; Owner: madmin
--

ALTER TABLE ONLY public.preferencias_permisorolaccion
    ADD CONSTRAINT preferencias_permiso_rol_id_b14b8335_fk_preferenc FOREIGN KEY (rol_id) REFERENCES public.preferencias_rol(id) DEFERRABLE INITIALLY DEFERRED;


--
-- Name: preferencias_rol preferencias_rol_empresa_id_8c18f71d_fk_panel_empresa_id; Type: FK CONSTRAINT; Schema: public; Owner: madmin
--

ALTER TABLE ONLY public.preferencias_rol
    ADD CONSTRAINT preferencias_rol_empresa_id_8c18f71d_fk_panel_empresa_id FOREIGN KEY (empresa_id) REFERENCES public.panel_empresa(id) DEFERRABLE INITIALLY DEFERRED;


--
-- Name: preferencias_sucursal preferencias_sucursal_empresa_id_ea1ff3e6_fk_panel_empresa_id; Type: FK CONSTRAINT; Schema: public; Owner: madmin
--

ALTER TABLE ONLY public.preferencias_sucursal
    ADD CONSTRAINT preferencias_sucursal_empresa_id_ea1ff3e6_fk_panel_empresa_id FOREIGN KEY (empresa_id) REFERENCES public.panel_empresa(id) DEFERRABLE INITIALLY DEFERRED;


--
-- Name: produccion_detalleordenproduccion produccion_detalleor_orden_produccion_id_4d4b1050_fk_produccio; Type: FK CONSTRAINT; Schema: public; Owner: madmin
--

ALTER TABLE ONLY public.produccion_detalleordenproduccion
    ADD CONSTRAINT produccion_detalleor_orden_produccion_id_4d4b1050_fk_produccio FOREIGN KEY (orden_produccion_id) REFERENCES public.produccion_ordenproduccion(id) DEFERRABLE INITIALLY DEFERRED;


--
-- Name: produccion_detalleordenproduccion produccion_detalleor_producto_id_8e507fa7_fk_core_prod; Type: FK CONSTRAINT; Schema: public; Owner: madmin
--

ALTER TABLE ONLY public.produccion_detalleordenproduccion
    ADD CONSTRAINT produccion_detalleor_producto_id_8e507fa7_fk_core_prod FOREIGN KEY (producto_id) REFERENCES public.core_producto(id) DEFERRABLE INITIALLY DEFERRED;


--
-- Name: produccion_itemtest produccion_itemtest_test_id_022b2c4b_fk_produccion_test_id; Type: FK CONSTRAINT; Schema: public; Owner: madmin
--

ALTER TABLE ONLY public.produccion_itemtest
    ADD CONSTRAINT produccion_itemtest_test_id_022b2c4b_fk_produccion_test_id FOREIGN KEY (test_id) REFERENCES public.produccion_test(id) DEFERRABLE INITIALLY DEFERRED;


--
-- Name: produccion_ordenproduccion produccion_ordenprod_almacen_id_b0ba0f18_fk_almacenes; Type: FK CONSTRAINT; Schema: public; Owner: madmin
--

ALTER TABLE ONLY public.produccion_ordenproduccion
    ADD CONSTRAINT produccion_ordenprod_almacen_id_b0ba0f18_fk_almacenes FOREIGN KEY (almacen_id) REFERENCES public.almacenes_almacen(id) DEFERRABLE INITIALLY DEFERRED;


--
-- Name: produccion_ordenproduccion produccion_ordenprod_almacen_materia_prim_9877dad2_fk_almacenes; Type: FK CONSTRAINT; Schema: public; Owner: madmin
--

ALTER TABLE ONLY public.produccion_ordenproduccion
    ADD CONSTRAINT produccion_ordenprod_almacen_materia_prim_9877dad2_fk_almacenes FOREIGN KEY (almacen_materia_prima_id) REFERENCES public.almacenes_almacen(id) DEFERRABLE INITIALLY DEFERRED;


--
-- Name: produccion_ordenproduccion produccion_ordenprod_cliente_id_8e2275d5_fk_clientes_; Type: FK CONSTRAINT; Schema: public; Owner: madmin
--

ALTER TABLE ONLY public.produccion_ordenproduccion
    ADD CONSTRAINT produccion_ordenprod_cliente_id_8e2275d5_fk_clientes_ FOREIGN KEY (cliente_id) REFERENCES public.clientes_cliente(id) DEFERRABLE INITIALLY DEFERRED;


--
-- Name: produccion_ordenproduccion produccion_ordenprod_empresa_id_1b09322c_fk_panel_emp; Type: FK CONSTRAINT; Schema: public; Owner: madmin
--

ALTER TABLE ONLY public.produccion_ordenproduccion
    ADD CONSTRAINT produccion_ordenprod_empresa_id_1b09322c_fk_panel_emp FOREIGN KEY (empresa_id) REFERENCES public.panel_empresa(id) DEFERRABLE INITIALLY DEFERRED;


--
-- Name: produccion_ordenproduccion produccion_ordenprod_pedido_origen_id_a0f9a632_fk_pedidos_p; Type: FK CONSTRAINT; Schema: public; Owner: madmin
--

ALTER TABLE ONLY public.produccion_ordenproduccion
    ADD CONSTRAINT produccion_ordenprod_pedido_origen_id_a0f9a632_fk_pedidos_p FOREIGN KEY (pedido_origen_id) REFERENCES public.pedidos_pedido(id) DEFERRABLE INITIALLY DEFERRED;


--
-- Name: produccion_ordenproduccion produccion_ordenprod_producto_id_70da30a8_fk_core_prod; Type: FK CONSTRAINT; Schema: public; Owner: madmin
--

ALTER TABLE ONLY public.produccion_ordenproduccion
    ADD CONSTRAINT produccion_ordenprod_producto_id_70da30a8_fk_core_prod FOREIGN KEY (producto_id) REFERENCES public.core_producto(id) DEFERRABLE INITIALLY DEFERRED;


--
-- Name: produccion_ordenproduccion produccion_ordenprod_responsable_id_b3dcbd3c_fk_auth_user; Type: FK CONSTRAINT; Schema: public; Owner: madmin
--

ALTER TABLE ONLY public.produccion_ordenproduccion
    ADD CONSTRAINT produccion_ordenprod_responsable_id_b3dcbd3c_fk_auth_user FOREIGN KEY (responsable_id) REFERENCES public.auth_user(id) DEFERRABLE INITIALLY DEFERRED;


--
-- Name: produccion_ordenproduccion produccion_ordenprod_solicitante_id_d8f9f349_fk_auth_user; Type: FK CONSTRAINT; Schema: public; Owner: madmin
--

ALTER TABLE ONLY public.produccion_ordenproduccion
    ADD CONSTRAINT produccion_ordenprod_solicitante_id_d8f9f349_fk_auth_user FOREIGN KEY (solicitante_id) REFERENCES public.auth_user(id) DEFERRABLE INITIALLY DEFERRED;


--
-- Name: produccion_ordenproduccion produccion_ordenprod_sucursal_id_22e7c2b1_fk_preferenc; Type: FK CONSTRAINT; Schema: public; Owner: madmin
--

ALTER TABLE ONLY public.produccion_ordenproduccion
    ADD CONSTRAINT produccion_ordenprod_sucursal_id_22e7c2b1_fk_preferenc FOREIGN KEY (sucursal_id) REFERENCES public.preferencias_sucursal(id) DEFERRABLE INITIALLY DEFERRED;


--
-- Name: produccion_resultadotestop produccion_resultado_item_test_id_2a99e7ac_fk_produccio; Type: FK CONSTRAINT; Schema: public; Owner: madmin
--

ALTER TABLE ONLY public.produccion_resultadotestop
    ADD CONSTRAINT produccion_resultado_item_test_id_2a99e7ac_fk_produccio FOREIGN KEY (item_test_id) REFERENCES public.produccion_itemtest(id) DEFERRABLE INITIALLY DEFERRED;


--
-- Name: produccion_resultadotestop produccion_resultado_orden_produccion_id_6a55d2fe_fk_produccio; Type: FK CONSTRAINT; Schema: public; Owner: madmin
--

ALTER TABLE ONLY public.produccion_resultadotestop
    ADD CONSTRAINT produccion_resultado_orden_produccion_id_6a55d2fe_fk_produccio FOREIGN KEY (orden_produccion_id) REFERENCES public.produccion_ordenproduccion(id) DEFERRABLE INITIALLY DEFERRED;


--
-- Name: produccion_resultadotestop produccion_resultado_usuario_verifico_id_6931f481_fk_auth_user; Type: FK CONSTRAINT; Schema: public; Owner: madmin
--

ALTER TABLE ONLY public.produccion_resultadotestop
    ADD CONSTRAINT produccion_resultado_usuario_verifico_id_6931f481_fk_auth_user FOREIGN KEY (usuario_verifico_id) REFERENCES public.auth_user(id) DEFERRABLE INITIALLY DEFERRED;


--
-- Name: produccion_test produccion_test_empresa_id_8e75f775_fk_panel_empresa_id; Type: FK CONSTRAINT; Schema: public; Owner: madmin
--

ALTER TABLE ONLY public.produccion_test
    ADD CONSTRAINT produccion_test_empresa_id_8e75f775_fk_panel_empresa_id FOREIGN KEY (empresa_id) REFERENCES public.panel_empresa(id) DEFERRABLE INITIALLY DEFERRED;


--
-- Name: proveedores_proveedor proveedores_proveedor_empresa_id_f8402474_fk_panel_empresa_id; Type: FK CONSTRAINT; Schema: public; Owner: madmin
--

ALTER TABLE ONLY public.proveedores_proveedor
    ADD CONSTRAINT proveedores_proveedor_empresa_id_f8402474_fk_panel_empresa_id FOREIGN KEY (empresa_id) REFERENCES public.panel_empresa(id) DEFERRABLE INITIALLY DEFERRED;


--
-- Name: proveedores_sucursalproveedor proveedores_sucursal_proveedor_id_83a644e4_fk_proveedor; Type: FK CONSTRAINT; Schema: public; Owner: madmin
--

ALTER TABLE ONLY public.proveedores_sucursalproveedor
    ADD CONSTRAINT proveedores_sucursal_proveedor_id_83a644e4_fk_proveedor FOREIGN KEY (proveedor_id) REFERENCES public.proveedores_proveedor(id) DEFERRABLE INITIALLY DEFERRED;


--
-- Name: recepciones_detallerecepcionextra recepciones_detaller_almacen_id_ee42ded1_fk_almacenes; Type: FK CONSTRAINT; Schema: public; Owner: madmin
--

ALTER TABLE ONLY public.recepciones_detallerecepcionextra
    ADD CONSTRAINT recepciones_detaller_almacen_id_ee42ded1_fk_almacenes FOREIGN KEY (almacen_id) REFERENCES public.almacenes_almacen(id) DEFERRABLE INITIALLY DEFERRED;


--
-- Name: recepciones_detallerecepcion recepciones_detaller_detalle_compra_id_5f0d3b82_fk_compras_d; Type: FK CONSTRAINT; Schema: public; Owner: madmin
--

ALTER TABLE ONLY public.recepciones_detallerecepcion
    ADD CONSTRAINT recepciones_detaller_detalle_compra_id_5f0d3b82_fk_compras_d FOREIGN KEY (detalle_compra_id) REFERENCES public.compras_detallecompra(id) DEFERRABLE INITIALLY DEFERRED;


--
-- Name: recepciones_detallerecepcionextra recepciones_detaller_detalle_recepcion_id_b821e96a_fk_recepcion; Type: FK CONSTRAINT; Schema: public; Owner: madmin
--

ALTER TABLE ONLY public.recepciones_detallerecepcionextra
    ADD CONSTRAINT recepciones_detaller_detalle_recepcion_id_b821e96a_fk_recepcion FOREIGN KEY (detalle_recepcion_id) REFERENCES public.recepciones_detallerecepcion(id) DEFERRABLE INITIALLY DEFERRED;


--
-- Name: recepciones_detallerecepcionextra recepciones_detaller_producto_id_35fdcbf8_fk_core_prod; Type: FK CONSTRAINT; Schema: public; Owner: madmin
--

ALTER TABLE ONLY public.recepciones_detallerecepcionextra
    ADD CONSTRAINT recepciones_detaller_producto_id_35fdcbf8_fk_core_prod FOREIGN KEY (producto_id) REFERENCES public.core_producto(id) DEFERRABLE INITIALLY DEFERRED;


--
-- Name: recepciones_detallerecepcion recepciones_detaller_producto_id_a30887f4_fk_core_prod; Type: FK CONSTRAINT; Schema: public; Owner: madmin
--

ALTER TABLE ONLY public.recepciones_detallerecepcion
    ADD CONSTRAINT recepciones_detaller_producto_id_a30887f4_fk_core_prod FOREIGN KEY (producto_id) REFERENCES public.core_producto(id) DEFERRABLE INITIALLY DEFERRED;


--
-- Name: recepciones_detallerecepcion recepciones_detaller_recepcion_id_f1911239_fk_recepcion; Type: FK CONSTRAINT; Schema: public; Owner: madmin
--

ALTER TABLE ONLY public.recepciones_detallerecepcion
    ADD CONSTRAINT recepciones_detaller_recepcion_id_f1911239_fk_recepcion FOREIGN KEY (recepcion_id) REFERENCES public.recepciones_recepcion(id) DEFERRABLE INITIALLY DEFERRED;


--
-- Name: recepciones_recepcion recepciones_recepcio_almacen_id_44991b19_fk_almacenes; Type: FK CONSTRAINT; Schema: public; Owner: madmin
--

ALTER TABLE ONLY public.recepciones_recepcion
    ADD CONSTRAINT recepciones_recepcio_almacen_id_44991b19_fk_almacenes FOREIGN KEY (almacen_id) REFERENCES public.almacenes_almacen(id) DEFERRABLE INITIALLY DEFERRED;


--
-- Name: recepciones_recepcion recepciones_recepcio_moneda_id_fa7eecf8_fk_preferenc; Type: FK CONSTRAINT; Schema: public; Owner: madmin
--

ALTER TABLE ONLY public.recepciones_recepcion
    ADD CONSTRAINT recepciones_recepcio_moneda_id_fa7eecf8_fk_preferenc FOREIGN KEY (moneda_id) REFERENCES public.preferencias_moneda(id) DEFERRABLE INITIALLY DEFERRED;


--
-- Name: recepciones_recepcion recepciones_recepcio_orden_compra_id_d361724c_fk_compras_o; Type: FK CONSTRAINT; Schema: public; Owner: madmin
--

ALTER TABLE ONLY public.recepciones_recepcion
    ADD CONSTRAINT recepciones_recepcio_orden_compra_id_d361724c_fk_compras_o FOREIGN KEY (orden_compra_id) REFERENCES public.compras_ordencompra(id) DEFERRABLE INITIALLY DEFERRED;


--
-- Name: recepciones_recepcion recepciones_recepcio_sucursal_id_f571c37c_fk_preferenc; Type: FK CONSTRAINT; Schema: public; Owner: madmin
--

ALTER TABLE ONLY public.recepciones_recepcion
    ADD CONSTRAINT recepciones_recepcio_sucursal_id_f571c37c_fk_preferenc FOREIGN KEY (sucursal_id) REFERENCES public.preferencias_sucursal(id) DEFERRABLE INITIALLY DEFERRED;


--
-- Name: recepciones_recepcion recepciones_recepcion_empresa_id_26608cc9_fk_panel_empresa_id; Type: FK CONSTRAINT; Schema: public; Owner: madmin
--

ALTER TABLE ONLY public.recepciones_recepcion
    ADD CONSTRAINT recepciones_recepcion_empresa_id_26608cc9_fk_panel_empresa_id FOREIGN KEY (empresa_id) REFERENCES public.panel_empresa(id) DEFERRABLE INITIALLY DEFERRED;


--
-- Name: recursos_humanos_beneficiario recursos_humanos_ben_empresa_id_a3e2e461_fk_panel_emp; Type: FK CONSTRAINT; Schema: public; Owner: madmin
--

ALTER TABLE ONLY public.recursos_humanos_beneficiario
    ADD CONSTRAINT recursos_humanos_ben_empresa_id_a3e2e461_fk_panel_emp FOREIGN KEY (empresa_id) REFERENCES public.panel_empresa(id) DEFERRABLE INITIALLY DEFERRED;


--
-- Name: recursos_humanos_beneficiario recursos_humanos_ben_sucursal_id_c1713656_fk_preferenc; Type: FK CONSTRAINT; Schema: public; Owner: madmin
--

ALTER TABLE ONLY public.recursos_humanos_beneficiario
    ADD CONSTRAINT recursos_humanos_ben_sucursal_id_c1713656_fk_preferenc FOREIGN KEY (sucursal_id) REFERENCES public.preferencias_sucursal(id) DEFERRABLE INITIALLY DEFERRED;


--
-- Name: recursos_humanos_contrato recursos_humanos_con_beneficiario_id_85fed8bc_fk_recursos_; Type: FK CONSTRAINT; Schema: public; Owner: madmin
--

ALTER TABLE ONLY public.recursos_humanos_contrato
    ADD CONSTRAINT recursos_humanos_con_beneficiario_id_85fed8bc_fk_recursos_ FOREIGN KEY (beneficiario_id) REFERENCES public.recursos_humanos_beneficiario(id) DEFERRABLE INITIALLY DEFERRED;


--
-- Name: recursos_humanos_contrato recursos_humanos_con_contratista_id_e028a5d8_fk_recursos_; Type: FK CONSTRAINT; Schema: public; Owner: madmin
--

ALTER TABLE ONLY public.recursos_humanos_contrato
    ADD CONSTRAINT recursos_humanos_con_contratista_id_e028a5d8_fk_recursos_ FOREIGN KEY (contratista_id) REFERENCES public.recursos_humanos_contratista(id) DEFERRABLE INITIALLY DEFERRED;


--
-- Name: recursos_humanos_contrato_empleados recursos_humanos_con_contrato_id_e3bfb733_fk_recursos_; Type: FK CONSTRAINT; Schema: public; Owner: madmin
--

ALTER TABLE ONLY public.recursos_humanos_contrato_empleados
    ADD CONSTRAINT recursos_humanos_con_contrato_id_e3bfb733_fk_recursos_ FOREIGN KEY (contrato_id) REFERENCES public.recursos_humanos_contrato(id) DEFERRABLE INITIALLY DEFERRED;


--
-- Name: recursos_humanos_contrato_empleados recursos_humanos_con_empleado_id_410d1806_fk_recursos_; Type: FK CONSTRAINT; Schema: public; Owner: madmin
--

ALTER TABLE ONLY public.recursos_humanos_contrato_empleados
    ADD CONSTRAINT recursos_humanos_con_empleado_id_410d1806_fk_recursos_ FOREIGN KEY (empleado_id) REFERENCES public.recursos_humanos_empleado(id) DEFERRABLE INITIALLY DEFERRED;


--
-- Name: recursos_humanos_contratista recursos_humanos_con_empresa_id_51f1e60d_fk_panel_emp; Type: FK CONSTRAINT; Schema: public; Owner: madmin
--

ALTER TABLE ONLY public.recursos_humanos_contratista
    ADD CONSTRAINT recursos_humanos_con_empresa_id_51f1e60d_fk_panel_emp FOREIGN KEY (empresa_id) REFERENCES public.panel_empresa(id) DEFERRABLE INITIALLY DEFERRED;


--
-- Name: recursos_humanos_contrato recursos_humanos_con_empresa_id_e2bee0b6_fk_panel_emp; Type: FK CONSTRAINT; Schema: public; Owner: madmin
--

ALTER TABLE ONLY public.recursos_humanos_contrato
    ADD CONSTRAINT recursos_humanos_con_empresa_id_e2bee0b6_fk_panel_emp FOREIGN KEY (empresa_id) REFERENCES public.panel_empresa(id) DEFERRABLE INITIALLY DEFERRED;


--
-- Name: recursos_humanos_contratista recursos_humanos_con_sucursal_id_8e963931_fk_preferenc; Type: FK CONSTRAINT; Schema: public; Owner: madmin
--

ALTER TABLE ONLY public.recursos_humanos_contratista
    ADD CONSTRAINT recursos_humanos_con_sucursal_id_8e963931_fk_preferenc FOREIGN KEY (sucursal_id) REFERENCES public.preferencias_sucursal(id) DEFERRABLE INITIALLY DEFERRED;


--
-- Name: recursos_humanos_contrato recursos_humanos_con_sucursal_id_d22d7cac_fk_preferenc; Type: FK CONSTRAINT; Schema: public; Owner: madmin
--

ALTER TABLE ONLY public.recursos_humanos_contrato
    ADD CONSTRAINT recursos_humanos_con_sucursal_id_d22d7cac_fk_preferenc FOREIGN KEY (sucursal_id) REFERENCES public.preferencias_sucursal(id) DEFERRABLE INITIALLY DEFERRED;


--
-- Name: recursos_humanos_empleado recursos_humanos_emp_beneficiario_id_18222efd_fk_recursos_; Type: FK CONSTRAINT; Schema: public; Owner: madmin
--

ALTER TABLE ONLY public.recursos_humanos_empleado
    ADD CONSTRAINT recursos_humanos_emp_beneficiario_id_18222efd_fk_recursos_ FOREIGN KEY (beneficiario_id) REFERENCES public.recursos_humanos_beneficiario(id) DEFERRABLE INITIALLY DEFERRED;


--
-- Name: recursos_humanos_empleado recursos_humanos_emp_contratista_id_f703e65c_fk_recursos_; Type: FK CONSTRAINT; Schema: public; Owner: madmin
--

ALTER TABLE ONLY public.recursos_humanos_empleado
    ADD CONSTRAINT recursos_humanos_emp_contratista_id_f703e65c_fk_recursos_ FOREIGN KEY (contratista_id) REFERENCES public.recursos_humanos_contratista(id) DEFERRABLE INITIALLY DEFERRED;


--
-- Name: recursos_humanos_empleado recursos_humanos_emp_empresa_id_16fd396e_fk_panel_emp; Type: FK CONSTRAINT; Schema: public; Owner: madmin
--

ALTER TABLE ONLY public.recursos_humanos_empleado
    ADD CONSTRAINT recursos_humanos_emp_empresa_id_16fd396e_fk_panel_emp FOREIGN KEY (empresa_id) REFERENCES public.panel_empresa(id) DEFERRABLE INITIALLY DEFERRED;


--
-- Name: recursos_humanos_empleado recursos_humanos_emp_sucursal_id_917b2c81_fk_preferenc; Type: FK CONSTRAINT; Schema: public; Owner: madmin
--

ALTER TABLE ONLY public.recursos_humanos_empleado
    ADD CONSTRAINT recursos_humanos_emp_sucursal_id_917b2c81_fk_preferenc FOREIGN KEY (sucursal_id) REFERENCES public.preferencias_sucursal(id) DEFERRABLE INITIALLY DEFERRED;


--
-- Name: recursos_humanos_importacionsua recursos_humanos_imp_empresa_id_76189fbb_fk_panel_emp; Type: FK CONSTRAINT; Schema: public; Owner: madmin
--

ALTER TABLE ONLY public.recursos_humanos_importacionsua
    ADD CONSTRAINT recursos_humanos_imp_empresa_id_76189fbb_fk_panel_emp FOREIGN KEY (empresa_id) REFERENCES public.panel_empresa(id) DEFERRABLE INITIALLY DEFERRED;


--
-- Name: recursos_humanos_importacionsua recursos_humanos_imp_sucursal_id_7fce5a70_fk_preferenc; Type: FK CONSTRAINT; Schema: public; Owner: madmin
--

ALTER TABLE ONLY public.recursos_humanos_importacionsua
    ADD CONSTRAINT recursos_humanos_imp_sucursal_id_7fce5a70_fk_preferenc FOREIGN KEY (sucursal_id) REFERENCES public.preferencias_sucursal(id) DEFERRABLE INITIALLY DEFERRED;


--
-- Name: recursos_humanos_nomina recursos_humanos_nom_empleado_id_d3e6646f_fk_recursos_; Type: FK CONSTRAINT; Schema: public; Owner: madmin
--

ALTER TABLE ONLY public.recursos_humanos_nomina
    ADD CONSTRAINT recursos_humanos_nom_empleado_id_d3e6646f_fk_recursos_ FOREIGN KEY (empleado_id) REFERENCES public.recursos_humanos_empleado(id) DEFERRABLE INITIALLY DEFERRED;


--
-- Name: recursos_humanos_nomina recursos_humanos_nom_sucursal_id_41c7dcdd_fk_preferenc; Type: FK CONSTRAINT; Schema: public; Owner: madmin
--

ALTER TABLE ONLY public.recursos_humanos_nomina
    ADD CONSTRAINT recursos_humanos_nom_sucursal_id_41c7dcdd_fk_preferenc FOREIGN KEY (sucursal_id) REFERENCES public.preferencias_sucursal(id) DEFERRABLE INITIALLY DEFERRED;


--
-- Name: recursos_humanos_nomina recursos_humanos_nomina_empresa_id_521c2f36_fk_panel_empresa_id; Type: FK CONSTRAINT; Schema: public; Owner: madmin
--

ALTER TABLE ONLY public.recursos_humanos_nomina
    ADD CONSTRAINT recursos_humanos_nomina_empresa_id_521c2f36_fk_panel_empresa_id FOREIGN KEY (empresa_id) REFERENCES public.panel_empresa(id) DEFERRABLE INITIALLY DEFERRED;


--
-- Name: recursos_humanos_trabajadorsua recursos_humanos_tra_importacion_id_28691274_fk_recursos_; Type: FK CONSTRAINT; Schema: public; Owner: madmin
--

ALTER TABLE ONLY public.recursos_humanos_trabajadorsua
    ADD CONSTRAINT recursos_humanos_tra_importacion_id_28691274_fk_recursos_ FOREIGN KEY (importacion_id) REFERENCES public.recursos_humanos_importacionsua(id) DEFERRABLE INITIALLY DEFERRED;


--
-- Name: solicitudcompras_detallesolicitudcompra solicitudcompras_det_almacen_id_9bfc7009_fk_almacenes; Type: FK CONSTRAINT; Schema: public; Owner: madmin
--

ALTER TABLE ONLY public.solicitudcompras_detallesolicitudcompra
    ADD CONSTRAINT solicitudcompras_det_almacen_id_9bfc7009_fk_almacenes FOREIGN KEY (almacen_id) REFERENCES public.almacenes_almacen(id) DEFERRABLE INITIALLY DEFERRED;


--
-- Name: solicitudcompras_detallesolicitudcompra solicitudcompras_det_detalle_pedido_orige_1aa6dac5_fk_pedidos_d; Type: FK CONSTRAINT; Schema: public; Owner: madmin
--

ALTER TABLE ONLY public.solicitudcompras_detallesolicitudcompra
    ADD CONSTRAINT solicitudcompras_det_detalle_pedido_orige_1aa6dac5_fk_pedidos_d FOREIGN KEY (detalle_pedido_origen_id) REFERENCES public.pedidos_detallepedido(id) DEFERRABLE INITIALLY DEFERRED;


--
-- Name: solicitudcompras_detallesolicitudcompra solicitudcompras_det_lista_id_4dee9864_fk_categoria; Type: FK CONSTRAINT; Schema: public; Owner: madmin
--

ALTER TABLE ONLY public.solicitudcompras_detallesolicitudcompra
    ADD CONSTRAINT solicitudcompras_det_lista_id_4dee9864_fk_categoria FOREIGN KEY (lista_id) REFERENCES public.categorias_listapreciocosto(id) DEFERRABLE INITIALLY DEFERRED;


--
-- Name: solicitudcompras_detallesolicitudcompra solicitudcompras_det_moneda_id_4afc8a32_fk_preferenc; Type: FK CONSTRAINT; Schema: public; Owner: madmin
--

ALTER TABLE ONLY public.solicitudcompras_detallesolicitudcompra
    ADD CONSTRAINT solicitudcompras_det_moneda_id_4afc8a32_fk_preferenc FOREIGN KEY (moneda_id) REFERENCES public.preferencias_moneda(id) DEFERRABLE INITIALLY DEFERRED;


--
-- Name: solicitudcompras_detallesolicitudcompra solicitudcompras_det_producto_id_da45d513_fk_core_prod; Type: FK CONSTRAINT; Schema: public; Owner: madmin
--

ALTER TABLE ONLY public.solicitudcompras_detallesolicitudcompra
    ADD CONSTRAINT solicitudcompras_det_producto_id_da45d513_fk_core_prod FOREIGN KEY (producto_id) REFERENCES public.core_producto(id) DEFERRABLE INITIALLY DEFERRED;


--
-- Name: solicitudcompras_detallesolicitudcompra solicitudcompras_det_proveedor_id_486012fa_fk_proveedor; Type: FK CONSTRAINT; Schema: public; Owner: madmin
--

ALTER TABLE ONLY public.solicitudcompras_detallesolicitudcompra
    ADD CONSTRAINT solicitudcompras_det_proveedor_id_486012fa_fk_proveedor FOREIGN KEY (proveedor_id) REFERENCES public.proveedores_proveedor(id) DEFERRABLE INITIALLY DEFERRED;


--
-- Name: solicitudcompras_detallesolicitudcompra solicitudcompras_det_solicitud_id_d5ebb2ca_fk_solicitud; Type: FK CONSTRAINT; Schema: public; Owner: madmin
--

ALTER TABLE ONLY public.solicitudcompras_detallesolicitudcompra
    ADD CONSTRAINT solicitudcompras_det_solicitud_id_d5ebb2ca_fk_solicitud FOREIGN KEY (solicitud_id) REFERENCES public.solicitudcompras_solicitudcompra(id) DEFERRABLE INITIALLY DEFERRED;


--
-- Name: solicitudcompras_detallesolicitudcompra solicitudcompras_det_sucursal_id_0db7d68f_fk_proveedor; Type: FK CONSTRAINT; Schema: public; Owner: madmin
--

ALTER TABLE ONLY public.solicitudcompras_detallesolicitudcompra
    ADD CONSTRAINT solicitudcompras_det_sucursal_id_0db7d68f_fk_proveedor FOREIGN KEY (sucursal_id) REFERENCES public.proveedores_sucursalproveedor(id) DEFERRABLE INITIALLY DEFERRED;


--
-- Name: solicitudcompras_solicitudcompra solicitudcompras_sol_empresa_id_1a2e52ef_fk_panel_emp; Type: FK CONSTRAINT; Schema: public; Owner: madmin
--

ALTER TABLE ONLY public.solicitudcompras_solicitudcompra
    ADD CONSTRAINT solicitudcompras_sol_empresa_id_1a2e52ef_fk_panel_emp FOREIGN KEY (empresa_id) REFERENCES public.panel_empresa(id) DEFERRABLE INITIALLY DEFERRED;


--
-- Name: solicitudcompras_solicitudcompra solicitudcompras_sol_pedido_origen_id_1a25cbb1_fk_pedidos_p; Type: FK CONSTRAINT; Schema: public; Owner: madmin
--

ALTER TABLE ONLY public.solicitudcompras_solicitudcompra
    ADD CONSTRAINT solicitudcompras_sol_pedido_origen_id_1a25cbb1_fk_pedidos_p FOREIGN KEY (pedido_origen_id) REFERENCES public.pedidos_pedido(id) DEFERRABLE INITIALLY DEFERRED;


--
-- Name: solicitudcompras_solicitudcompra solicitudcompras_sol_solicitante_id_b0c98987_fk_auth_user; Type: FK CONSTRAINT; Schema: public; Owner: madmin
--

ALTER TABLE ONLY public.solicitudcompras_solicitudcompra
    ADD CONSTRAINT solicitudcompras_sol_solicitante_id_b0c98987_fk_auth_user FOREIGN KEY (solicitante_id) REFERENCES public.auth_user(id) DEFERRABLE INITIALLY DEFERRED;


--
-- Name: solicitudcompras_solicitudcompra solicitudcompras_sol_sucursal_id_6ffc068e_fk_preferenc; Type: FK CONSTRAINT; Schema: public; Owner: madmin
--

ALTER TABLE ONLY public.solicitudcompras_solicitudcompra
    ADD CONSTRAINT solicitudcompras_sol_sucursal_id_6ffc068e_fk_preferenc FOREIGN KEY (sucursal_id) REFERENCES public.preferencias_sucursal(id) DEFERRABLE INITIALLY DEFERRED;


--
-- Name: tesoreria_cajabanco tesoreria_cajabanco_empresa_id_2011dc82_fk_panel_empresa_id; Type: FK CONSTRAINT; Schema: public; Owner: madmin
--

ALTER TABLE ONLY public.tesoreria_cajabanco
    ADD CONSTRAINT tesoreria_cajabanco_empresa_id_2011dc82_fk_panel_empresa_id FOREIGN KEY (empresa_id) REFERENCES public.panel_empresa(id) DEFERRABLE INITIALLY DEFERRED;


--
-- Name: tesoreria_cajabanco tesoreria_cajabanco_moneda_id_68e091d7_fk_preferenc; Type: FK CONSTRAINT; Schema: public; Owner: madmin
--

ALTER TABLE ONLY public.tesoreria_cajabanco
    ADD CONSTRAINT tesoreria_cajabanco_moneda_id_68e091d7_fk_preferenc FOREIGN KEY (moneda_id) REFERENCES public.preferencias_moneda(id) DEFERRABLE INITIALLY DEFERRED;


--
-- Name: tesoreria_cajabanco tesoreria_cajabanco_sucursal_id_5c31a139_fk_preferenc; Type: FK CONSTRAINT; Schema: public; Owner: madmin
--

ALTER TABLE ONLY public.tesoreria_cajabanco
    ADD CONSTRAINT tesoreria_cajabanco_sucursal_id_5c31a139_fk_preferenc FOREIGN KEY (sucursal_id) REFERENCES public.preferencias_sucursal(id) DEFERRABLE INITIALLY DEFERRED;


--
-- Name: tesoreria_egreso tesoreria_egreso_caja_banco_id_badd26d0_fk_tesoreria; Type: FK CONSTRAINT; Schema: public; Owner: madmin
--

ALTER TABLE ONLY public.tesoreria_egreso
    ADD CONSTRAINT tesoreria_egreso_caja_banco_id_badd26d0_fk_tesoreria FOREIGN KEY (caja_banco_id) REFERENCES public.tesoreria_cajabanco(id) DEFERRABLE INITIALLY DEFERRED;


--
-- Name: tesoreria_egreso tesoreria_egreso_empresa_id_bce47c13_fk_panel_empresa_id; Type: FK CONSTRAINT; Schema: public; Owner: madmin
--

ALTER TABLE ONLY public.tesoreria_egreso
    ADD CONSTRAINT tesoreria_egreso_empresa_id_bce47c13_fk_panel_empresa_id FOREIGN KEY (empresa_id) REFERENCES public.panel_empresa(id) DEFERRABLE INITIALLY DEFERRED;


--
-- Name: tesoreria_egreso tesoreria_egreso_moneda_id_83bdbfdf_fk_preferencias_moneda_id; Type: FK CONSTRAINT; Schema: public; Owner: madmin
--

ALTER TABLE ONLY public.tesoreria_egreso
    ADD CONSTRAINT tesoreria_egreso_moneda_id_83bdbfdf_fk_preferencias_moneda_id FOREIGN KEY (moneda_id) REFERENCES public.preferencias_moneda(id) DEFERRABLE INITIALLY DEFERRED;


--
-- Name: tesoreria_egreso tesoreria_egreso_pago_compra_id_dc1ae9eb_fk_tesoreria; Type: FK CONSTRAINT; Schema: public; Owner: madmin
--

ALTER TABLE ONLY public.tesoreria_egreso
    ADD CONSTRAINT tesoreria_egreso_pago_compra_id_dc1ae9eb_fk_tesoreria FOREIGN KEY (pago_compra_id) REFERENCES public.tesoreria_pagocompra(id) DEFERRABLE INITIALLY DEFERRED;


--
-- Name: tesoreria_egreso tesoreria_egreso_sucursal_id_604e67d1_fk_preferenc; Type: FK CONSTRAINT; Schema: public; Owner: madmin
--

ALTER TABLE ONLY public.tesoreria_egreso
    ADD CONSTRAINT tesoreria_egreso_sucursal_id_604e67d1_fk_preferenc FOREIGN KEY (sucursal_id) REFERENCES public.preferencias_sucursal(id) DEFERRABLE INITIALLY DEFERRED;


--
-- Name: tesoreria_ingreso tesoreria_ingreso_caja_banco_id_ca7e9018_fk_tesoreria; Type: FK CONSTRAINT; Schema: public; Owner: madmin
--

ALTER TABLE ONLY public.tesoreria_ingreso
    ADD CONSTRAINT tesoreria_ingreso_caja_banco_id_ca7e9018_fk_tesoreria FOREIGN KEY (caja_banco_id) REFERENCES public.tesoreria_cajabanco(id) DEFERRABLE INITIALLY DEFERRED;


--
-- Name: tesoreria_ingreso tesoreria_ingreso_empresa_id_9dad1036_fk_panel_empresa_id; Type: FK CONSTRAINT; Schema: public; Owner: madmin
--

ALTER TABLE ONLY public.tesoreria_ingreso
    ADD CONSTRAINT tesoreria_ingreso_empresa_id_9dad1036_fk_panel_empresa_id FOREIGN KEY (empresa_id) REFERENCES public.panel_empresa(id) DEFERRABLE INITIALLY DEFERRED;


--
-- Name: tesoreria_ingreso tesoreria_ingreso_moneda_id_ed2389c9_fk_preferencias_moneda_id; Type: FK CONSTRAINT; Schema: public; Owner: madmin
--

ALTER TABLE ONLY public.tesoreria_ingreso
    ADD CONSTRAINT tesoreria_ingreso_moneda_id_ed2389c9_fk_preferencias_moneda_id FOREIGN KEY (moneda_id) REFERENCES public.preferencias_moneda(id) DEFERRABLE INITIALLY DEFERRED;


--
-- Name: tesoreria_ingreso tesoreria_ingreso_pago_pedido_id_cd41cad8_fk_tesoreria; Type: FK CONSTRAINT; Schema: public; Owner: madmin
--

ALTER TABLE ONLY public.tesoreria_ingreso
    ADD CONSTRAINT tesoreria_ingreso_pago_pedido_id_cd41cad8_fk_tesoreria FOREIGN KEY (pago_pedido_id) REFERENCES public.tesoreria_pagopedido(id) DEFERRABLE INITIALLY DEFERRED;


--
-- Name: tesoreria_ingreso tesoreria_ingreso_sucursal_id_6b893572_fk_preferenc; Type: FK CONSTRAINT; Schema: public; Owner: madmin
--

ALTER TABLE ONLY public.tesoreria_ingreso
    ADD CONSTRAINT tesoreria_ingreso_sucursal_id_6b893572_fk_preferenc FOREIGN KEY (sucursal_id) REFERENCES public.preferencias_sucursal(id) DEFERRABLE INITIALLY DEFERRED;


--
-- Name: tesoreria_pagocompra tesoreria_pagocompra_caja_banco_id_bbea5526_fk_tesoreria; Type: FK CONSTRAINT; Schema: public; Owner: madmin
--

ALTER TABLE ONLY public.tesoreria_pagocompra
    ADD CONSTRAINT tesoreria_pagocompra_caja_banco_id_bbea5526_fk_tesoreria FOREIGN KEY (caja_banco_id) REFERENCES public.tesoreria_cajabanco(id) DEFERRABLE INITIALLY DEFERRED;


--
-- Name: tesoreria_pagocompra tesoreria_pagocompra_empresa_id_67829c90_fk_panel_empresa_id; Type: FK CONSTRAINT; Schema: public; Owner: madmin
--

ALTER TABLE ONLY public.tesoreria_pagocompra
    ADD CONSTRAINT tesoreria_pagocompra_empresa_id_67829c90_fk_panel_empresa_id FOREIGN KEY (empresa_id) REFERENCES public.panel_empresa(id) DEFERRABLE INITIALLY DEFERRED;


--
-- Name: tesoreria_pagocompra tesoreria_pagocompra_moneda_id_5a46a304_fk_preferenc; Type: FK CONSTRAINT; Schema: public; Owner: madmin
--

ALTER TABLE ONLY public.tesoreria_pagocompra
    ADD CONSTRAINT tesoreria_pagocompra_moneda_id_5a46a304_fk_preferenc FOREIGN KEY (moneda_id) REFERENCES public.preferencias_moneda(id) DEFERRABLE INITIALLY DEFERRED;


--
-- Name: tesoreria_pagocompra tesoreria_pagocompra_orden_compra_id_4e10451f_fk_compras_o; Type: FK CONSTRAINT; Schema: public; Owner: madmin
--

ALTER TABLE ONLY public.tesoreria_pagocompra
    ADD CONSTRAINT tesoreria_pagocompra_orden_compra_id_4e10451f_fk_compras_o FOREIGN KEY (orden_compra_id) REFERENCES public.compras_ordencompra(id) DEFERRABLE INITIALLY DEFERRED;


--
-- Name: tesoreria_pagocompra tesoreria_pagocompra_sucursal_id_88c2b429_fk_preferenc; Type: FK CONSTRAINT; Schema: public; Owner: madmin
--

ALTER TABLE ONLY public.tesoreria_pagocompra
    ADD CONSTRAINT tesoreria_pagocompra_sucursal_id_88c2b429_fk_preferenc FOREIGN KEY (sucursal_id) REFERENCES public.preferencias_sucursal(id) DEFERRABLE INITIALLY DEFERRED;


--
-- Name: tesoreria_pagopedido tesoreria_pagopedido_caja_banco_id_df36876e_fk_tesoreria; Type: FK CONSTRAINT; Schema: public; Owner: madmin
--

ALTER TABLE ONLY public.tesoreria_pagopedido
    ADD CONSTRAINT tesoreria_pagopedido_caja_banco_id_df36876e_fk_tesoreria FOREIGN KEY (caja_banco_id) REFERENCES public.tesoreria_cajabanco(id) DEFERRABLE INITIALLY DEFERRED;


--
-- Name: tesoreria_pagopedido tesoreria_pagopedido_empresa_id_97b48e5f_fk_panel_empresa_id; Type: FK CONSTRAINT; Schema: public; Owner: madmin
--

ALTER TABLE ONLY public.tesoreria_pagopedido
    ADD CONSTRAINT tesoreria_pagopedido_empresa_id_97b48e5f_fk_panel_empresa_id FOREIGN KEY (empresa_id) REFERENCES public.panel_empresa(id) DEFERRABLE INITIALLY DEFERRED;


--
-- Name: tesoreria_pagopedido tesoreria_pagopedido_moneda_id_72f8b340_fk_preferenc; Type: FK CONSTRAINT; Schema: public; Owner: madmin
--

ALTER TABLE ONLY public.tesoreria_pagopedido
    ADD CONSTRAINT tesoreria_pagopedido_moneda_id_72f8b340_fk_preferenc FOREIGN KEY (moneda_id) REFERENCES public.preferencias_moneda(id) DEFERRABLE INITIALLY DEFERRED;


--
-- Name: tesoreria_pagopedido tesoreria_pagopedido_pedido_id_828dccf5_fk_pedidos_pedido_id; Type: FK CONSTRAINT; Schema: public; Owner: madmin
--

ALTER TABLE ONLY public.tesoreria_pagopedido
    ADD CONSTRAINT tesoreria_pagopedido_pedido_id_828dccf5_fk_pedidos_pedido_id FOREIGN KEY (pedido_id) REFERENCES public.pedidos_pedido(id) DEFERRABLE INITIALLY DEFERRED;


--
-- Name: tesoreria_pagopedido tesoreria_pagopedido_sucursal_id_24d3256a_fk_preferenc; Type: FK CONSTRAINT; Schema: public; Owner: madmin
--

ALTER TABLE ONLY public.tesoreria_pagopedido
    ADD CONSTRAINT tesoreria_pagopedido_sucursal_id_24d3256a_fk_preferenc FOREIGN KEY (sucursal_id) REFERENCES public.preferencias_sucursal(id) DEFERRABLE INITIALLY DEFERRED;


--
-- Name: ventas_detalleordenventa ventas_detalleordenv_orden_venta_id_28f11661_fk_ventas_or; Type: FK CONSTRAINT; Schema: public; Owner: madmin
--

ALTER TABLE ONLY public.ventas_detalleordenventa
    ADD CONSTRAINT ventas_detalleordenv_orden_venta_id_28f11661_fk_ventas_or FOREIGN KEY (orden_venta_id) REFERENCES public.ventas_ordenventa(id) DEFERRABLE INITIALLY DEFERRED;


--
-- Name: ventas_detalleordenventa ventas_detalleordenv_producto_id_ef240449_fk_core_prod; Type: FK CONSTRAINT; Schema: public; Owner: madmin
--

ALTER TABLE ONLY public.ventas_detalleordenventa
    ADD CONSTRAINT ventas_detalleordenv_producto_id_ef240449_fk_core_prod FOREIGN KEY (producto_id) REFERENCES public.core_producto(id) DEFERRABLE INITIALLY DEFERRED;


--
-- Name: ventas_ordenventa ventas_ordenventa_almacen_id_a3c31ad1_fk_almacenes_almacen_id; Type: FK CONSTRAINT; Schema: public; Owner: madmin
--

ALTER TABLE ONLY public.ventas_ordenventa
    ADD CONSTRAINT ventas_ordenventa_almacen_id_a3c31ad1_fk_almacenes_almacen_id FOREIGN KEY (almacen_id) REFERENCES public.almacenes_almacen(id) DEFERRABLE INITIALLY DEFERRED;


--
-- Name: ventas_ordenventa ventas_ordenventa_cliente_id_fc8eed4a_fk_clientes_cliente_id; Type: FK CONSTRAINT; Schema: public; Owner: madmin
--

ALTER TABLE ONLY public.ventas_ordenventa
    ADD CONSTRAINT ventas_ordenventa_cliente_id_fc8eed4a_fk_clientes_cliente_id FOREIGN KEY (cliente_id) REFERENCES public.clientes_cliente(id) DEFERRABLE INITIALLY DEFERRED;


--
-- Name: ventas_ordenventa ventas_ordenventa_empresa_id_cccf5f3d_fk_panel_empresa_id; Type: FK CONSTRAINT; Schema: public; Owner: madmin
--

ALTER TABLE ONLY public.ventas_ordenventa
    ADD CONSTRAINT ventas_ordenventa_empresa_id_cccf5f3d_fk_panel_empresa_id FOREIGN KEY (empresa_id) REFERENCES public.panel_empresa(id) DEFERRABLE INITIALLY DEFERRED;


--
-- Name: ventas_ordenventa ventas_ordenventa_parent_orden_id_06f86c7f_fk_ventas_or; Type: FK CONSTRAINT; Schema: public; Owner: madmin
--

ALTER TABLE ONLY public.ventas_ordenventa
    ADD CONSTRAINT ventas_ordenventa_parent_orden_id_06f86c7f_fk_ventas_or FOREIGN KEY (parent_orden_id) REFERENCES public.ventas_ordenventa(id) DEFERRABLE INITIALLY DEFERRED;


--
-- Name: ventas_ordenventa ventas_ordenventa_pedido_origen_id_12fc79cd_fk_pedidos_p; Type: FK CONSTRAINT; Schema: public; Owner: madmin
--

ALTER TABLE ONLY public.ventas_ordenventa
    ADD CONSTRAINT ventas_ordenventa_pedido_origen_id_12fc79cd_fk_pedidos_p FOREIGN KEY (pedido_origen_id) REFERENCES public.pedidos_pedido(id) DEFERRABLE INITIALLY DEFERRED;


--
-- Name: ventas_ordenventa ventas_ordenventa_sucursal_id_59ae853d_fk_preferenc; Type: FK CONSTRAINT; Schema: public; Owner: madmin
--

ALTER TABLE ONLY public.ventas_ordenventa
    ADD CONSTRAINT ventas_ordenventa_sucursal_id_59ae853d_fk_preferenc FOREIGN KEY (sucursal_id) REFERENCES public.preferencias_sucursal(id) DEFERRABLE INITIALLY DEFERRED;


--
-- Name: ventas_ordenventa ventas_ordenventa_vendedor_id_058de01d_fk_auth_user_id; Type: FK CONSTRAINT; Schema: public; Owner: madmin
--

ALTER TABLE ONLY public.ventas_ordenventa
    ADD CONSTRAINT ventas_ordenventa_vendedor_id_058de01d_fk_auth_user_id FOREIGN KEY (vendedor_id) REFERENCES public.auth_user(id) DEFERRABLE INITIALLY DEFERRED;


--
-- PostgreSQL database dump complete
--

\unrestrict cQmddURvgrX2OCyknSsI99C0O8s4O5sRNJ2cpCoqd2c2ZCkbqPmKHlIafhRl05s

